"Commit","Data","Classificacao_ownership","Desenvolvedor","Total"
"251a39e3f2061e8806471132807a0710faf9a662","2000-12-01","Major",2,3663
"2d6dfb3064ca60f31d6ff8278a3b6c7bbb0e8260","2000-12-01","Major",3,3663
"2d75c7fa1e4c372d0caf45f4cd45843a00ffbdbb","2000-12-01","Major",2,3663
"5444286ae10582bf6d7d1f41c40873361c368b64","2000-12-01","Major",2,3663
"802764bbc006b3eea86131b798b288d367b8ebc5","2000-12-01","Major",3,3663
"a174f038629d2e5d29e58784c0896372d41bcd7f","2000-12-01","Major",1,3663
"b2e24ed70feae49968b54bdc9bae209470e038a6","2000-12-01","Major",3,3663
"d3856d468d736cc40e0e8a72db4effcfb2628d92","2000-12-01","Major",3,3663
"ee40cef78df148f9f96978e0be9e591edfa5853d","2000-12-01","Major",2,3663
"ee96b4977192b02b68d9f26e1834dc37e4275f13","2000-12-01","Major",1,3663
"f0561c6fc84e2205041e3b18bdea1dfa2b589f84","2000-12-01","Major",1,3663
"06bb60dc2108ceb8f212dc3d81a587eeb7c57a99","2001-01-01","Major",2,3663
"3d9ffb4f5af5ff716c5e9b22f987bb0b944678f6","2001-01-01","Major",1,3663
"47d1992e9bda15f604df3dada2ef7ca0e74b4bb2","2001-01-01","Major",4,3663
"5172fd6d5c8458cbdcc6f8058a4cfa7f88a656cc","2001-01-01","Major",1,3663
"5937f71660817041af0b60003113d339b5d790d6","2001-01-01","Major",2,3663
"7922b820cc724f1d99644407fc10a1dd80bc6438","2001-01-01","Major",3,3663
"8d85fc463688c557b4af8476367b00e3d18b6413","2001-01-01","Major",2,3663
"994416ece7c515942ef9edf3539c470511252b4c","2001-01-01","Major",3,3663
"b99d740949b95626dcdf4070c83897a178356fc5","2001-01-01","Major",1,3663
"c5b78cd11dff78c593db6f4734ed9e8e9e528d59","2001-01-01","Major",1,3663
"d087f7492012c2a0232becdcb4146d525db8fca2","2001-01-01","Major",1,3663
"d90bb8fa19081d268c5ae72770d36e7a0d571cd4","2001-01-01","Major",2,3663
"e7e3a47686e6439b3512883a81b4c45bca5869f8","2001-01-01","Major",1,3663
"ee93b12371e5c5277900eb38a9133dcddcb2bb8b","2001-01-01","Major",2,3663
"5ea4f1603bf282a30a22fef77b4a486373b51ebf","2001-02-01","Major",7,3663
"61fee5ff2ebc9399c72259f3a50ec6c0f1abfd84","2001-02-01","Major",1,3663
"62deaae2552334518da82ceb4e00176f08c5ee0c","2001-02-01","Major",7,3663
"81728d43c559bf1c2d41715c9d4f2a21884be5e5","2001-02-01","Major",2,3663
"a0a00351961b25525bb26abac10a0fd4d44f68ce","2001-02-01","Major",7,3663
"a1cebf034f5304143bd61e5712cbf2c7a137d69c","2001-02-01","Major",2,3663
"b30a3c8ba3684e238bfd061275fba4cebdb27689","2001-02-01","Major",2,3663
"d30475d2f8defb01c8879da1b15afe7dc2d2d4f5","2001-02-01","Major",2,3663
"178a538ce7510e457593c05c7e44adb826917aa7","2001-03-01","Major",16,3663
"1cb19005d36d848a9635122ed54758b0d4f5cae3","2001-03-01","Major",2,3663
"667b7c68d4b244378ab2363e2dc6e1ce4a9fafe4","2001-03-01","Major",2,3663
"882f9191d08eb6eb64f98bf0cb2a45325f2f48de","2001-03-01","Major",1,3663
"cef1d910a63b71f0807caed2c1142510f70ca9dd","2001-03-01","Major",2,3663
"d44290470db0b14d640576243536ea73e45ebf7f","2001-03-01","Major",1,3663
"6d19f3e68a0d0383d723adfccf5fa06c7c09c9fa","2001-04-01","Major",5,3663
"37e6bae45e3205e9db4c23f011dc04240c0436b9","2001-05-01","Major",1,3663
"71d35fbda475ef8f153e21701e57036739dd02d3","2001-05-01","Major",1,3663
"c93b9dd4dff27cb4c52c3656d6d5a40bd03b0745","2001-05-01","Major",1,3663
"d83827ff2971d1cb4fa677adcb03c2d57995f8fa","2001-05-01","Major",2,3663
"ec5f857bf750c7b97e15b823ccf4fb32caace61f","2001-05-01","Major",2,3663
"0415875ee63e605c4ea31804579a4d9389b7536e","2001-06-01","Major",1,3663
"09676280464d06d9da8ae6c586f7cedc7f1ba993","2001-06-01","Major",1,3663
"3ef91e1f671f02f0034446e1ca78532259fb6dbb","2001-06-01","Major",1,3663
"76c52c4321cca3d28ee87c981c009250d0bd9848","2001-06-01","Major",1,3663
"7dcb4661d4c57f9c52c194b1bbb275e18651a095","2001-06-01","Major",1,3663
"9de4d3a220062ad805f90aadfe28e9af4abb5574","2001-06-01","Major",8,3663
"a004f628da9bc3ea3656af29fc56decb4f160d87","2001-06-01","Major",3,3663
"b2880d1e92e53909f124144cd62a93373ec66409","2001-06-01","Major",1,3663
"c6a12ead2b5d389aa0e7d5c1abf1acd3527d14c2","2001-06-01","Major",1,3663
"0e0b97ccc2da4b2248f54eacb840a3388fb390db","2001-07-01","Major",2,3663
"21e17c964585748cc1279cfbb585b8e3d2fcecc5","2001-07-01","Major",1,3663
"344b02337904cdbfdca67897976e3bf74377369e","2001-07-01","Major",2,3663
"4a584860c7e10345df8c2ba0dc108286b9a556c9","2001-07-01","Major",1,3663
"6115acf63c5588150fed435b80c8f7cbffe9e8cd","2001-07-01","Major",1,3663
"76629f68e31fb4653d8f6120ab2752d727d12b25","2001-07-01","Major",1,3663
"81862a9fd0c013f93906c8e33ff80ac928fc9cca","2001-07-01","Major",3,3663
"92b2e0b5eebd3237fbe809c6f04d15d079000a15","2001-07-01","Major",3,3663
"b9ed23a6744ae7b46a17dbca90c174121aa88b4c","2001-07-01","Major",7,3663
"cce0fc367efd8993d647b46effa5dc1dcc3ebc4d","2001-07-01","Major",1,3663
"e27af31733b86b8a0242f342bdfd098998417d83","2001-07-01","Major",2,3663
"edb75212e12b60d3e4e17ce14075b02802379429","2001-07-01","Major",1,3663
"0a6609a96f459005d57c876e11ce3eb40d641a33","2001-08-01","Major",1,3663
"37effda7d1460f8551f6c542713adba90bafa69c","2001-08-01","Major",1,3663
"4d3f99bfa8ff25281d8bd58ed23019082dc281a2","2001-08-01","Major",2,3663
"4fab732ab16c3cdd448f366bc4288bb134e43410","2001-08-01","Major",1,3663
"52bf4ac04b4bee8fdbf87463af2ff5f58a8a6833","2001-08-01","Major",2,3663
"73f2d754dbea79dc5ae21a5e046e415bbd29390c","2001-08-01","Major",2,3663
"7d9cd16c4f9f4514b67df16295e53856879477fc","2001-08-01","Major",1,3663
"8b03d40adad769039b3679831adcf4527008feeb","2001-08-01","Major",1,3663
"a615c40f60ed00ddb570d0b7ab90e7e51ad21169","2001-08-01","Major",1,3663
"aaceda3355d733e5f3f6bf367b691ba6a64fff1b","2001-08-01","Major",1,3663
"b7473d6ee3e343a2c5ca50a16b369991da172e79","2001-08-01","Major",1,3663
"c46a94e182e66630081eddf5bb2eafa63d257936","2001-08-01","Major",2,3663
"f2b92c6168a6bed4c3e689fa95225faac12a4b47","2001-08-01","Major",2,3663
"0fea543ccf8ae09000245ca0888feb2dc2515f06","2001-09-01","Major",1,3663
"5595036f7767ad292412f031ac19245fec42e92c","2001-09-01","Major",12,3663
"7324ee21e6e27c8fe9c927db183ef5ceef8c7e25","2001-09-01","Major",1,3663
"8923c348d3d54b9b35f9a8cfc027cbd2d9f02a72","2001-09-01","Major",1,3663
"f2bbae6e322a3e35993132fec472bb5edd2b8867","2001-09-01","Major",1,3663
"fda940a0beefbca36b770f22d5eda7973622d017","2001-09-01","Major",5,3663
"101c88bb5743853b76e071b52eb1f8711f6f2457","2001-10-01","Major",1,3663
"1af6cdf856ed7a019c2ed5f5e9a51b8a8fdde7e0","2001-10-01","Major",2,3663
"26f76f578aff3580cef137ff1e65c38945ff247e","2001-10-01","Major",5,3663
"33e048884df2fd69202688f8e0a97c78f1aef786","2001-10-01","Major",2,3663
"38cf7496c4a789f4758c772b1a16c60c31d12cd2","2001-10-01","Major",1,3663
"42af5083a757ec79d7cdcfd11eb79a7010291195","2001-10-01","Major",1,3663
"5c21b825d97a64a99ee337b59a0436ff9071f9d5","2001-10-01","Major",1,3663
"79c0ad6b0b968bff5e1090360fa682f212f0afab","2001-10-01","Major",2,3663
"8b0c704bad2c5f42a3f22d090020e8b4e77d983b","2001-10-01","Major",2,3663
"92c258d44f80575e88b367bd895c6ee70e2d44f7","2001-10-01","Major",1,3663
"9c42c4e2f322c083d5944c51e13dd49abe125353","2001-10-01","Major",1,3663
"9e163241a62fb9df1559543c66d3e31c69c67d59","2001-10-01","Major",2,3663
"afd8aa02395d6ef88a95f5d8e003e5edb83dafe0","2001-10-01","Major",1,3663
"b80b325030d751949aebf4fd6580864a33fa25a6","2001-10-01","Major",1,3663
"b8323bbc0b0848eb382520850d618019f183a925","2001-10-01","Major",1,3663
"bd0ef1fcd22c96596d8a442b79c62e40e884b578","2001-10-01","Major",2,3663
"be2c123d6ea8f6739ecfd01d28c91a87524707e5","2001-10-01","Major",1,3663
"c497cc17c8844c9af4c09a98e616795634ea651a","2001-10-01","Major",1,3663
"d7e96766240fee174256420d7725470e82d90de1","2001-10-01","Major",1,3663
"d8d28889ddf82f8c7a3371d3a4e3cf23015b014b","2001-10-01","Major",1,3663
"00ed3829412b8dc098371caf307fd4033e36c7c1","2001-11-01","Major",1,3663
"0352980746aefb4386843654e2e5df4a615df787","2001-11-01","Major",1,3663
"2b6870360f72c0d968f0a5eccc4059828a9f76b9","2001-11-01","Major",2,3663
"7434bbafa3f8508ae1f9bf472fc6c40ff8ac520d","2001-11-01","Major",1,3663
"76375d6dc16e9181ccf67f2d75efbdc6dbb2be3a","2001-11-01","Major",1,3663
"9e0c18e55019b45d9974a8423e96dd419eea2dfb","2001-11-01","Major",2,3663
"a68d47ba0250da437c22e2fb90e70ced9bf1cb6b","2001-11-01","Major",2,3663
"a8ecd410b416776e9341dadd1426df8870b4d5aa","2001-11-01","Major",1,3663
"bf097b575505e8ad28b48141c19ab19c0cd8133e","2001-11-01","Major",2,3663
"c067250efdcce24bdb1b910054c16dbb7794f7e8","2001-11-01","Major",1,3663
"c3ecb300bb7850f91494ac84d22ef7aad8d1a5a6","2001-11-01","Major",1,3663
"d00299e02f8e7c7c5f732b34285b283c4a21e5b6","2001-11-01","Major",1,3663
"1871982327a0a4292a808581815ce1b4eb9b65e6","2002-03-01","Major",1,3663
"86cee35e3eee3e4b07be997cbc4dead5ed2acac1","2002-03-01","Major",11,3663
"c4f004f7dba3792386a0c034a3a89519f8d3eac7","2002-03-01","Major",1,3663
"e58e5e0ea70ffcddf6503f844453889339bf5a11","2002-03-01","Major",1,3663
"e8c40926687b7dfcbbc94f270c8beadef9d141fd","2002-03-01","Major",1,3663
"1bd0cebf7d170d23414804be0e0ef0bc06178080","2002-11-01","Major",1,3663
"8e8923b364092b12816c2235cde541ee0a6bff37","2002-11-01","Major",1,3663
"9f2cb1e4fc74658efb5e8cc7126472dcc3c4dfe8","2002-11-01","Major",7,3663
"adff790fa6d632552b222fab2b8b8933c90049b5","2002-11-01","Major",14,3663
"d4629510fb547f3ed2cce829ea1ec0c73bc5647c","2002-11-01","Major",22,3663
"d77a409c64794d246ec47a0a8c2685fdbede7bff","2002-11-01","Major",1,3663
"e3172515fcfb95e994cf4eadadeb6fd62b5d221f","2002-11-01","Major",16,3663
"f04f28a923af9dc07dca69525691a1d6a1125143","2002-11-01","Major",16,3663
"ff3394ad253ea03c5f285af32502c634bf9decc0","2003-01-01","Major",1,3663
"18511a1196e7d4ca6a8e7f4b20199816e35f6933","2003-03-01","Major",1,3663
"f30f51c6370dac8c4f65c9b37e6f7468359785ab","2003-03-01","Major",1,3663
"2fdf5ec39d4e9411966b2f670ff8aa5052029d2f","2003-04-01","Major",2,3663
"448d89c3fb5d53c692586bec9a58a9e129f7b3a1","2003-04-01","Major",1,3663
"533577bf6c699798c622aa84efd21a3d377958a9","2003-05-01","Major",3,3663
"cbd743d3a2b6d487895040af8760c37ef41b599c","2003-05-01","Major",1,3663
"e4b5327ed178ac06c315dd3f850397fbccfe43dd","2003-05-01","Major",2,3663
"0911002eb73705cb7806aa38204b925481a3d6bc","2003-06-01","Major",1,3663
"3fbd8f244df16177520a646f8971372cb43bed30","2003-06-01","Major",3,3663
"4e3273e3e08c693fdff3d2fc85d3cfc50f2918b2","2003-06-01","Major",1,3663
"deed4896a47fb3e706d33bd79d5caa9d7e1b41dc","2003-06-01","Major",2,3663
"e4807fb950ddfdf4196b9765f036265a0b83e7f9","2003-07-01","Major",2,3663
"079cb63d3a5a693e0ca991bbd13f61de260e7910","2003-08-01","Major",6,3663
"1468fddca1027399c84834b968ccf2208394af26","2003-08-01","Major",12,3663
"30cda756af1efcac7bfcf89ae02e7e43c018e63d","2003-08-01","Major",5,3663
"3594d2168cfa7505f66ebb7991fb9f3a3d5edd41","2003-08-01","Major",10,3663
"3601be883b932a7b3167ad39cc786a16fd68b834","2003-08-01","Major",6,3663
"3760e63a50f9192e2dce8636e6b7a09c9d38355e","2003-08-01","Major",3,3663
"3c14a113f2fd30bf12ceb80654f330fa1715be27","2003-08-01","Major",1,3663
"54a09b04c8dbf2fe9cd8de906e391b2a4a08dc99","2003-08-01","Major",9,3663
"5630ed2dee8ed17046dc8f81a973a0f0ff8f2692","2003-08-01","Major",7,3663
"671bb89357e835612d6813a9dbdbb8b382aa17a2","2003-08-01","Major",4,3663
"6a46df78036cdecd5fb54e9d4e7527114a1ac4c8","2003-08-01","Major",1,3663
"6d5196ec11a0e771000e325b34606e0d16057d78","2003-08-01","Major",14,3663
"7013f30f5afe621bd3e5ce5a93b84b039824c57c","2003-08-01","Major",45,3663
"7eba036e63a0246e4b4642288b2b682e0c0759f0","2003-08-01","Major",2,3663
"80b65d35e719c376bd3a8b7d4a1276c360dbe0f8","2003-08-01","Major",6,3663
"80b7b8f1d619d626fbb9a3fb2b5beda8d3cb1890","2003-08-01","Major",16,3663
"9c1ef03ebbe9f0d12e84034bb0986ef7fccd312e","2003-08-01","Major",3,3663
"ba90a2e60ef012598c5c2ce74cdbb7b3c1148bb5","2003-08-01","Major",9,3663
"e52fd4b479405d355dde27348ae3343f5dfc33d9","2003-08-01","Major",10,3663
"e6dee4a116f67a877e5b1f14a4dc1cc895fec71f","2003-08-01","Major",3,3663
"ef1c13662efa0f9cc87eeae8ca35b86c5512cc47","2003-08-01","Major",4,3663
"0bb5e818f98c8e877692c1fb759276e89d2082bb","2003-09-01","Major",5,3663
"0e5d0210590f3e0913101258fbbeb147f878f9f0","2003-09-01","Major",11,3663
"1cc11d717a29e5835d03eb244f3a05e8bd6c039c","2003-09-01","Major",9,3663
"1dc7f62613ce0bf9fbb2d04f05aa62b874278ebb","2003-09-01","Major",13,3663
"2463bf785d9c995ba3662dd57aabfad0b25c2e9d","2003-09-01","Major",11,3663
"2e90183cf7eb2b84d2952d5364acda88ec97681e","2003-09-01","Major",9,3663
"3352b0ee56a2e1e84bc20def9ae16a648ef4f51f","2003-09-01","Major",18,3663
"694035ea4750165768083126329f0176ae32c709","2003-09-01","Major",10,3663
"7b6bfba5f54a53516348413c24b358b70788a142","2003-09-01","Major",24,3663
"890c881ba66dda669a4fc48bb7707ceafe6dac29","2003-09-01","Major",6,3663
"af5cbe39acce05c46f28ea213cc8d2b1efa4f25f","2003-09-01","Major",1,3663
"ccbde15e3f303fd337b4226262874447ff2e84d2","2003-09-01","Major",2,3663
"ed203a51133ed83ba407b0d6b537e0559f86ae87","2003-09-01","Major",9,3663
"a0e7f87edde5f72db5f787ada442200951791953","2003-10-01","Major",1,3663
"2d3c4bd9ca14fec479415b4c6ec5a9c4c32bae9d","2003-11-01","Major",5,3663
"36599ad4fd84210108f41b18043dbb8bc23b21c1","2003-11-01","Major",1,3663
"51637acb87edc9526cd70f4497d04a92aec25861","2003-11-01","Major",1,3663
"525974b45bc35360a621896f1c971b31b6750aec","2003-11-01","Major",1,3663
"536dcc4868b1395f15a41834e21d80dc94611077","2003-11-01","Major",7,3663
"588629232270b34680ef453c2c13392c9ccdd3d5","2003-11-01","Major",1,3663
"806d00c838cb917d49118f523a3561628b27a990","2003-11-01","Major",1,3663
"ad42260d634211627856b73f21d53f339b8ab9b1","2003-11-01","Major",2,3663
"ae898cd64a54d262d6ce1ce799eddabccda0bc8b","2003-11-01","Major",1,3663
"b6c9414b7ecb39df8259f5240b686d3a7afb64f9","2003-11-01","Major",1,3663
"f6479786c6497068cac25410100293e29d2435fc","2003-11-01","Major",1,3663
"fef00bc20dd194726a1b8379662e9bc3d6fe34c5","2003-11-01","Major",1,3663
"041738141496e94c70c0d16b66eadc55a82ae14a","2003-12-01","Major",1,3663
"1dc2422189775d24e6f588981be469a46cfbece5","2003-12-01","Major",1,3663
"37af036412118dec4dbacb4e00e91d0f8f6a0b6d","2003-12-01","Major",1,3663
"3e14c39c8933690ad462b16121d2718746aedb38","2003-12-01","Major",1,3663
"3ec7d96d9a5cdfb954c16add7e7dbc2c6749ae2c","2003-12-01","Major",5,3663
"47e18f7f047259cd7fefae04e6673ed3026731a3","2003-12-01","Major",4,3663
"646e39fe3eeb71b87e0b935acf79ecf893301b59","2003-12-01","Major",1,3663
"654248bcf1cf2fc71d7df3e21cb7c551964b8a08","2003-12-01","Major",2,3663
"a6ba17ecbb059510f8d754b882e0a51be2d7a3a6","2003-12-01","Major",1,3663
"c2720d6770639fed2bf57a972fa7c9b47919d0ac","2003-12-01","Major",11,3663
"de3cf1fc96532d10cdd1d6e55aea3c4f81501579","2003-12-01","Major",1,3663
"e81e61c7612793a1fa20812c2a329726dd29a2c8","2003-12-01","Major",9,3663
"51506ed0d582f7b484320ce7503ced004d6c5b9f","2004-01-01","Major",1,3663
"88abf4b7b751f3d2579f8775ac20444bb224db19","2004-01-01","Major",1,3663
"cb3f31448547df0cbf326693983145f8f224fc28","2004-01-01","Major",2,3663
"d824d15c28b02d8a26cf8c4bf584f31515270bc3","2004-01-01","Major",1,3663
"ea6d4254a2155f5ecae882f91f96bdf47c69bef8","2004-01-01","Major",1,3663
"331f33d78642f19d06d02aa4af277ce016d1242d","2004-02-01","Major",1,3663
"4e25ca0d9c44cfa2a3427b628859bae5cc3f79aa","2004-02-01","Major",2,3663
"88b0290b0b64714bb583d213e35f0689ab2051fa","2004-02-01","Major",2,3663
"8a809ff796a25ed8cbbeeb01f41b799684166f43","2004-02-01","Major",1,3663
"9c2e77163480a21059dfeef06602363df29dfc91","2004-02-01","Major",1,3663
"a3c595a08b72abe1faa43320d6871a173af1acd1","2004-02-01","Major",1,3663
"b54e569b5dd92760845c403fa5277cf92ea1236d","2004-02-01","Major",1,3663
"1d828341e2825335b7b5189ee847d84df376b111","2004-03-01","Major",1,3663
"c8542118b048d8d849760386cb323b53ce48a45e","2004-03-01","Major",1,3663
"4dcba5c0a0f85d1407cdcec87f5d907e90a47adc","2004-04-01","Major",2,3663
"77cdfc03f7db7c20ac4981f35b11c691425d44c1","2004-04-01","Major",2,3663
"b0959490a0343b880425ee0f2390df3c0dcafaf6","2004-05-01","Major",1,3663
"d247ca8534b4544c769f676a39b386e2fedbbe51","2004-05-01","Major",3,3663
"2b17e189f3934a2e3f57be5b36881bf3a91809bf","2004-06-01","Major",1,3663
"4964e7b625f3b34d91a6f4c66fb62176d1f2e44f","2004-06-01","Major",2,3663
"17659a80a1486cbeadc6cf82284304578d379054","2004-07-01","Major",1,3663
"514ca6b42ce4aaad3e9323cde461ca9bf57c7227","2004-07-01","Major",2,3663
"7804c3599661849dc61dd1c4d8139f5629a68e59","2004-07-01","Major",1,3663
"86b05405598f1232077ac926d81e93378b62f377","2004-07-01","Major",3,3663
"8b72bbbe3b5e87b959ccd81609cc7962a28b0dd5","2004-07-01","Major",2,3663
"931ff330745d6a406d2fadcd87de2c46652ced0f","2004-07-01","Major",1,3663
"0768aac6999dfcf52852d5d7d0177ef7e20050fc","2004-08-01","Major",1,3663
"afd1b9daee050c8f127b0a747c336327d1f46e6c","2004-08-01","Major",17,3663
"bc974b8a31721e3036da518d1c337ff18d9dee54","2004-08-01","Major",1,3663
"7a890d5783cc4c1770649cb9ab7fe271d514ec29","2004-10-01","Major",1,3663
"9b494e16960e853c6e8efe3774b302f0e04523e4","2004-10-01","Major",2,3663
"7140cafb4ad9764adc70fe4ff529c4b95eee7a1e","2005-04-01","Major",3,3663
"7ef7034cde21f3db6bbbf9218072b6d2e648d6c1","2005-04-01","Major",17,3663
"c1c9e22042e1a4f8bfbdbb85ce91b6bcab00af52","2005-04-01","Major",1,3663
"dbc7ce9e0f5bf9c8be764946886a9003fb129b29","2005-04-01","Major",20,3663
"0447e6791dfb19c2fae0daaba4c60abfac590180","2005-06-01","Major",7,3663
"5069f32c25a4a1ef85b698d9cbd283418c8a8de7","2005-06-01","Major",15,3663
"64f1ab7ebcad08a3ed29cd8bcddb58dd5c073354","2005-06-01","Major",1,3663
"96ee7822fc79f7eab3a78e0492458e7d82a47726","2005-06-01","Major",1,3663
"80e5930c51e9a0ca4405d1143e36e705960c0b9c","2005-07-01","Major",2,3663
"219016e6acf2767055293953026a991eef035ee2","2005-08-01","Major",1,3663
"77804c1a2ef2a8e000a9abf9a85e7e4d765e252f","2005-08-01","Major",3,3663
"8497b891763dfb802c97a0aee71d6d231c014804","2005-08-01","Major",1,3663
"ac4944dedcc6a75b59e3cf741c9236a8328fb6dd","2005-08-01","Major",2,3663
"d5221a3d40ed2e16ed687075cf8a309d0ec59601","2005-08-01","Major",3,3663
"fde9350d0b5e8811dae892f70a23991d263ebfdb","2005-08-01","Major",1,3663
"3df970081b5690021c71d61cc2360778089f1630","2005-10-01","Major",1,3663
"5ae5088151c9ed036c7b8609a7280a5aebbd2ea3","2005-10-01","Major",1,3663
"a654a2c28740f9a036c680760ffcec83b738b16d","2005-10-01","Major",3,3663
"f9398739c03424caea03b51c8c01a2d96a7838f8","2005-10-01","Major",1,3663
"1c677a4870af4c50f21f894bf5a75456d1d93443","2005-11-01","Major",1,3663
"1c84601b0d664dafc7a825eaf50fe149d6daf54c","2005-11-01","Major",1,3663
"26fcc07f306b02e3e1b8e9564b75e031e57661fc","2005-11-01","Major",2,3663
"9781c6572877b6a2b83661073cf7932e4d54566b","2005-11-01","Major",6,3663
"d7c02c35f3aac36347b11424089007d40031ab95","2005-11-01","Major",1,3663
"653e687f80caba6ba4657bea43a44d49e92a6d21","2005-12-01","Major",2,3663
"12d0bda17052c5cf2f80ea168eac93f659a3fa9b","2006-03-01","Major",3,3663
"0ba05547d7dc8ec0494d96b9074240d802a63756","2006-04-01","Major",1,3663
"1a4be5118b284e073a243b5b2542d787109e0387","2006-04-01","Major",1,3663
"33c30275b616a4a192d8142bc8730178b9227f61","2006-04-01","Major",2,3663
"68452035c67989c2d8cddd0640b1f124cc7e07d0","2006-04-01","Major",1,3663
"97040cc302064ad247534599bd9297f00173b3d9","2006-04-01","Major",9,3663
"f764117390c7241850251e8b52d182e42190923f","2006-04-01","Major",8,3663
"318d622c1f03c8165ee9f7ab0aaf38c46f06ef60","2006-05-01","Major",2,3663
"631e4c36a7d8653263441743a21e6b0ded478857","2006-05-01","Major",1,3663
"aea916db87ba0d4a60c0e855d6700703e7f24210","2006-05-01","Major",1,3663
"b6bdd8ea53e9c4b7e103c01d0ee5375562477566","2006-05-01","Major",2,3663
"fd265d01dbd577b361f895aac6b6c073e47fe1e7","2006-05-01","Major",1,3663
"098e15d8f81a7017c1e9fb48522e04ce992ffaef","2006-06-01","Major",2,3663
"38b98bec2b38f3b2fed9d928f3157a6df307e041","2006-06-01","Major",1,3663
"4b67cc60b82756a86225a2a2268f538f552bf9b2","2006-06-01","Major",5,3663
"6b07580dad1eff4f8b5732aa4f3230c24fd04ba2","2006-06-01","Major",1,3663
"e079cb161ee2523c6694d4970943690d78bfa07e","2006-06-01","Major",1,3663
"fea222c5f1bf284f2f491ffd3c329f039dd76240","2006-06-01","Major",5,3663
"158206e8a3aecc083794c2fea81908d86582367b","2006-07-01","Major",1,3663
"5d9aa0b9a465e564a30d59fa8d5e26c1e02e7a47","2006-07-01","Major",1,3663
"7a519e846fa620f1f9780b79e4d853f258fdb7e0","2006-07-01","Major",8,3663
"da0687623e3bc8e40fac3f495ee3d1b12a23f1f7","2006-07-01","Major",1,3663
"0fd416b5e337457a7bf0499c66bd85dd2c24825e","2006-11-01","Major",1,3663
"3d73d6862a24fb00ea52b689cb68443b5e1b2411","2006-11-01","Major",3,3663
"5d1ec83b575dfd265de78c3b584527b7422611e1","2006-11-01","Major",12,3663
"96dbf0025bdcd354e607320df60ee71b0af325a3","2006-11-01","Major",1,3663
"a5eb18ccebf61fead8a02014de4da00b49a19b9d","2006-11-01","Major",1,3663
"aa4dd1addbbeb1de586000a447b520e192493932","2006-11-01","Major",1,3663
"d3691a8887976fd5a5cdbc9e08b4568020e66ad5","2006-11-01","Major",4,3663
"d705d0589f6d348c1a12b9444bb5faf9edcf0509","2006-11-01","Major",3,3663
"9627a1837bff8be8e6d447a9ebad500b5320d2dd","2006-12-01","Major",2,3663
"ed822899a0a752fea5eb44f2f4ea4eaaed9d1176","2006-12-01","Major",1,3663
"536d7139dedeb86cfe19fe1b5de4ab240aae0c06","2007-01-01","Major",2,3663
"81f32b5bd943b95c7282935a261a07f61fda094c","2007-01-01","Major",1,3663
"ab5c0917cb39a8d7ce630b80504280f5207d7908","2007-02-01","Major",1,3663
"12f4894503c637795b6132c0080dcf98667ecf2b","2007-03-01","Major",2,3663
"21db3a002da39d3d377795fdffa754087e116259","2007-03-01","Major",9,3663
"22ae7a1e8f61e652e379615a052030390ada4270","2007-03-01","Major",2,3663
"4ca073650710468846ce567e55fb0b18d84703d1","2007-03-01","Major",2,3663
"5d43bfcba5701f271f7a901431ed57336e9e5e10","2007-03-01","Major",1,3663
"cfbdd6247e169134a6f3a920b3e3d4993d5208ed","2007-03-01","Major",2,3663
"fbc34761acc297b3c0d67ac659139a45c3857ee9","2007-03-01","Major",4,3663
"4f3c863510e2fdf20a9895529ffb9adac0cc24d7","2007-04-01","Major",3,3663
"1ef84727183daf0fcf8043383c012834576ee359","2007-09-01","Major",4,3663
"26c8210d5eb59e9f0f062ca3503dd32ff5a4614c","2007-09-01","Major",1,3663
"3dfea0e4ecf5df916e7c3bd5d75becef61e8bda8","2007-09-01","Major",2,3663
"b8b3779563f8f49a81b0bf117ba8f0256671ee14","2007-09-01","Major",4,3663
"ec89f091f45d5c4bb3d7c9bb014cce0bc43be2dc","2007-09-01","Major",1,3663
"1909d019122bf84958505164464411ecab56dc96","2007-10-01","Major",1,3663
"2fcfaa9f21de3ddb4fab6c4e444f1437b249b55c","2007-10-01","Major",3,3663
"30a812cfcf9defb3f30f436f71bac34e99ede6e9","2007-10-01","Major",1,3663
"359e3b6bc75acf1fbc1d0f30594856b2250af51d","2007-10-01","Major",1,3663
"74eb40d86724bc216b84ec6c287038139dd83e2a","2007-10-01","Major",2,3663
"a40c5e0edaf1d56984a6dc4cdd0cbde209db3da7","2007-10-01","Major",7,3663
"cb3563f19e8be5d0e898f5badc4bea4c5c9d7cd1","2007-10-01","Major",8,3663
"02b191e9d0f08c2d67e38f585bf082d9e2b1092b","2007-11-01","Major",1,3663
"39bc91bee61a80fc3cc539aa0a3705018b654a4a","2007-11-01","Major",3,3663
"69f3f07657d185616171dd50ecbd903ed750a5f7","2007-11-01","Major",2,3663
"947df9ffc48608279d3eee095a165224e7ea687d","2007-11-01","Major",7,3663
"c661c8eec15e34056dbbc5fa4a6e17ab87797d8d","2007-11-01","Major",1,3663
"d1e5df3d746de7b5765a3a5bfd0e1a1c1a2fe3e0","2007-11-01","Major",9,3663
"14d949e24bb1703529e12f832ad3b8e5a7f2073a","2008-01-01","Major",3,3663
"164c51730cf965148111a6eff591aa94acbd9303","2008-01-01","Major",1,3663
"2005378fa5627ba1ddb6f59f1eb72c1c070b6469","2008-01-01","Major",3,3663
"257e653516d9903f234c806cff36fa62aafdd8c0","2008-01-01","Major",5,3663
"2b9d03659b5bf6da54acb42a9c27fbe6c3c9d250","2008-01-01","Major",2,3663
"3256f47c628a3f6899a85fe2e56f8e9c04f3b341","2008-01-01","Major",1,3663
"391f2b92761d1e12e0b1ed5a2eb4eaec7a1656e5","2008-01-01","Major",1,3663
"39e8bda904e79a4638c698d3ead44486198a8517","2008-01-01","Major",3,3663
"4e140f44d51e55291ab4bcbf137c5a78fc6eec2b","2008-01-01","Major",4,3663
"925502b8ccc58ac4ee2e6d19f3038e2986b4edaf","2008-01-01","Major",1,3663
"96d28e7f42ead1ddde6bccca9fba6831710a531f","2008-01-01","Major",70,3663
"a8f5ce63f284125adc5867c13cc8853634914add","2008-01-01","Major",1,3663
"f2e0a28b79465e81a4f6bbe1b55a11bad4375488","2008-01-01","Major",6,3663
"0ba14a23a997188a6b47c13cdbbdd7a9d09f8dfd","2008-02-01","Major",1,3663
"0c890a53d6318c078cfd3edf19b4ee8aff05c124","2008-02-01","Major",3,3663
"1434839cff58096c46e41abfa037dc16651e03c6","2008-02-01","Major",2,3663
"2505d3b67d183903159c007ac3b3304fcf7959c8","2008-02-01","Major",2,3663
"325d6c2522b4198a8df342fa3799773a61ccd6dd","2008-02-01","Major",2,3663
"33a0a3104d5789284cedf4a057a56ff39b4a7369","2008-02-01","Major",2,3663
"419aa03177361d7ccc8c51f5838193bf7b69aa77","2008-02-01","Major",7,3663
"606a77ca29405b42e580051ea74fe6f75d311179","2008-02-01","Major",2,3663
"72d508a9a07c63d74e35019185be81c3d604f52f","2008-02-01","Major",1,3663
"7e598ef92e5b9efec01d901966008d95c8cd499f","2008-02-01","Major",4,3663
"801cefbcf058518a60360e1297c63b482e267655","2008-02-01","Major",7,3663
"87dff5a5be45fd038f2ec4e0b19599ef734ef5e2","2008-02-01","Major",7,3663
"8af9a99fad5ffede3456ee9af3b96362821b7488","2008-02-01","Major",10,3663
"973896b37277298bdd441675b827108e594db52f","2008-02-01","Major",1,3663
"9adc9e9d0dea849093e4520091dd06c9fb850e6f","2008-02-01","Major",5,3663
"c3a0a40b82af697501dd7cc63f796ebcb804195a","2008-02-01","Major",2,3663
"c74e8efcf6e4aa1d3048ec7161bb6d497e463246","2008-02-01","Major",1,3663
"ec7a14f0bc576b77d3791609a576f76c23a7604c","2008-02-01","Major",1,3663
"ee50d699e4daf740ed9da280efdec563f19996f5","2008-02-01","Major",4,3663
"f0ac7d44c2f07eb97253e817ef3d09cb7028b0e3","2008-02-01","Major",1,3663
"f4c8e3b25c0d0efbfc651a51627453d3285ba644","2008-02-01","Major",1,3663
"04e927a174b7f40c97a8106ad3f64a729abe952b","2008-03-01","Major",7,3663
"10d4ed0d5d64d97a86730e42237bc7d8a2579bb2","2008-03-01","Major",2,3663
"23cc5c076ab397a7213a41651b8151f1673d2c6a","2008-03-01","Major",2,3663
"43043425599e98cae85877aa53baf0115e342f5c","2008-03-01","Major",7,3663
"4b7d4b0a47c007fbbb3478e1b1619890ed1b545f","2008-03-01","Major",2,3663
"59247b1f7ca8e79eab22f04106f243b32248243c","2008-03-01","Major",2,3663
"69519104a1d5c70d3473e4ff9b974154038937fa","2008-03-01","Major",3,3663
"8e14f88e25192080ac237cb64be452c592c1e4fe","2008-03-01","Major",5,3663
"902b38d33a9761eba12c6a53e13c6fb89a167b39","2008-03-01","Major",1,3663
"ad93d598af6d605500ce42c8566dae509b17503a","2008-03-01","Major",2,3663
"d8f13204834def0b4e8f61df7da0f816998e8250","2008-03-01","Major",1,3663
"f685b51fd3d8967af6958259eb16ac09b9aff820","2008-03-01","Major",3,3663
"f79ed61e0330b9f8e13243960624657f2cd92a0e","2008-03-01","Major",2,3663
"fccd8f908249e7475262cda2d080ae33d81091d6","2008-03-01","Major",2,3663
"060b86b7d13cff079fb51548971b72bf9065a01e","2008-04-01","Major",22,3663
"0fe9af2d15c4bc8dcd3413ace0c8e3f6dbe4b487","2008-04-01","Major",2,3663
"1012ecb39d1081732ff5bb9f6911f8ea2a8a783a","2008-04-01","Major",6,3663
"230333d817d6d42923e278ec49b6d257d59abf17","2008-04-01","Major",4,3663
"69bac3aac055b260f3ba0590f05a35298fb33908","2008-04-01","Major",1,3663
"700b6a340c5142255b2189fb78580ca2dc96a1ae","2008-04-01","Major",4,3663
"797462000d2e977db154d3eae120a308f18a8085","2008-04-01","Major",6,3663
"87f33520b18966fa75d6e47513ce104603afca31","2008-04-01","Major",1,3663
"8e58c854675aa26eb0d33212822cac3223d0c8a9","2008-04-01","Major",10,3663
"b32b17ce04118a7c06ab0cb1d0066cf9cef19e4d","2008-04-01","Major",1,3663
"da4f55e58bfce8673dfa11e6752198af9e7606c8","2008-04-01","Major",1,3663
"e1c6bf7690fc035e0a0560ebc6f3030eee6b3a8d","2008-04-01","Major",3,3663
"fc42d8acf7fb64c71aae7db3480f4f121eb2baa3","2008-04-01","Major",1,3663
"a1eb436848f7514182e2441b5f4ab5005d24e7c6","2008-05-01","Major",1,3663
"1c709559524880ed02f6b0a8c4327bfc9466a716","2008-07-01","Major",1,3663
"c11912a30ed808d35d6927b1cc27fc387a55f77d","2008-07-01","Major",1,3663
"c3f77d6963f981b2f82944c0b53e242881a656c3","2008-07-01","Major",3,3663
"df5136f7258bf259c7504b00178fa8c6bd25a100","2008-07-01","Major",1,3663
"fb649a87fc9a6419535c05696567f37cd9d2e3cb","2008-07-01","Major",7,3663
"6cdfa91143b7c141c012b67cf625cd7b6e989e5b","2008-08-01","Major",2,3663
"f0705a82524d16d862c943597bd5da0a64c4b9bb","2008-08-01","Major",3,3663
"08eb1e0b1c838ee6adac7c0751c0ee5adf5f009f","2008-09-01","Major",2,3663
"22383843409a9db96eeacccd93d1aaa028930e47","2008-09-01","Major",4,3663
"91c185ead4d7d5560887d7fa13aeecf9ed320998","2008-09-01","Major",7,3663
"95e15f6a0f8b0c41404391051de38b01f844cf25","2008-09-01","Major",2,3663
"d689d9121bd743975fa1ab7e4bfdded51d36b015","2008-09-01","Major",27,3663
"dd40c1515f1687c614f2dc670aca49fad8ad2088","2008-09-01","Major",12,3663
"0ce1726e45c739c643b73d2de619beca329900af","2008-10-01","Major",6,3663
"264eb7480e3a1c5762e4eb51f8273e6e438ff87b","2008-10-01","Major",9,3663
"537d53e8076f96141afffa604004aff2006f8026","2008-10-01","Major",9,3663
"7aee2eeb1ca5aaad2162c0fb500a9d9a191a5e27","2008-10-01","Major",2,3663
"7feac8b461560dbedd05f81395104a5616705f1c","2008-10-01","Major",2,3663
"8512d41f51202d34110658ac96b128263dc8dd58","2008-10-01","Major",1,3663
"91d657fb12308d51608dd3f6b6c4b3fa6b117bee","2008-10-01","Major",7,3663
"95ee5e3f7a110f1f68f73136d95e590d05818012","2008-10-01","Major",8,3663
"c2cb8462f5727e37bd782c9f8c539f12da6cd70c","2008-10-01","Major",1,3663
"d0f981d4761fb088ebbcbc2a1c387c209ce0c243","2008-10-01","Major",11,3663
"dec8dd1e6afb226bf1c95a36011ae57336a3ac2d","2008-10-01","Major",3,3663
"e67b923bffa8fe1d7b6b876e77cf588fa43dd18e","2008-10-01","Major",4,3663
"f7c7b060cc64d0d7fc478d4120c696ff219d4416","2008-10-01","Major",2,3663
"07279b0c7e1eb3c931c1ae201574a58609e0f6bc","2008-11-01","Major",4,3663
"23978458ba1d2febe7f953b6c42a6dbccd1f634a","2008-11-01","Major",6,3663
"504610db1ac86edf3d8400bad5666149b9e1d210","2008-11-01","Major",2,3663
"9d13f3f36b35f805dc80d90f9cc12a18bf263ed1","2008-11-01","Major",1,3663
"ae786f44ace1712be2b3899806202591cf074905","2008-11-01","Major",4,3663
"ca57ed71ed0918d4becd32c61f235aa4785067e0","2008-11-01","Major",3,3663
"f3e0afcd508fd418b906ae156bc18516468a3caf","2008-11-01","Major",6,3663
"32c0176f42fb4fcbe090d1c4c4d8eda85005a1f2","2008-12-01","Major",1,3663
"7d6ea6544b28f260d095780e68d40040f6d1eaa8","2008-12-01","Major",1,3663
"811527eeeec4147bee99baf3d3633c1e07c73868","2008-12-01","Major",3,3663
"903af762e3acbbe8861b928a7b940e62e1ba0055","2008-12-01","Major",7,3663
"c03509c52fbb665a655c2cd5f0f971e12e8ee456","2008-12-01","Major",2,3663
"2c3134c14a9eee2916e53eda3f99ef40065fc1cd","2009-01-01","Major",3,3663
"3b729e66d129202e2289f3bf01409e47cdaa1e45","2009-01-01","Major",2,3663
"6343c5a70b0590c2e57b1407696305d74163ded9","2009-01-01","Major",1,3663
"1fd3859bdba5f84f24f3534dc6fa7fae755341ef","2009-02-01","Major",1,3663
"5c50bdc1d16c3f997bc58439700349664db7670d","2009-02-01","Major",1,3663
"87d7645a3b3b46a31977d17237f04060caf123d6","2009-02-01","Major",3,3663
"b477db091070bcfe9d3b11cf072c9e4b1794fb8a","2009-02-01","Major",1,3663
"c32d95c6ccf1b060e70760ccfb8b1d6789d26bbf","2009-02-01","Major",6,3663
"2c29072c807554894d31a15d5d01ebd8b8758fd5","2009-03-01","Major",1,3663
"6775977359b3c05840ce21be9ee3de3bfb7eac72","2009-03-01","Major",1,3663
"777915733e447d61afd05e80555d900bb74e6dd2","2009-03-01","Major",27,3663
"91b1fb36ed8a35c8f42d09e776866d442be13f05","2009-03-01","Major",3,3663
"a9b0e0a071825ec0b29d9bc09cc9770c419b8481","2009-03-01","Major",2,3663
"d1efe3dad63edf97a2bc7b06cd7c1c9c9603ac31","2009-03-01","Major",3,3663
"e9ba1d1933517fa83bfefe7c6de52f0715f62b40","2009-03-01","Major",14,3663
"ea5335e91e36d6897c729f26f66dbc7bdb7b6eb3","2009-03-01","Major",1,3663
"0689554f92913656200afbdf83437b1e60eea2b6","2009-04-01","Major",2,3663
"0f687b41b8607e9d6261e025dd4cd248db9f5dac","2009-04-01","Major",1,3663
"13ab5e6145eede86acd3038b537444142e77bed6","2009-04-01","Major",1,3663
"16d186fc9ff0ca018416256a92ca36617a45a922","2009-04-01","Major",1,3663
"2775879351028fe0f1a1387150f212d72f806bb6","2009-04-01","Major",24,3663
"3ea8be6e4e1040bd5e3f7b54100f9342b21138a5","2009-04-01","Major",1,3663
"50ac0f1b321df81721235cdef75b390ed4990d6f","2009-04-01","Major",1,3663
"6131e45752d904d634e74eb230fbd7d8557de2c0","2009-04-01","Major",4,3663
"634fad5f8959e893d1ee144a7d67f2d1b302e363","2009-04-01","Major",1,3663
"6a598e4deb59dba15bb2433373b2670e7019e7b9","2009-04-01","Major",1,3663
"6c6a254585c5463de5666182ae417a11a1fd0975","2009-04-01","Major",2,3663
"74ed15a45689af40d6f210a6624fba0ea829055b","2009-04-01","Major",2,3663
"8cdf7a894222109c145c1e3e13e39dfbb54862de","2009-04-01","Major",1,3663
"91aa7b292dae22200df3d9994cfd2c533ba17f53","2009-04-01","Major",1,3663
"96eda53a6e77133369c117f2133495ee23d4619a","2009-04-01","Major",1,3663
"996b1562e7ae05e22ed7207a87951b97647e24ae","2009-04-01","Major",1,3663
"9a830c22cbf64d71e64b45b20d32f306ecc23a3d","2009-04-01","Major",1,3663
"9ce12cdaf8cd6be497ce39a158f87b14c9718e04","2009-04-01","Major",2,3663
"adcfe2b8285817b6d33008b71ddf69ca8b254b6b","2009-04-01","Major",1,3663
"c3c420f75359da299ffa8912e595c8b99ac40912","2009-04-01","Major",2,3663
"c52349db64251ea443d9544a327ebf95a35d8fe8","2009-04-01","Major",1,3663
"c915dffbad3a1d8ee3f8c822a7cb10ad1f001d69","2009-04-01","Major",1,3663
"db2d15bf93ef92670bea2b66ccb3b2c33473d4d7","2009-04-01","Major",1,3663
"e4ce08805b3d13bbc4bcd17a0bd30609c10bac1d","2009-04-01","Major",1,3663
"e9e6ad876de480794d09c6304bc6ef5f4d265b12","2009-04-01","Major",1,3663
"230c0f38e2bcd4a6109e8e5c93da8d236d290647","2009-05-01","Major",1,3663
"3907ea17b414bc2aa7ac6e29fd7000fff934f926","2009-05-01","Major",1,3663
"4d8e5c85894ade47189612fbafd0410792de2dbc","2009-05-01","Major",1,3663
"67550155116e9d6bcfe6b1adbc96fdf6d2b03c4f","2009-05-01","Major",1,3663
"9325668d49a2b825e584f017953c58683f32b049","2009-05-01","Major",1,3663
"dfdde36f28e3092c6ac20ecae3774903be92a153","2009-05-01","Major",2,3663
"e220ca51ba3eeaeab379340a19b04caa964eb606","2009-05-01","Major",1,3663
"3c9f3cdffc32126700f25d8a0c55f68b6f587bde","2009-06-01","Major",1,3663
"3dcdf7f79c319a3f392ffef3f26cde025e3a88f3","2009-06-01","Major",1,3663
"74e7c3b0d2201058060233ce2d99860a1c43c646","2009-06-01","Major",1,3663
"777af4c8ec7b73d3c2376091401c00cb945cd6fc","2009-06-01","Major",1,3663
"825a7a8e3fa9572173fa96fb9f449e1325b9e6bc","2009-06-01","Major",2,3663
"83da293b3f2038d969e83c4227db817046092d2d","2009-06-01","Major",8,3663
"c5d3d9064c54b2d25599c9d8a171facdebdb44ee","2009-06-01","Major",1,3663
"dee7dc77b3ec662f60044f25abe6b5193b87f086","2009-06-01","Major",7,3663
"e636754a29691d96e89297c2d7c31d829d1de878","2009-06-01","Major",9,3663
"05b6c532d2f0eade1774a6c6fd6693b51cf90b8d","2009-07-01","Major",2,3663
"21e5e79b0a0ea426b0d3319c519c2b2df3f43f19","2009-07-01","Major",3,3663
"4bb1a311e44b58b0886260440e75081df3a9ba94","2009-07-01","Major",1,3663
"55857a63ac93205321bb256ee35cd6801e671ee5","2009-07-01","Major",1,3663
"610d57f7d31a52a12c8093cd158f4a496f75e920","2009-07-01","Major",1,3663
"97391f4fed914ee3b5fd373c1881295c08df7b3f","2009-07-01","Major",1,3663
"aad40ac467d12a188aed01e543aef5016aa4d3cb","2009-07-01","Major",1,3663
"aef11c4668d2b4e3dbeb2d59a9503773417f150d","2009-07-01","Major",1,3663
"becb3a0ab8aa986f829efb77a52d53e75419c413","2009-07-01","Major",3,3663
"c68bff78ac88efb0abc5bf2aa50866d67ed64d76","2009-07-01","Major",1,3663
"d9bcaac69203e8f6501a3a60aae350a0cfc342bb","2009-07-01","Major",3,3663
"e4b50bfc892ba2e65ecff05425ed4ef10af38e3c","2009-07-01","Major",3,3663
"fd5b785fbaad81f99c6c8b8bcb52028990e19120","2009-07-01","Major",1,3663
"005bf1a75397d66028454e58e4aa1d95ac88569d","2009-08-01","Major",5,3663
"19cc4d0c0956ec92f06a0a3a746ad0434e47bc9c","2009-08-01","Major",3,3663
"203278ce49a2a46f0c9ad776042f47ed5a14cad8","2009-08-01","Major",1,3663
"280dc8568d9ebe9fb16fb13b2272169e968b3e49","2009-08-01","Major",4,3663
"3732c37a3101e97c815b0a3482355b5c144c191c","2009-08-01","Major",1,3663
"37de8a7526abc11bcb7346884598801589b9dd61","2009-08-01","Major",1,3663
"3d0441b3f0c402447306f53789a47abdc573f8f3","2009-08-01","Major",1,3663
"483ab463738f9462bcb2ca38d5dc6439f682d72b","2009-08-01","Major",1,3663
"53095c541d677d0b6f96fc9becca1c1329c37975","2009-08-01","Major",1,3663
"8e7972844567e5385bbd02c2e534b451a3cc1da6","2009-08-01","Major",1,3663
"99bb1c5829da36abb70c7feb4f905a19f23ff8c0","2009-08-01","Major",3,3663
"a5e4460746263a4533d72d3d6d10562704bb3848","2009-08-01","Major",1,3663
"b68deb288f2f8e3c6877f515851862294e12f20b","2009-08-01","Major",2,3663
"caaa22bcfb062ce99c0f784500f7507ad0246c73","2009-08-01","Major",3,3663
"d17e823e3457452f15c058d1a5b0cedae6e6d9f4","2009-08-01","Major",1,3663
"eb6b12269ec3eea4d1b690f704af15b8cb8acbbe","2009-08-01","Major",1,3663
"ef7fc0585990b9c2e056596d1850bdb3f6f6dae9","2009-08-01","Major",5,3663
"f10591c66c5465a8949fd7795441e673340533a0","2009-08-01","Major",2,3663
"f81520bfd3a971f82c2b69aa9977edc1a33b20aa","2009-08-01","Major",7,3663
"fe7a88a7f50bf57e8ff5517be80e7ea7f1149d3a","2009-08-01","Major",1,3663
"abc8a146f4bc8936bb416de00fb4e57fca2a21bd","2009-09-01","Major",5,3663
"b64e2ac56980c2c762fd1a6af021f919218d6ccb","2009-09-01","Major",1,3663
"cb899dc01de595859d46f3de6026859f627d2758","2009-09-01","Major",1,3663
"cffc17dbb59e76a1623f0bd01f44e3e79df35fe7","2009-09-01","Major",6,3663
"d8a0e5f863d258ba8e3b0ff97e5c557dbf9fee03","2009-09-01","Major",5,3663
"e646a260cc08cca8e277b7ebc39e8e215f7c1ff7","2009-09-01","Major",2,3663
"3076f99d1aa8e8c87ea6b22c0f0fdbc382e449b6","2009-10-01","Major",2,3663
"897883bc4dcabe1814c5d14fb65c7a64e3b4a604","2009-10-01","Major",3,3663
"9fc013ef95522cd5d651ae700c4ed446f4126290","2009-10-01","Major",1,3663
"baa316ac815ab88df6c6a8b92c6cb0a54538743f","2009-10-01","Major",1,3663
"d6c9846703e85094974a5e3deda1ef4f72500528","2009-10-01","Major",2,3663
"fd67f04d04c6babe52b7d148e2abf4f23cee6190","2009-10-01","Major",1,3663
"2a4fe13e91ec63f9cffafe66c25c3b8025507d7b","2009-11-01","Major",1,3663
"3d33dfd16166e302bb77ba98559a6acdf456d8a5","2009-11-01","Major",2,3663
"4a3bdacd4a5119150dc0eb317bcc287867574477","2009-11-01","Major",1,3663
"4af6f29c5e3e84fdaaa19798e72686db91069458","2009-11-01","Major",1,3663
"6ff7ecdd6f52fb4a44cdad9cf9d5deab24645863","2009-11-01","Major",4,3663
"97bacf3057b7c45c29a6d025c67a6dd588144e05","2009-11-01","Major",19,3663
"a989d643000f9b9c99eeaa79154e047ad48e6062","2009-11-01","Major",4,3663
"adfa3159f5ca72bf47164073cfeb854f34dd1d50","2009-11-01","Major",1,3663
"b248daf6ab6bba3c4b346dc1f2b45cb73881d05b","2009-11-01","Major",6,3663
"b9c5d12f546642a3675274209f21997c7773c10c","2009-11-01","Major",1,3663
"d45a4b19a00c76ccbcf9b114a9185067402dc14d","2009-11-01","Major",1,3663
"d9d564b4ad6a851fd286602453c359a9ab10ed2a","2009-11-01","Major",2,3663
"f8ce30a570bdea4da87c69a080101846a0c21588","2009-11-01","Major",1,3663
"fd0433d5a04b7d973ef01bfd4f711122728a4db4","2009-11-01","Major",2,3663
"24baaefe679f7ef3333193f02b3d6a6397ae6b91","2009-12-01","Major",2,3663
"2c7725e8056e161c840d9e623de99adab129b6b0","2009-12-01","Major",2,3663
"32eb2106571e0aac216e3702d13392877a8c62e9","2009-12-01","Major",1,3663
"3d1662144df8e98619c98481d59f695598ec5f96","2009-12-01","Major",1,3663
"3fe50a83f8e5aefed3ca2355b2070435b6ca7387","2009-12-01","Major",1,3663
"4bd5fca55ca2ee506afa6992ac5731ffd2158184","2009-12-01","Major",3,3663
"61eb97855fcc208fba268e1e6754b9ac2e19b1d4","2009-12-01","Major",1,3663
"7e5fd868a281ab64d9c212c53f7481451767a1fc","2009-12-01","Major",1,3663
"8b0f48a5b18ea066cb232506e5c5ac847567b226","2009-12-01","Major",1,3663
"9eab79a76582e95965ed88085c83ef37651016b0","2009-12-01","Major",2,3663
"9facd9ed639d92f224b402cbf5d88adc5ccf0413","2009-12-01","Major",2,3663
"a169374180d58ee5043c7722c09cc4e20928e379","2009-12-01","Major",1,3663
"aba689f9b10b034d398847d4d45aa026213db1eb","2009-12-01","Major",1,3663
"afd537f6ca0a985b3fa588c0b4aab1062de24285","2009-12-01","Major",2,3663
"c774fc9bc25a1980d2b191c0b3f28cf2629e5b72","2009-12-01","Major",1,3663
"1c5905038610582546a6560f91b402c32c333c24","2010-01-01","Major",1,3663
"51cb7ab4b60fe05a90b5537aad3a657788818c14","2010-01-01","Major",1,3663
"9a24f702cc5c9363a456b5288a1421b94d8d24bc","2010-01-01","Major",1,3663
"9deb863e27177ad47586b01be8b4e2ad91a62cc7","2010-01-01","Major",1,3663
"a65f7b08956a2825b96df8da57ebb64a7925a159","2010-01-01","Major",1,3663
"e2daa0c666e1fd0f3da9ca08495a78c3de64f811","2010-01-01","Major",1,3663
"e5491307570a3e4594968e9a307eaaf7dda5d7ab","2010-01-01","Major",1,3663
"f9181c7ad0b65b5798cf11dca2f1479e79661731","2010-01-01","Major",2,3663
"0375fe59093058d4987af5d74a53a283c3651000","2010-02-01","Major",2,3663
"1899e0dba0d911e9a2e4538d8aa83d87302d7eec","2010-02-01","Major",1,3663
"78f5290eec0c12bacef6eb2f9ec28d7f519ae566","2010-02-01","Major",1,3663
"a0694f937b2d30a9c92ddd2c7d6c4d2053b4d385","2010-02-01","Major",2,3663
"ab3a4d1eafda14b04454343ad0ba59df3236503d","2010-02-01","Major",5,3663
"e25d2020015656efb36825fc189e84b04c5f6593","2010-02-01","Major",1,3663
"fe95776665b6a0d33d61951a4565b8baef84578d","2010-02-01","Major",1,3663
"4e940891747bf26ff6cf945653d6710962de2867","2010-03-01","Major",1,3663
"c758faac607015d8f8d4b25e3a692b7cedecc2e8","2010-03-01","Major",3,3663
"ca01635cb89714575c551698d7a2aba19538e245","2010-03-01","Major",1,3663
"d08ed91a7da4bd25180d6ddf19500f2a7b729c6d","2010-03-01","Major",7,3663
"e69be10e1b99723460d9aca45a53cbbd6f2b5673","2010-03-01","Major",1,3663
"0c4a6322906ec5bfe595dda5c06ec06c29876c2c","2010-04-01","Major",1,3663
"0df6a4c66879f64bdf3ba57358e8b97c586b2387","2010-04-01","Major",5,3663
"1a810a4f2f0c5ea6739c7fc6b3278485057c50af","2010-04-01","Major",2,3663
"26c6cd984ad229a4c1d3c00889956dc0cbf53877","2010-04-01","Major",1,3663
"47d2f605a94e76f829e3d148d4a30d7fd6c90219","2010-04-01","Major",2,3663
"6ce2bb5d1e4dfc1429567cc6d2b5232f421af2b3","2010-04-01","Major",2,3663
"7dfc7855fc9e41fd542c0cef7a229fe2c2e959ca","2010-04-01","Major",5,3663
"8569d007dbffc7096b1eb47004381deb8397426f","2010-04-01","Major",1,3663
"c28b30ad8dcc6ef96b4ddc680107cbd058873dec","2010-04-01","Major",1,3663
"d557ea0359301beb62c194ddb4a0222512cae842","2010-04-01","Major",1,3663
"2442fc7785487b12d1d674bb04c7f889b6d3b8ca","2010-05-01","Major",2,3663
"a87e5833024a21a4e2aa845e039121377e921738","2010-05-01","Major",5,3663
"b5cc3e113a9f29f0a77cf8f634c233323844d9f7","2010-05-01","Major",9,3663
"bcd811894f44d2e5ccb0e213fd1c9e9ebf2c2bc3","2010-05-01","Major",1,3663
"d80d4b7a29afc6fd5c5d5928ab141bc8c8dbabbc","2010-05-01","Major",1,3663
"dc6395ccdb50e930bf71cd789bcb06e9b25aec44","2010-05-01","Major",7,3663
"e05f2ca2c316ce888af00ea4d8cc0fb86f92edaf","2010-05-01","Major",1,3663
"f07043d9898259179cd2cf31949cb7b2bd96175b","2010-05-01","Major",1,3663
"f15ddd3eb4822e4ee08e536e42cd4844d614cba9","2010-05-01","Major",4,3663
"f3f1e3822459a8b1f38661177069a3a9e617bdc5","2010-05-01","Major",6,3663
"f849f04a531cd38d0c84b060d5310f45064b15e1","2010-05-01","Major",1,3663
"01a43ad9824fba77384534c6d588e0e0d653986e","2010-06-01","Major",1,3663
"02752ac1958daa7ecf257762bc345cdf45569896","2010-06-01","Major",18,3663
"213d34a2b537a1df6298b466c8d300008cc28dea","2010-06-01","Major",2,3663
"21fbc17b56ddc3b5b2ca6a9fdeef4af90bc9d5af","2010-06-01","Major",4,3663
"25bfd5cbcfb93b94efc7c0f6f0d4bbfa51244e42","2010-06-01","Major",1,3663
"3bf2d2b7dbf803afe5599fc39787df34e28bbfbb","2010-06-01","Major",1,3663
"5777a65e543e598ce67a85eea71de871723953ca","2010-06-01","Major",1,3663
"622bba3c72576d8d6245ca6dd9b7b3a8ac472c6d","2010-06-01","Major",1,3663
"65d5f29c527ab6da5991696026d6bdbef903d169","2010-06-01","Major",2,3663
"6d7e7e21e2da6109dd9ce287c2b51e312d66c2c7","2010-06-01","Major",4,3663
"815066543f0b34cffacac60c46e22dd6705dc76d","2010-06-01","Major",3,3663
"b288692d67772c08296ee3aef58965219fcbbfca","2010-06-01","Major",3,3663
"b5543c970e75ecea0215d6641b772f3bc8a49075","2010-06-01","Major",3,3663
"ceceaa912cd02660eecacd52d9a1ffc4d15c3c00","2010-06-01","Major",2,3663
"ea57345a5c5f00fe85801b3f528687b93793afff","2010-06-01","Major",2,3663
"f4fed344602d061fed46c64a037feb1403982f28","2010-06-01","Major",2,3663
"5f923619a4240e336aa685f5a663ca95b7eb68a2","2010-07-01","Major",1,3663
"74e253068cfa2a9d13c8d06f96ea42ad0069a657","2010-07-01","Major",3,3663
"b42a8768893acc9b5d2c6d329d8cfa3b2de1fe40","2010-07-01","Major",1,3663
"f30609cb754812a77b124a2a770dd1c521c70a6b","2010-07-01","Major",3,3663
"ff806c1ce90e637c9c327a561aa2f4d072480908","2010-07-01","Major",1,3663
"fb280d10fdb05f301141f8a90f72d5c0e34b4497","2010-08-01","Major",2,3663
"03ba590d895bba7fa47fe545fd5fdef8b6f610b7","2010-09-01","Major",1,3663
"2cbd32b4073412634fcbef1be1297046feb70aba","2010-09-01","Major",13,3663
"318dae530cf578b35d87dffcc1a03bced2788769","2010-09-01","Major",1,3663
"2c12921cd1705739a77fd02df8ce4241eeadffb7","2010-10-01","Major",1,3663
"5abacb30c7a067b3d04c97959ab1b466bc39de97","2010-10-01","Major",2,3663
"bb011365ddc77108d436f5605b29bcb6da9462d6","2010-10-01","Major",1,3663
"59dcff0ac9fd99dd2625a3e8863fa0ee45a99937","2010-11-01","Major",1,3663
"5beca05b68f92b69bb47ade94fb4857c5ccf8b76","2010-11-01","Major",1,3663
"635647ef5d07aaddcbe6f9aa63d6fed6d090e419","2010-11-01","Major",1,3663
"81664255ad6c3dc09a74695bc863b8903f0a15ca","2010-11-01","Major",1,3663
"81d74479a5a15bed369dc0a2e677742f72686cc5","2010-11-01","Major",1,3663
"82b45228b517c05c36992ff63bc26e91df473a80","2010-11-01","Major",3,3663
"84fd3e9bfc19dc64f0502701ec633c99d9fd0ff9","2010-11-01","Major",2,3663
"8fb9245b23bec2b0b5b17af583eabd65060083f3","2010-11-01","Major",2,3663
"d4cc1a0cdd62fc3669f4ec5a8974c61aee9e9ce2","2010-11-01","Major",2,3663
"f4fc1d02a57bd1332afbaa5267346aeafbc88506","2010-11-01","Major",1,3663
"12238c7d3afd751b98fe3204092c254310bf1e69","2010-12-01","Major",3,3663
"22b8c97f41c9741fc2e97540fbbf87c1d798ca33","2010-12-01","Major",1,3663
"47a50352f20867f0dc53843b682f6c37e09ea6e2","2010-12-01","Major",1,3663
"54743d8b595f4aa17b0bccb0848c99b17d0488ed","2010-12-01","Major",4,3663
"5f781fef6c2988e58c27da5bcc9ff03275e1edb1","2010-12-01","Major",2,3663
"8d77fee770814f33f287b26f2898ed986ff9d3b4","2010-12-01","Major",5,3663
"919d6b97583c0541f92439d08195ee9a77011515","2010-12-01","Major",1,3663
"a1ee9acd68e6be9dca4ce3796d8d99ca17e4d5ba","2010-12-01","Major",3,3663
"b355e0c224b165d9227fb2a07795178c6e0de8ac","2010-12-01","Major",2,3663
"c0414594616131e082e87b78b41542be6785158a","2010-12-01","Major",7,3663
"c5ece4947054deadfbc5aad247d33375df56ed0e","2010-12-01","Major",1,3663
"d3c751a0d2dc573a69baa5eee3dd6376593c5b2a","2010-12-01","Major",1,3663
"ec1c3ff3289d7130a8b7354bdee09f24c3ab9962","2010-12-01","Major",3,3663
"f8494ad794438280c8772e29d1dd178af7ccd257","2010-12-01","Major",6,3663
"0f7ff260847a703ff90d77b892d6048e26cc768c","2011-01-01","Major",6,3663
"223db09654af305adddc3cf4389dca4329b634b1","2011-01-01","Major",1,3663
"6a0eae72b5c6b76fb1d77fcf4c7c26a7598ae6aa","2011-01-01","Major",1,3663
"ea5b7457064727ae96b97ca5ad93d23cee1ba12e","2011-01-01","Major",1,3663
"0d6fa497de2b5defe6be96f755bc007c942dea56","2011-02-01","Major",1,3663
"2541c8a04f8c1acc52354e20dbcb503330b1bc14","2011-02-01","Major",1,3663
"611655c62596e9d925ee6b47a00bd8812a84b77b","2011-02-01","Major",1,3663
"ea0886fd7f2b5ea198d7a6cbae9e9a9f98fdbc07","2011-02-01","Major",1,3663
"2ee3d2d1aef0eb6aada232dfc0c912f1b5abfbb2","2011-03-01","Major",1,3663
"3ed4ea046fdc4c41c8191225c7da05a04e5a4245","2011-03-01","Major",3,3663
"5613f4c7ef6450b700c60be48972a5c150272e74","2011-03-01","Major",8,3663
"5a8df74a4705aa2ce958d8024aca0ce71c146047","2011-03-01","Major",2,3663
"8f9497f8eabbc5df48330e7b0317ac28a8b9b98e","2011-03-01","Major",1,3663
"b4503671b1f2b5a907dc7a44c07dbc473f680282","2011-03-01","Major",4,3663
"429ae942574c9f62938ad77eebe70aed0500b665","2011-04-01","Major",2,3663
"42f9135da10dffe6d26f1bc6c70fa41fb211b627","2011-04-01","Major",1,3663
"48acff9e9e764931d3ea4f1119f4522451de3706","2011-04-01","Major",1,3663
"4fccc7a2464075e83e572a7907cc11831cddd872","2011-04-01","Major",2,3663
"c53e5a51899d949bc42f1d99d11be3b5f85a48b3","2011-04-01","Major",1,3663
"d94e3e1abfecad4c2f64b44db854352d946d7551","2011-04-01","Major",1,3663
"023d3b5e5e0bd0f1876071687c66a5228dfe37ff","2011-05-01","Major",1,3663
"0bd362b7c36f1121afd7c668208efa573bcaa977","2011-05-01","Major",1,3663
"aa8327f9f38b499006d10e3670ca1cedd43e07a8","2011-05-01","Major",2,3663
"15c9ad908b4758b4e976bd27d14ce82847133e5e","2011-06-01","Major",1,3663
"26c53ff8015368e2eb29316bd5736c1423171544","2011-06-01","Major",1,3663
"4dc4c05536ddda37e702966c87dfbe8acf120f40","2011-06-01","Major",8,3663
"5743afe84ad3bbad4c9e8876ddba8136ea4eb430","2011-06-01","Major",1,3663
"6322400dd6a7475457036e4780f627394e44cd58","2011-06-01","Major",1,3663
"84486ca56799d50fea090cda96622444a2722a9b","2011-06-01","Major",1,3663
"a85f923f5096b3918a4274af96d18a5fe05224f7","2011-06-01","Major",1,3663
"cbeeb7a0f7f0e8b16f2d382157496f9100218dea","2011-06-01","Major",1,3663
"fdab6aa450d59fdea765c50e8d176f9b963518c9","2011-06-01","Major",1,3663
"4af5bc1d3414b540dca896faff2a111cbc824fe2","2011-07-01","Major",1,3663
"59a25e47cd80ac39c03d74d774121222a4074c87","2011-07-01","Major",3,3663
"96bbe5d54fecc86b12055b0f48166c993c602f6f","2011-07-01","Major",10,3663
"d6c9aaac9c6c156391f8ee73e1cae353af9d2bed","2011-07-01","Major",1,3663
"5cb220971a58d00616711d8ba04b7eaff89445a5","2011-08-01","Major",3,3663
"5ddafe9abc8b594016f401c0b53a481e706e74c6","2011-08-01","Major",6,3663
"6b2b958f588526fac12ccf8b73d14afd2195957f","2011-08-01","Major",2,3663
"ca6f8d53ab3dbbfee1cfb56d080f44afc4b0e5b4","2011-08-01","Major",6,3663
"f8e049184dd09117b9f545b4e51cba7785330f72","2011-08-01","Major",4,3663
"2e63943561e774a385be66e7bc5864bb58ead14c","2011-09-01","Major",1,3663
"399c6105b7eda992d521cb55c96ededbbb456187","2011-09-01","Major",1,3663
"3f1180b9453899464b0ae49515cddeb8ae3abc7f","2011-09-01","Major",3,3663
"5299595334a0a1081b6278d61cac958c17fe7fe6","2011-09-01","Major",1,3663
"58e3eeea1510c1d6900b0ba3a56f8360042fe99d","2011-09-01","Major",1,3663
"6bf88ced45180274c5f2e64408bb06d6c496934d","2011-09-01","Major",1,3663
"74d9cd866e2f4aac42663e55a97d992fce47fd60","2011-09-01","Major",6,3663
"816d1cf4ee9d060ccc24786db2a9d7f75ff9b440","2011-09-01","Major",1,3663
"83aa1f285afa7232aaf3d2978d6b5eee23410781","2011-09-01","Major",1,3663
"8bc27529eb2c87a5c27e1ffd388a274d4c1ae44e","2011-09-01","Major",22,3663
"96a58299eab73941d1cb35a06cd55770c1e7ff95","2011-09-01","Major",1,3663
"9d940957b8ffd208a77eb357ba91a4e887f80deb","2011-09-01","Major",3,3663
"e76cec8a26846814f5ff7d84193a5221bc7f1b88","2011-09-01","Major",1,3663
"05dff333a7f46eb6644d28a4e15398d347b9a523","2011-10-01","Major",6,3663
"1646c93e1ebbff78b0fd424e5be557aa2197aa47","2011-10-01","Major",1,3663
"25cb090d660e8f678fbac171ffc2f587b9973800","2011-10-01","Major",7,3663
"2ec9af5efab3410e40dc84ca37264b58878727e3","2011-10-01","Major",1,3663
"32ba2e568824577ed8de32674e5b5022c007f85e","2011-10-01","Major",1,3663
"3b11e881fcf4cb7026604aac9d93b6497e48d0ed","2011-10-01","Major",1,3663
"67824e6224409f77fa397a0d6bb2eab5e6cc8081","2011-10-01","Major",3,3663
"6863c37db17db41ec027d3b17f0b9d5d0be96c72","2011-10-01","Major",1,3663
"6bd66c350edf268ec58aa985e0abf15f1bbc9f32","2011-10-01","Major",4,3663
"7f938c2334fbc55d7041a86bbf9ee9169d3c4c53","2011-10-01","Major",2,3663
"917650e918ff55d0b78a4784474285ca43e84703","2011-10-01","Major",1,3663
"9edf2779f4a329c3d3deb7753b5f14c26f9fcd4f","2011-10-01","Major",1,3663
"a8a8d0cfa669d7e192656d59d58379a6c755eb84","2011-10-01","Major",1,3663
"c71df90b37f72975985e1f1aac586ca9df03c81c","2011-10-01","Major",6,3663
"cce1d04789320d4eec13f197e3f3f0f7e15eda3a","2011-10-01","Major",2,3663
"d0c6120c146405f573ead402d4f520cbbc685a67","2011-10-01","Major",1,3663
"d350aedcf06ae86de7b615e963d39cb699723230","2011-10-01","Major",2,3663
"ed330af3e61a22a383c78a0c069a99f8e45f6f94","2011-10-01","Major",4,3663
"ee85d6448a90cc0e4072414ca69e85078b1fc0f7","2011-10-01","Major",1,3663
"226f6382496941a4baea6c1c0d22c8d3aed634a1","2011-11-01","Major",2,3663
"2a03bc205b096bb9ecff1ea9dacd155cb16da1fb","2011-11-01","Major",1,3663
"60a4fd63d411fb5b12cfd9e27b111b0ec476a87f","2011-11-01","Major",10,3663
"8477cbf40e28260d8101637eb7319deaec0af853","2011-11-01","Major",1,3663
"9afab51d38c0c7d75ce0fb50902b729f1450bbd3","2011-11-01","Major",2,3663
"a4910d0ca8f5034d75e35dd69059332f01a64ac0","2011-11-01","Major",6,3663
"c524540f1eb7c1d68597227ab677b47345bc54b5","2011-11-01","Major",3,3663
"d67c7ce1cf1329aee98eec413b56d57715abf9b7","2011-11-01","Major",1,3663
"22d6f350a34fc423220c265cfa98333ba4130bf0","2011-12-01","Major",2,3663
"3316324bafcc35616c57910003242c53cbf237aa","2011-12-01","Major",1,3663
"878808be848128213d13c3041848ddfffa998a5d","2011-12-01","Major",1,3663
"d4ec04f41d4de39a7b9091f0d0572ce11565a4ab","2011-12-01","Major",2,3663
"e00cf242322f82f0800956b17d726f0437db683a","2011-12-01","Major",13,3663
"f4478b4fbab0e94bef11042ed5ca3ab3e3145e8a","2011-12-01","Major",7,3663
"ff0797686c3a893ef2a5b6950356336a0712da27","2011-12-01","Major",4,3663
"3c2341a11b3691639e0467a016b29d65f92b9284","2012-01-01","Major",1,3663
"5c3b01a9da2390fdebbea5131cf80a96a9c8f67f","2012-01-01","Major",1,3663
"6b9cbd9736486821d189aeaed1e8d327aed2b2a7","2012-01-01","Major",2,3663
"856df33301221711789f0db744fce951eb70ba76","2012-01-01","Major",1,3663
"9c89179ca1ee1476da7b763702e1d72b3cbd3242","2012-01-01","Major",1,3663
"9effb5ca942412ecde9242c745f2df6da80853a3","2012-01-01","Major",9,3663
"a1d5f80e2773d6f294eef9bea1212a381b36b89f","2012-01-01","Major",1,3663
"a7a4baba6f12cc2e5958cfab28ed1ff3f8b7b533","2012-01-01","Major",1,3663
"b92be4347c981205ca2fb4362f8f03301d1ab905","2012-01-01","Major",1,3663
"cfd4afd6aad86f9dd98013dab041c32d07a0013b","2012-01-01","Major",1,3663
"e0a2af18a132e65b94c5033bc5142f9be2ddd616","2012-01-01","Major",1,3663
"1c3878284295d3d650a4b7af2d54d61b36b9668f","2012-02-01","Major",2,3663
"48260a675ed747cd72eab439aecd74b53389d4ad","2012-02-01","Major",8,3663
"55d172084943a64ca5683b8023a5f5f6e501d7ac","2012-02-01","Major",3,3663
"5dc4d7af3cb8c2d3ba805ee7b87022faf19a794f","2012-02-01","Major",2,3663
"64bdfe9eb24e219b071a06ae03cec49f15b1b71b","2012-02-01","Major",2,3663
"6a8814e232f4c1e8f1bc4bf31f6899c1968dfe5e","2012-02-01","Major",2,3663
"6fd3387c84e2440ae7fd375b6d1d464a02ddd8d5","2012-02-01","Major",1,3663
"7a1bd2dc503d3f243b2caf3fa07b1c0e6f1c070c","2012-02-01","Major",1,3663
"bf2e998408466d904fb3561789869f1f3e88d7eb","2012-02-01","Major",1,3663
"cf377b1b6d6a0e9d5b622d48b0617a9416ea574e","2012-02-01","Major",3,3663
"42b3513dc823ada6184223c790c555fab18fd46b","2012-03-01","Major",2,3663
"766b1432c4d95e3f75a2c875bb06c94f22c23881","2012-03-01","Major",2,3663
"8b226d4031aa2d304c8875572c77e9691c2b03fc","2012-03-01","Major",1,3663
"a0ceee0c3c17dde75faeb009bb6376b40780681f","2012-03-01","Major",1,3663
"a36a9e9868f8dd1e6d1339216751c4b3c1b34880","2012-03-01","Major",1,3663
"02dcd6378070347f2b3cc59a82e79e60afa0583d","2012-04-01","Major",4,3663
"0656b1c4d58239d63ee024d40f18d0cb521c43d2","2012-04-01","Major",2,3663
"195663f2cb6a2408c7c6a6ba948c086fac9f93ee","2012-04-01","Major",1,3663
"3765e7589202a1f3e3fa5ea192bc680c3f36b7e3","2012-04-01","Major",1,3663
"5a30492229e3b09039d60979f74f6632767677d5","2012-04-01","Major",2,3663
"645ba81023a4838e726bd10f10f0b71c5fcdccfd","2012-04-01","Major",1,3663
"822048b8d78fb6fb3939051945ec979343438f5a","2012-04-01","Major",2,3663
"8a8d5afcc65f6ca9afec99ff54348f8babc59f33","2012-04-01","Major",1,3663
"bac8c22fd28479a3be149c0d742b8c7417381091","2012-04-01","Major",6,3663
"d587569cd53c0faf8821260d65e4bb38a3094a58","2012-04-01","Major",2,3663
"dc498831f5fb9740047ac9bfe023809a1b801a5c","2012-04-01","Major",1,3663
"fecc55438abff5746328fd447a81af2bd73dc2aa","2012-04-01","Major",1,3663
"0091d027eb6b5c0af093995f5e95f49b1daddf7b","2012-05-01","Major",3,3663
"051dd8b2f33482b8400e6c21129e10dc9c5af193","2012-05-01","Major",1,3663
"0b72a9327340e3908c736701da6ba4b8ac0db8fa","2012-05-01","Major",1,3663
"5022cfb7d332c4b85c8069f3d54a0e85506c0508","2012-05-01","Major",1,3663
"62b501232e0657d55d8dc3a1570e817b29e8d4c7","2012-05-01","Major",3,3663
"763dee45853bbd9e57fa12631153656d9a9987b5","2012-05-01","Major",1,3663
"88632261d3610daed00d1db46a6dc909d39e889e","2012-05-01","Major",2,3663
"98d7c7372d276eacdcf86f82b7a8a5114a83fe60","2012-05-01","Major",4,3663
"ba24747c476428745f25b86ed617e68088ab4418","2012-05-01","Major",1,3663
"cdddef93f1c63fbe2a24aa8a2ccc95c083f3750f","2012-05-01","Major",2,3663
"d167a72774417278e1175f532aa83059c28c8b0c","2012-05-01","Major",3,3663
"dba687f01cfe5aad36c3df1b830b1e1d6ab4592d","2012-05-01","Major",2,3663
"e14d55e4eda0d6f5efd02af04b1a999121eb09b8","2012-05-01","Major",3,3663
"ed971349f0a2f8213ef7cdaff3f9f2752c2affa8","2012-05-01","Major",3,3663
"f06455cacd4772f68cfa50a12ea5dc3c4be3abf0","2012-05-01","Major",3,3663
"29345a6d6b181956d3eaffe8d068aca63654e4cb","2012-06-01","Major",1,3663
"317910b365b595d4da4fcb21d1d319f27e541af2","2012-06-01","Major",2,3663
"4d14f1393adaf3dbb00649624a565e801938f243","2012-06-01","Major",1,3663
"520683b97f57c3677eddb0d906cdca8308a7686c","2012-06-01","Major",1,3663
"596e64f858ebccb32b987bc76e3376f3bb5bcbe7","2012-06-01","Major",1,3663
"6d4587810ea0a6fcabfa5a8c04683b5c2de3f5db","2012-06-01","Major",1,3663
"d0d0a9a396fb904e826a4909efd7772d12a81180","2012-06-01","Major",1,3663
"e9ce1914f50a46db28ed6a9878f8cf12ea8938bd","2012-06-01","Major",7,3663
"f4650169ef770f96e42fb85c13737969adf5e7bb","2012-06-01","Major",5,3663
"04ee1a5d069fd3d212f510f6ce42afb66202c3ab","2012-07-01","Major",2,3663
"06f64f9db08ec4140b66c118f3fcf5edd6bdeec3","2012-07-01","Major",20,3663
"0d0b2f7717f88c8e837399548bfa2ebfc12c8587","2012-07-01","Major",12,3663
"17499abfc0c1fc23c54114f09e8fec348a8bd42d","2012-07-01","Major",3,3663
"2a96a353bc1c6f4455ba80708c726442599f9b8e","2012-07-01","Major",2,3663
"394f7afc5250815477ea479e29bd55d0953ced41","2012-07-01","Major",1,3663
"3ad729de7e3859f47c8f6181ec8f7e1626308cd5","2012-07-01","Major",1,3663
"3c3b2fe1e3fb103d9c37702971dad39a768142e2","2012-07-01","Major",2,3663
"3de849ac548c85be59c7708d3520e57b55ee1e10","2012-07-01","Major",5,3663
"48feb24ee7a73e7e964f1f185bdc1947d757e10e","2012-07-01","Major",2,3663
"4b8a040b84d67d5cd9c2ed2063416aa08a676af0","2012-07-01","Major",1,3663
"4bec9ebc81ffb5d20dc121ee7818272c697faaa6","2012-07-01","Major",1,3663
"511291dbe3fb2ecb7bc106678e073c85169bc3d0","2012-07-01","Major",1,3663
"53c270d0e2868fa5ad48ce864f10a9486b11a071","2012-07-01","Major",2,3663
"549521112dec1821584258e68d1224b98f8e52c8","2012-07-01","Major",1,3663
"6423ba1af88491d580715813a2aa72deb7ece95e","2012-07-01","Major",1,3663
"6cddb7cdd31fbee94ec424993e99e0b7f7bdb90b","2012-07-01","Major",7,3663
"76883f68eaed736caa298a0177da9fbcef5f31e3","2012-07-01","Major",2,3663
"7b916078d6e1f3bc54124a9433295a8c3d825c22","2012-07-01","Major",31,3663
"97d2b4dc9cbf4f0098bd21e71beabfeba9f62f81","2012-07-01","Major",2,3663
"a5c449b83a401bcd509f858fd5a6caaf0acad089","2012-07-01","Major",1,3663
"acc39b2e08cc8f8f729fd111c686168b4788a4c3","2012-07-01","Major",1,3663
"b3b7df0c0beea646479be468b888becce5336c87","2012-07-01","Major",8,3663
"c979fc48b9749e4bdfad04608f22e5e527c95e6e","2012-07-01","Major",1,3663
"cbae89f4176a96ed16641acbd1bb43717bf35284","2012-07-01","Major",2,3663
"ce65958b63582548675aa598d5126be798e1e866","2012-07-01","Major",5,3663
"d0d534568c97271e03a0e9f9c16a0966fb50b97a","2012-07-01","Major",1,3663
"d12d25e3515b329f65da8f276965fe46c7c628ac","2012-07-01","Major",1,3663
"d491426eb88b7213dd4d688eddb49f71276f6bff","2012-07-01","Major",1,3663
"d7117329400e47d2187ed033099d921d555f8d71","2012-07-01","Major",5,3663
"d807ef073eaaaefc27b8242b4b0ebbf4f021b5c9","2012-07-01","Major",1,3663
"d9db0727ff48f96f5312e65c8f0296f634d2c2b4","2012-07-01","Major",93,3663
"da4f5b9e2b83771b23dbcfde62499425fe066e93","2012-07-01","Major",1,3663
"dba99c7857d42189201f30ddcf77ed9962f2df31","2012-07-01","Major",3,3663
"fea7925589f6b768252b07c9df8f44ee70bca032","2012-07-01","Major",4,3663
"005e8cd9be521950330bb98c9c207bc6c172c6f6","2012-08-01","Major",1,3663
"1be85dff7bd44741595060238f432630d0ed338b","2012-08-01","Major",3,3663
"1ce7f05e303cda7e53cf7d8e7797f0340e10fd14","2012-08-01","Major",1,3663
"1fcf9757746de2d4d19b6c07bc59c8b5f1bf14b2","2012-08-01","Major",1,3663
"1fd0404b4c8fe5e6da8e04dfef44bf63a4af0a75","2012-08-01","Major",2,3663
"207b8aa56d272e20d5d3e052753e15b8fb43214f","2012-08-01","Major",1,3663
"20b76889515d83c2dc3b96bc10be2bdc16008a77","2012-08-01","Major",1,3663
"2376ff2b60705b0f09194a818aed8b26608c652c","2012-08-01","Major",1,3663
"2e775bd7f8648fad7395cd0f63aa234bbb04675f","2012-08-01","Major",3,3663
"47744dda4fc8978aafdbdd4fc392205da6fcd668","2012-08-01","Major",2,3663
"4d3762940fbce8b7db14ae57a97e476fec64840d","2012-08-01","Major",2,3663
"61b86e0724150d4b7684acd467ecb333386b8617","2012-08-01","Major",14,3663
"646f1cd7b54692a6b4b0f349c2e737745378be07","2012-08-01","Major",2,3663
"65890298dbe26d1058f523a6eb4741d57b05142c","2012-08-01","Major",6,3663
"82084a0c02c958a8d5bff4f847fc1507b10db9ed","2012-08-01","Major",1,3663
"8552f549530621cf167f77f9aa6beb20f9efa1ae","2012-08-01","Major",1,3663
"8e3295ba9852660b90f747372e29c55044e1b3f1","2012-08-01","Major",1,3663
"909850a4945fb9f37c8005a31f501861df9b3942","2012-08-01","Major",3,3663
"9281a4f2088428557b9f1a458eb9446ddc2a97f2","2012-08-01","Major",2,3663
"93ce2c030c0b2870f63dd2ccd489cc9f317e2962","2012-08-01","Major",1,3663
"95396a8b447160781f7db8b5ab9bb4bb95fad32b","2012-08-01","Major",3,3663
"a90a9a536c8ca0aaa6e1fda50b78f5234dd66afb","2012-08-01","Major",1,3663
"a93481f9c50c50ce419ba0b20e50296bc17da8f6","2012-08-01","Major",2,3663
"d2a1f47dd173cc6642832c33b554c506dc97b7b9","2012-08-01","Major",1,3663
"e1600cd686e32a52e126998413445f038be81e01","2012-08-01","Major",1,3663
"0c825d4a0b89c103ea798fe7fb816e3a0c48534e","2012-09-01","Major",2,3663
"2d03d2cc815d66cffffbb19cea3f0a05af5273ca","2012-09-01","Major",2,3663
"3294110d20c189805940996623d6a35fe8cfa9ad","2012-09-01","Major",1,3663
"33cf3c6f2530732e85a93d42c153db53844feebb","2012-09-01","Major",1,3663
"4b3a3a7205def4e179c40fe3c4986be4f34db7da","2012-09-01","Major",1,3663
"6008e4c5fd5e0d3e08d8c82f0d0ffad059d98c06","2012-09-01","Major",4,3663
"6d15cbe99d93a6c6284cc9a571a4aaab52d422b9","2012-09-01","Major",2,3663
"7736c2c6404a9c0dbb91d059cc3c685ce2758378","2012-09-01","Major",1,3663
"96fc865429ee5b34f2753e56754e19b0610c778b","2012-09-01","Major",1,3663
"97db5d9cdea8fd4d8dca15e5d833c81bdf4dd40a","2012-09-01","Major",1,3663
"04a0a7c674fcc8adc28da84eba1b79c4d9acb246","2012-10-01","Major",2,3663
"07ad1e0728553817e7b9be9b4d192383760c201e","2012-10-01","Major",5,3663
"1fa24555b7b0d1f35f24ec05950f218493cbebc2","2012-10-01","Major",1,3663
"21d707d66460233596a04f6dc99c945d2dbc3085","2012-10-01","Major",4,3663
"24087e3c48c1d2c56be31e85af7a3b89df291f20","2012-10-01","Major",1,3663
"2d9397799e9e32a2d1e363d9b062aaa4acd24077","2012-10-01","Major",1,3663
"501d327ad2312a97fb585369f3537563b8d296fc","2012-10-01","Major",2,3663
"79d952dfc05948d4ac6d3a50d8e99bbaf644e71e","2012-10-01","Major",1,3663
"aa8e1dc5127b56bd96e9d3068a6bfeb7c1a07a94","2012-10-01","Major",1,3663
"af44b7b8df5bcb9bb304e36ffad9b65c6ee22594","2012-10-01","Major",1,3663
"c4ff1663520f2167d274ac04cad7a88e9ba5902c","2012-10-01","Major",2,3663
"cb90c55a22ca5a4f97e624b2f69b3b93e6feba74","2012-10-01","Major",1,3663
"08bc2f346534206a45be0e5ec506cd03feb9d849","2012-11-01","Major",1,3663
"2d58084816390a61d384bfc150e5383dabdf7448","2012-11-01","Major",1,3663
"40948122627bc65da53270238a941b8b417f6627","2012-11-01","Major",1,3663
"69c489d590ddeb7d532ddb99943e0990173a8110","2012-11-01","Major",16,3663
"6c539304a552f3bc52cab0770fb34ab966f55480","2012-11-01","Major",1,3663
"d10215fcc77e2bace075104b8ef4bc48ad63f5f8","2012-11-01","Major",1,3663
"d51d1d2b513439798024cf9474a2ed4f00f4c2d3","2012-11-01","Major",2,3663
"fed907815cb566ba4ebf7c6cb41e3656015eeec7","2012-11-01","Major",1,3663
"066ecf70733166c2318ec32238e4cb8b8b79e1cd","2012-12-01","Major",2,3663
"0aeb67d4934d2748002349669caeffe481dd5a11","2012-12-01","Major",16,3663
"0ce58e3a12410255c643ce5d7be60b30ec1e4960","2012-12-01","Major",1,3663
"160021d315e1df7d6523283d83d1e6052fa1b1f7","2012-12-01","Major",1,3663
"2357f3501718967003914da4f1f7659b6593aa0d","2012-12-01","Major",8,3663
"33170885f097133e609d9322405bcf3dcb70a546","2012-12-01","Major",1,3663
"360a32a81904ce6f662de420cfa57961f2726d14","2012-12-01","Major",6,3663
"38901ca5e684a8fac75e6ff740d45c82dd44181a","2012-12-01","Major",2,3663
"3f716d732b8473ffbb68daf192958dbe1702aa39","2012-12-01","Major",1,3663
"4ded0924fd82e006f31a8e9089fd297fac15eef9","2012-12-01","Major",1,3663
"5651d18eb8c9edff5961a32c488641bf6776ca6b","2012-12-01","Major",1,3663
"586aef885f64352bbd3c1b9e68ae2020f33d5833","2012-12-01","Major",7,3663
"64272f77902c91145f6dcbaad5919791b4bc7e36","2012-12-01","Major",3,3663
"66650e5c52a59e1c57e5b932f2dbbc3c415973d7","2012-12-01","Major",1,3663
"6aa0c81d5785f0553418030edf2758c3ef5f0b09","2012-12-01","Major",1,3663
"6d28a5d6e8cad579ea4f38df146d777083f73bb6","2012-12-01","Major",1,3663
"81df4008fe06b7ccb0ddee69d190608a13aa4020","2012-12-01","Major",1,3663
"886741a1eb01103952617be3fe0f1cabb0bf5806","2012-12-01","Major",1,3663
"89dd1240a6077b18f6d6e4b119b403de38b73141","2012-12-01","Major",4,3663
"93c0b8808b9cfa4cbcf3ef014385016ed8bd5038","2012-12-01","Major",2,3663
"944a5bfaa3a71d3e58ab00fac55978df51d03bd7","2012-12-01","Major",2,3663
"967dcc28f43cd47a75b7ff2c069807edb9929400","2012-12-01","Major",5,3663
"9e90b875f77b58c3851d9c6ad5d0cdc052e22c17","2012-12-01","Major",10,3663
"a11304268326e26317883309e10af92935efd663","2012-12-01","Major",1,3663
"a2a4fccfa8ebd09aea232913eaa3bf1752038e40","2012-12-01","Major",1,3663
"ade7a484f33f223defad9acb50396058767781e1","2012-12-01","Major",2,3663
"b24b8324b15250865f7f44178cb5c5fba80074e8","2012-12-01","Major",1,3663
"b4f85bccc9ea4b28c4fcb86da6fe44bb48d9bb52","2012-12-01","Major",2,3663
"b55d54a50ab5586dba439cdadde9418f0ae96783","2012-12-01","Major",2,3663
"db084cb64d226afc8489386c7e3f45e6f584e43c","2012-12-01","Major",3,3663
"e25e9ee4704398f0f276f6f9e91d948b8924356e","2012-12-01","Major",1,3663
"fb840471fd06dd52fbf9f656204561028682264c","2012-12-01","Major",2,3663
"00170d90c72d0cd2e6fea434e88c03f8e09f7631","2013-01-01","Major",1,3663
"08ff6d1d2124565b10c0b22b17769bf91fc6d5c2","2013-01-01","Major",1,3663
"0cb3c8293b37ade115118096298b002a7a9f7c9c","2013-01-01","Major",1,3663
"169483bab63dc505c7d6c304d05c5ad8a7278452","2013-01-01","Major",1,3663
"2a6100c60c0cde68cbb37ff11075525df222b5da","2013-01-01","Major",1,3663
"52b4df4b2b6d2c70fa333ce712041fd85a65d7c9","2013-01-01","Major",1,3663
"645d0943d61885d714e39652b2af65cee4741d17","2013-01-01","Major",3,3663
"7afbc9dc94e36ede35f06a9269e2853c002f8f6f","2013-01-01","Major",1,3663
"8e7cb1cc11fff189c5d69940d9e714d5b84c2fed","2013-01-01","Major",1,3663
"b980d54cb2b77b6b9c54168e9c7ff772734caaac","2013-01-01","Major",1,3663
"b99acd6fcc30ea537d8a758ff8ce5e2f84848781","2013-01-01","Major",3,3663
"c2ce0f99c1551161fdf6e13a9f83bf8cb656b6d6","2013-01-01","Major",2,3663
"c435fd0695ad927921b83d93295d0e79ae4cfe0e","2013-01-01","Major",1,3663
"cf558c8514686851b8eea544a0b110c7d705ea9e","2013-01-01","Major",3,3663
"e38317b878708d67ba3a67d3ec2972ab8355fb83","2013-01-01","Major",2,3663
"ed6f1cdcd72e6e3e9076f5440977e45ed1911811","2013-01-01","Major",2,3663
"f704e294870a148536b712f4138e5c504d662041","2013-01-01","Major",1,3663
"054b1e3059f5b9b677d2117ecc3130fa6cd79f1a","2013-02-01","Major",1,3663
"080103de0bc8c70d37125fe60a8886371ca35cfc","2013-02-01","Major",2,3663
"24aaa6d7566eacc8f848f22d213a09a44a061121","2013-02-01","Major",5,3663
"342e1b6f371d5852ead85131d72643160fa66522","2013-02-01","Major",3,3663
"3af28bc8e78a7f281b68c36ffe515b5c8a17e507","2013-02-01","Major",10,3663
"3f294a7b6661df7d8dfad3dff175f8807b257c44","2013-02-01","Major",1,3663
"4c7d4c4cd46f64538ca0b3e186b52bdfcaa97e29","2013-02-01","Major",4,3663
"89a3db7081798ffe0cab1a8c3a173a6c0a61297c","2013-02-01","Major",2,3663
"98144c40bd5614237d23a95d068b8036af7af9ef","2013-02-01","Major",1,3663
"d2c32e501165544b4afda9813c714b3a7a55cb33","2013-02-01","Major",1,3663
"fb09bf930c5e0e79b67fbbd323b46284591b8624","2013-02-01","Major",7,3663
"162abf754b75238ed0f772563d602a964e8dc149","2013-03-01","Major",2,3663
"74f914e293a112ee53ec4c87c925c5e56199f4b3","2013-03-01","Major",2,3663
"ef359ad7565e3b46691582358fd07f1148c933f7","2013-03-01","Major",2,3663
"1498c1a6dcb7f6b9aab93838bc9dfd55fd2a5c59","2013-04-01","Major",3,3663
"727cae4b26d528887e8cc0e7fd503df5b78bc3ac","2013-04-01","Major",1,3663
"8c5ae3c24c95381b52530ac76a80598bb750c1ef","2013-04-01","Major",2,3663
"9b00583aabca2c7200189c8e40f34dda819c3e80","2013-04-01","Major",4,3663
"b376dd82ad9beba54e85911a39f41ba8cea08498","2013-04-01","Major",1,3663
"c146806dc176f81be0c7554d67f9e981ee07a3b9","2013-04-01","Major",1,3663
"ce2043a7a81d2d8c9fba3b87a03df52df99e4115","2013-04-01","Major",1,3663
"1e48dc8f9a8a90e8e644ce78882c9468ca1d298b","2013-05-01","Major",2,3663
"53da10780a2728cdd77bbae47ec5755efd929ff5","2013-05-01","Major",1,3663
"562f2b86f8070c3fe6b21c22fdb8bda76acf6e6b","2013-05-01","Major",2,3663
"a51cd9ea7aa32444ff48b3f29f15c410581b6540","2013-05-01","Major",1,3663
"a58dc77fb50d67c05d0f695d1a7173ac6241649e","2013-05-01","Major",1,3663
"bd39b5703f5c58a9097a2c409bf83c222d42fbcb","2013-05-01","Major",1,3663
"2b9345730cd95ea9efb4e1b78d40574f6c316f96","2013-06-01","Major",1,3663
"961dc48ae20f970026f87d0e74f31cc7094ea654","2013-06-01","Major",2,3663
"e06d243fadb351b63ba6e7734fd1a9b9fccf4d50","2013-06-01","Major",6,3663
"e7f1e5ae3e1b218bac1f1aa70c17847aa32a7151","2013-06-01","Major",1,3663
"11811349f8a10ce419d980c01a518c774fe8a5e5","2013-07-01","Major",2,3663
"2e436f5c75fcff49518a33eee6429a23f556ec6d","2013-07-01","Major",2,3663
"65bd4b98e2e5ed8518beb94fac05c9d9967cadb7","2013-07-01","Major",3,3663
"665a6e44005b4a0d5e4911b81e89d9984695e40b","2013-07-01","Major",3,3663
"7f9c7c8731821149ff42971fad18e2a9abbb4c10","2013-07-01","Major",3,3663
"88103312ffac176b8ffeb159bd75fc3bbe2c452e","2013-07-01","Major",2,3663
"164e49a27eeeedca800f466b0b14a4e61a162007","2013-08-01","Major",1,3663
"3935e102d8195ec12349e688b87e200df4f33649","2013-08-01","Major",2,3663
"4a8b1c0544b168b25cbd3b016b7aedee263515ba","2013-08-01","Major",5,3663
"6d149d8595d93c706c816a22acaffef37ea34ca5","2013-08-01","Major",1,3663
"74b6fc3525a04432495cb2db5d6ce62c5a90c5a6","2013-08-01","Major",1,3663
"761ab8aac93e85cadc1c32e1abbd9b87060a65f7","2013-08-01","Major",1,3663
"825e817118a3e046e3b11443b518cc552a168aee","2013-08-01","Major",1,3663
"8524d46134bce62ee6d8a534a56c24da90651b9c","2013-08-01","Major",3,3663
"a7ce33ef264e0794fa1e406a879607018cfc6597","2013-08-01","Major",1,3663
"bc11dd3f7399faa09a6b149ccc4afccd1b5445b6","2013-08-01","Major",1,3663
"c3cc4a9d3d033c9a53ca83fa8b903d7be5dddeb5","2013-08-01","Major",1,3663
"d24e469c9a4e11a6ca05dab8b4c95d4d14186c75","2013-08-01","Major",1,3663
"e3705dc057a0deb80a58f93351f145c267349c4d","2013-08-01","Major",1,3663
"e43eef9705634317a7af7d1217793925b1b13ab9","2013-08-01","Major",3,3663
"fbc47c33a98e5b3ff4d38daab348d70c7aafa042","2013-08-01","Major",1,3663
"fe3735f81a8e1bfa5242904a94c30217a5101cbc","2013-08-01","Major",1,3663
"03fd6fdc23e0652dda8cb11a16d3fe9b41e16ba9","2013-09-01","Major",1,3663
"3a308914423d4aa16e5546c1484c983c69fd2780","2013-09-01","Major",4,3663
"96da2df64c9dd8cc52e97ce73e54615d6b520664","2013-09-01","Major",6,3663
"a5d3351caf88824db7de968f312565851d47840a","2013-09-01","Major",1,3663
"d1cb3455a7278a7a5d8ac770852ae489a54e6452","2013-09-01","Major",2,3663
"38cbd9905ea3f87bab16663a90375dbd48b75b49","2013-10-01","Major",1,3663
"3c96f1977a556b76bc768edeb78497a2e92dd898","2013-10-01","Major",1,3663
"bf4afcdaa5443cb9bc8829817b3a510010a99325","2013-10-01","Major",1,3663
"caa68752e295d48a3d1d9c6e5334f6c17a576000","2013-10-01","Major",1,3663
"e5fbda83f6045a610054b179ae60fc062bded101","2013-10-01","Major",2,3663
"0152dca6d87b6e737c730e842ba226dbe4de1d86","2013-11-01","Major",1,3663
"0f22a7505ae2e41e2a9e17854d9bd362f5a72945","2013-11-01","Major",1,3663
"16fa40768078ed676b6ffe6ad0f5334a273ed428","2013-11-01","Major",1,3663
"48419347e7682a242ee94afbdb35001ccd02aaec","2013-11-01","Major",1,3663
"4e755ba87e2937ce32c53c2983d4efe8b9121541","2013-11-01","Major",3,3663
"8ca8bf9550e92f45efab590ee7ff53b83bae8e75","2013-11-01","Major",1,3663
"b16b45344b10d6dc3abcca10ed477c5ea45787c8","2013-11-01","Major",1,3663
"da167aad39438d4df33df189c97bd07e989d38d0","2013-11-01","Major",1,3663
"094eee8d1e0ac31e83f45e026ef26688e1468884","2013-12-01","Major",9,3663
"26a65181db0b1fc3eb97748a5e3d9ceeecdc62e3","2013-12-01","Major",1,3663
"28bec1b4fc48dca58f347ec51916269a90218f65","2013-12-01","Major",1,3663
"4c2d1ac3daed3940217da2477546db31fbdb1b43","2013-12-01","Major",2,3663
"64e667bda5009c8f1acd03659c457e26b16457a6","2013-12-01","Major",36,3663
"6510806d97713450625bbd648d3ce6cd953a4df9","2013-12-01","Major",1,3663
"7b14d465c87c07d9a9dc6319ee0bfc134e3e975b","2013-12-01","Major",1,3663
"9530c7b58197d7d45e21aa60a9986735ccf515b1","2013-12-01","Major",1,3663
"b766f11049d98f54980f64a6261914610e4e5116","2013-12-01","Major",1,3663
"c92ef5cf5fc71d6cd6c29c87a258561b8a525d2b","2013-12-01","Major",8,3663
"ca47f77b3b672cf158863246702d3e4050f60481","2013-12-01","Major",4,3663
"cd4f6a94f9275670091326a5aec8a07bce7f8d79","2013-12-01","Major",1,3663
"dd3e2f4d9be661a5fae96c81618fb25c438916da","2013-12-01","Major",1,3663
"f0f3d6aeeba584fd795168f93c30de474585da1d","2013-12-01","Major",9,3663
"f5498190f9717d1366b4d57a7860899f87f0fc86","2013-12-01","Major",1,3663
"fa2b82c870277a4b6717c852ea0185442af93014","2013-12-01","Major",1,3663
"17bbf1197b0bf3ffd299e4f1a5b45e674982d546","2014-01-01","Major",3,3663
"3c9849e3251534ff1dc0a24e5b9ba9561a2d6404","2014-01-01","Major",1,3663
"3ccb212449e7ac4f43888eee93366be934a87445","2014-01-01","Major",3,3663
"4684b8c77f65db28a39bbd2c88d861d41931498c","2014-01-01","Major",3,3663
"c6ca559e4e29bf00b6f61387b2e24fe53e463312","2014-01-01","Major",1,3663
"2b0de6b7de7537c7d36ab33a7e5cf0e274ea3e23","2014-02-01","Major",15,3663
"1c71cb223b00eaa5c776229d9e0312ba852ef87a","2014-03-01","Major",6,3663
"24378ecafe7e62b1f45ebe38ae3aed73f1ac480e","2014-03-01","Major",4,3663
"4106873f790b13f32467f8f5fd567b41b8ad5686","2014-03-01","Major",1,3663
"76cd3dcd6a3eb621cf4976457c9d1b2ab9c0e468","2014-03-01","Major",1,3663
"8224b826bdadcf8676854723ff51604a5645aae2","2014-03-01","Major",10,3663
"8e2402651807403c6d42ecb75563f480405e8660","2014-03-01","Major",22,3663
"958ce5e82c1c18e6da405cebab69099def307b48","2014-03-01","Major",1,3663
"96279397f976a3bf2568373e9baafb915e47c4d3","2014-03-01","Major",1,3663
"96b890dc8a66d3464c380053ae3ed90937213670","2014-03-01","Major",28,3663
"a1591e15bf2c4a690e79698cdd078f6ed01e48d3","2014-03-01","Major",25,3663
"dc94ea443305ae2a326f462bf8ce9fc03a3ad4b9","2014-03-01","Major",2,3663
"f2a22c9949ea625c7826f0f93144befb707bedf6","2014-03-01","Major",2,3663
"0ee90b166ba4a9ca3c8c66a531d97c661536087d","2014-05-01","Major",4,3663
"ba5f2e307b2ee45f4cc166f6b488c7bc8559bfc7","2014-05-01","Major",1,3663
"14a1d3158f1136e2a146601d317bb4a5dddbb9dd","2014-06-01","Major",1,3663
"9e8b1f769783991f388200f32a66dbe2722f2912","2014-06-01","Major",1,3663
"add13ea00e31f9f78d8dd4b26109575a7500dcf6","2014-06-01","Major",2,3663
"b0918d0a5165ba7f33564acc35e1ee6b9850c77a","2014-06-01","Major",1,3663
"6dac94fc54f509afc63239c0e6529c5da1bb40f2","2014-07-01","Major",3,3663
"c02b802e92663bc376030254c0017893a0c175f9","2014-07-01","Major",1,3663
"f0491cbfe31df3dc00810c2d5c80e3a736b46fc3","2014-07-01","Major",1,3663
"9e48e3d13ecdea7be01618fbbee7ce419e3f9231","2014-09-01","Major",1,3663
"9913ef277bac99421f8af059b3080c40e8c61b28","2014-11-01","Major",2,3663
"af73c4f92628576de71a94baf493e9f26632014b","2014-11-01","Major",1,3663
"bad410554310c94ce2a758b9e8d3ca2c0e39903b","2014-11-01","Major",3,3663
"c8ff05b7308818b914ab7738fdaf3dbf5fa11e16","2014-11-01","Major",3,3663
"dfc36f5feefcbc20fe2f61682519ba5373b03a84","2014-11-01","Major",3,3663
"0ebeb24f7935729deb29acc54b59b4af8fec09e1","2014-12-01","Major",3,3663
"18d376304d66232ed91674a4696599e1f5c8b28b","2014-12-01","Major",2,3663
"37c8e71c0e4a080207575b9a16a632fe6e6071b0","2014-12-01","Major",1,3663
"4a03b2e8104ff671bb8eb5baefb6047cce513bbf","2014-12-01","Major",1,3663
"6a95b6de15c150adfd959553a19aeaef8261deb1","2014-12-01","Major",2,3663
"8814eed710cbc383798fded94577932c26091a4e","2014-12-01","Major",1,3663
"89d8415020ac22412317a4d6861bb12682e0f574","2014-12-01","Major",3,3663
"f326ec5a002bd47857d6c66c4df298b52540b2bd","2014-12-01","Major",1,3663
"28b4e579bbaa1e573a831de98ad9c8ae1c9e3238","2015-01-01","Major",1,3663
"816baf2e3a1afd8a3af3ef2b0af23bf5a4a686f7","2015-01-01","Major",1,3663
"a3d6fea00b9f27cd89495a6399e5fcc99e30af10","2015-01-01","Major",1,3663
"d545aeb93cc53c575c045b04da252a851c848373","2015-01-01","Major",1,3663
"02f805dbf54dc6a30b53aa3b1607fd2c911e411f","2015-02-01","Major",1,3663
"21a213b4de38b507f3b0f089e94b08846c596fdd","2015-02-01","Major",1,3663
"29a976932f1e991794f9c1efe8c346328902fc68","2015-02-01","Major",1,3663
"32536d93a57b1599f5a6329700148a236dfd50c1","2015-02-01","Major",2,3663
"55bfb80d42b3392428dfe1d07643b7c36ffc8e3e","2015-02-01","Major",1,3663
"8dcc74e0dd278c6cf0be119aa7f6f969f8418649","2015-02-01","Major",1,3663
"af2b1e75131cd7043fb243f7e84b5199372103fb","2015-02-01","Major",2,3663
"019488c2bcffe70a62166406f39c7905027edb59","2015-03-01","Major",4,3663
"18b7d1b62e42440965d69ccba3a6e1aa241a6f37","2015-03-01","Major",1,3663
"1c3983f6d0b4097492963f57dd1453f32616c3a3","2015-03-01","Major",3,3663
"3401c861f83c0822ab97fe9d169e8dcebd52da23","2015-03-01","Major",11,3663
"36d472e866abfdeedb31effc14dbf896b8060731","2015-03-01","Major",1,3663
"3dfcc37bdbee7037149b61aa26f401d0fa54f1f5","2015-03-01","Major",2,3663
"78e74de238479c2cc316cf6f888c53ddd087b51b","2015-03-01","Major",2,3663
"aa42dd5588eaf617264cc0c9a0984b8c79f22603","2015-03-01","Major",2,3663
"d5b3023038c999341f44e686f48ba0eb976ba485","2015-03-01","Major",1,3663
"d6811baf8afd41721d1080af80a2801b4ba6d81e","2015-03-01","Major",2,3663
"f428c8f511247a66fd75eebc158472fdd7c44f9a","2015-03-01","Major",1,3663
"3d2fbc1f4aeea692be162f2dc40ef1a5dd774689","2015-05-01","Major",1,3663
"2dd764906f7d7403b6c47c3e339177085f540c1b","2015-07-01","Major",3,3663
"b9c0435d72cfdb0ca615181a8fad6ebe5fa8363e","2015-07-01","Major",3,3663
"ccdf14c9c675baa70399ea2fff68e4ffc472c235","2015-07-01","Major",1,3663
"2215e458139cd9e7f321feb4a631aec8f8778251","2015-08-01","Major",2,3663
"5c49be92c13a7b4bf39568571719cd88e07df9ce","2015-09-01","Major",1,3663
"8da87a6aad7cd221bdf787fcd1a9e8f12cd8d43f","2015-09-01","Major",1,3663
"c5891e156a0f8047490bfe71bcb44a53a2545fbe","2015-09-01","Major",6,3663
"0237aea4250600f9fd273e247cccc844472f6ee6","2015-10-01","Major",1,3663
"a185ec2543034d7eaae5e18e2f87a3ecbc02297b","2015-10-01","Major",1,3663
"a28a6974cb5f176cf0a43fd99c3b19e26a52399e","2015-10-01","Major",1,3663
"dcf45cb5defb419d682d40ee0a5b14f6658c5835","2016-01-01","Major",2,3663
"4924ab7665f223e7fb24f9fa624b3570cfcadce7","2016-03-01","Major",3,3663
"6a8826f0d25459c943719b88f22619f22b81c547","2016-03-01","Major",2,3663
"205342c243ae68e3f96b6cee2a280c302f6bbc8d","2016-05-01","Major",2,3663
"5ec000ba17a1d5b808a71ef5909265713415bd45","2016-06-01","Major",3,3663
"8005ba442930b0b38d61d97496d8b52a886f18bc","2016-07-01","Major",3,3663
"8e1b0f5a99b1f1236c3d1124cc718e905e5741f1","2016-07-01","Major",1,3663
"cdaadab5c6e65eb91715c0d6533749616ec962b7","2016-09-01","Major",1,3663
"8d337030bd7b4c7a9c141765cc5bcedbffe3d7e0","2017-04-01","Major",1,3663
"3a1b8c0b5b1441545a66fc9306bdaf19e4c3c37a","2017-05-01","Major",1,3663
"5e5657c929c1a6146944c17c48c24af6ad90804d","2017-05-01","Major",1,3663
"e3267e59e7fc2192df2acc2c1d0cbc324e606b6f","2017-05-01","Major",1,3663
"46a777a879a877ee9306beee0876a51a67b95ed5","2017-07-01","Major",2,3663
"03c91c76daf70ee227f38304c5e45a155f45073d","2017-08-01","Major",1,3663
"7aa41c2f6b2b159a2503cf02dc203cbf1493c4b7","2017-08-01","Major",2,3663
"c506950a31cbf15835e8c44092147f71a6d39c29","2017-10-01","Major",4,3663
"0366756970e3b38fa63ad9200d09e9a4068b261e","2017-12-01","Major",1,3663
"03c600632656500723cabeaa7d188a1c1a31f525","2017-12-01","Major",1,3663
"14c33979e7383ae52c75903cad41c623820e0947","2017-12-01","Major",1,3663
"3eadca3ed2c529af67d0710a58af57689bb68d44","2017-12-01","Major",1,3663
"5dec678b276c5e378a530599f021d8a39e28dd8b","2017-12-01","Major",1,3663
"910d67c7b61837d70a553816111664014799fab9","2017-12-01","Major",1,3663
"d17d5ee2d05a658038e7313fd4fc587525ba37ad","2017-12-01","Major",1,3663
"f8adddd69bad32d347351075c8a2f09d0ec01004","2017-12-01","Major",1,3663
"08424cf79dcbfaf62c9cf11c0ef63519609157b3","2018-06-01","Major",4,3663
"702ee17ff5c436b8bb00109c163462ae37b85247","2018-08-01","Major",1,3663
"afb268be05071b8b74b2fa3c4b3b3e07df8548f4","2018-08-01","Major",1,3663
"cf513757739f4cf2856904a7b8b0218d71a47574","2018-08-01","Major",1,3663
"1ee1f933ab3db67c0967124adebffd0513783415","2018-09-01","Major",3,3663
"40e2944238ee28debaaa42bed5c2b1efa6c81ec7","2018-09-01","Major",2,3663
"4b3cc35d28b71172acd907d7cf3680a7674d25e8","2018-09-01","Major",1,3663
"60fd02bd2d27e0b74626efc9da2486184cab3852","2018-09-01","Major",1,3663
"6e1624c11fe8a3528589c9aa2b396d477f3b185e","2018-09-01","Major",1,3663
"81f160ba759724826adecbdb50b63fca439d46eb","2018-09-01","Major",1,3663
"82ca87c1802bc5fa1a266061c952c4dd11c24e2d","2018-09-01","Major",1,3663
"986a7ab1e37e74b4b4241bec81f08ea137f92c84","2018-09-01","Major",1,3663
"de1d1fc5fffe814b6a983d0a43b61111d22f987f","2018-09-01","Major",2,3663
"afe18148b7e22d9cd30bd8592cfa2cc62d66fc13","2018-12-01","Major",1,3663
"7c33db74361d27d3e96e8524c4e88c488014ca8a","2019-02-01","Major",4,3663
"109bb2f692c746bc63a0ade8737b584aecb0b1ad","2019-06-01","Major",2,3663
"16bb5805674c53ac2930967c5f76e93e6df8ea31","2019-06-01","Major",2,3663
"20c0c53d843684b714c2df94d2b46b7f8e77c269","2019-06-01","Major",1,3663
"23762ad4d4e8e82fd869bcb71feba0f6db75cb3b","2019-06-01","Major",2,3663
"3ea824707cb23625023f5471019e7c4defd3cec0","2019-06-01","Major",1,3663
"5602fdc761cf1d72185fd9c228127544d863299f","2019-06-01","Major",1,3663
"7939cfbfb584ad1036285f33853b87add6a03516","2019-06-01","Major",1,3663
"9f082dadf40275489e1a4693fe58ea4e1e20fb10","2019-06-01","Major",2,3663
"dbac8627481db3b4fb008b8384a0b85e36a72bda","2019-06-01","Major",2,3663
"fd794a952f5a3bdc2adf15e5245a3bffdeeee350","2019-06-01","Major",2,3663
"13cea0fdf2c935af4e38849c8cd550e9b654b2b9","2019-07-01","Major",4,3663
"4ab18e3462797b09bcc2d58a82d3a5c9d49b3bec","2019-07-01","Major",1,3663
"d9c729aa5a7991182fa7bdb8d94442f8f0cf055b","2019-07-01","Major",2,3663
"e3153075bb4786711c316b5a3b608e069d8794ef","2019-07-01","Major",2,3663
"e590c90683ddb1fead992544108e16566c8973e2","2019-07-01","Major",2,3663
"1a029e30ba0aa99f9e4813fafd86875d77a36cb1","2019-08-01","Major",1,3663
"2c4244279fa8b7b7843de08201fafeda9bce6ec7","2019-08-01","Major",1,3663
"35f1bac5ff9ec694e64b65e51f0e7a3226aa3aaf","2019-08-01","Major",2,3663
"6c06d60074a808ded76b9fd47d77c3562ee0330f","2019-08-01","Major",2,3663
"d0f97bd67f21a214d396b01fa8b293d0d89cb5ab","2019-08-01","Major",2,3663
"e355c18fdc3317b42d1456c12ba8c4177953e973","2019-08-01","Major",1,3663
"6ff833f9ee573877d288a39d76cf5248b6e033de","2019-09-01","Major",1,3663
"760bee3956c67130c10d5f60a9cc39ad37510cbf","2019-09-01","Major",3,3663
"d4f8cff260326a4688cf078d0e63fae30633f02c","2019-11-01","Major",3,3663
"87e8c2ab9f3bc79befb0e3b25ec513cfd36fefe9","2020-01-01","Major",2,3663
"b8c06d3b339bd3ea3cd401c8b45758937975b74c","2020-01-01","Major",1,3663
"12083398e7e3c3bc0265ccb95806fa8af48699bd","2020-02-01","Major",2,3663
"2193534ebb64875e11f021ae57b51ba398f1df15","2020-03-01","Major",1,3663
"423572c6ee808abec26e7a57cdf6a948d85c811c","2020-03-01","Major",5,3663
"4e39dbad76cbe672cf4a68afe2eb35e0ad0c67bc","2020-03-01","Major",9,3663
"5dcc1a9cffb351eec1e882b82c4dcf08145fa280","2020-03-01","Major",15,3663
"5dd1d1991d476f44180e2f177e06a6477100e530","2020-03-01","Major",1,3663
"635a4efeacc6f489e13af19a35c80456629f8121","2020-03-01","Major",3,3663
"685c40044da48b99cd2c8a6c08a1584d18e0d959","2020-03-01","Major",1,3663
"728ea63a5e6c97c1def868a88e3ec34965b6cfd5","2020-03-01","Major",4,3663
"3c7c666c26bbd9fefca1fb6fb48a51c9db68efd2","2020-07-01","Major",1,3663
"737eef099ca1e34d18245c54b6ed3ba54faf1f9c","2020-07-01","Major",11,3663
"32c6d8faf1f772d2759da2dd82b3eee6e51db296","2020-08-01","Major",1,3663
"4596b4ec4c14a0e473e3fa0c3f41a0107d846cc8","2020-08-01","Major",7,3663
"4b43e158799689666bcbe186045ddee356601f1c","2020-08-01","Major",3,3663
"0fe8c042fb7162bedd5c762a63eb77aaa4cd6d78","2020-09-01","Major",1,3663
"223dc77f89c3cf603b4665e99ac9af0d54e87a26","2020-09-01","Major",2,3663
"2ff93c06a00a582b13ae6bbaf8dc52cb3e2a069b","2020-09-01","Major",1,3663
"7525c97f85d4b6b21039ee51065b02d4e20e6a2b","2020-09-01","Major",6,3663
"c61e2615f4fcfaed134cd9a2cd11ab2572b26551","2020-09-01","Major",3,3663
"d1987bd1d2f72da183d0ca0985f40178466e3dfb","2020-09-01","Major",2,3663
"fac16549db5ab36c714622dfb9a40f8b9ffb7a27","2020-09-01","Major",1,3663
"0120f183ca2b74abeee8439f73abc8ab504fbccf","2020-10-01","Major",9,3663
"06b2a619bbf1e2c619b96b655093d406469d58e4","2020-10-01","Major",1,3663
"1c444ee4b9ba612f71621b6ef2370fd8bbd8c676","2020-10-01","Major",1,3663
"2cebb238316ceac9499be0e0941640df0bd1c51e","2020-10-01","Major",1,3663
"4bae534464f29f72273360ddbc249f3a7422add0","2020-10-01","Major",1,3663
"533e53b211f03c2bb8e249fd7d7aba9c53ba3ee1","2020-10-01","Major",8,3663
"5f318feb27f3ea1968d3f1dba80510864758f036","2020-10-01","Major",1,3663
"667c557d5ffb7d69a4fc0fd4a6659366acdc09db","2020-10-01","Major",1,3663
"7ab4f3f36bbf7c96ef19e378477c0eba84e1f3a3","2020-10-01","Major",1,3663
"83735da1c001c946df6c14bd7659a615739e8cb8","2020-10-01","Major",2,3663
"8548bc6f2849278756ed6098b8ac41e5d5ffe01d","2020-10-01","Major",2,3663
"8a918ee3cd75def6f9c1a6bdcb1008e99684ec6b","2020-10-01","Major",1,3663
"8ba30160e7caf956a3a71519db14954324075a07","2020-10-01","Major",1,3663
"99c19cc27ae837e665ace3c1f0e99cd1088e6c24","2020-10-01","Major",8,3663
"9a4bc84bb7572294ae74df246358181d07d4b37c","2020-10-01","Major",2,3663
"aa740e084dd0bc44427d80735fba36b9064fbbb2","2020-10-01","Major",1,3663
"b3f84b05c1f9fe986426b65562a1a9003b014242","2020-10-01","Major",1,3663
"d5cd7249b20beee01dc26c09ec80f270ef8962fd","2020-10-01","Major",1,3663
"f036244eb2c0c50291f5bf06cd1561d4310ce7c0","2020-10-01","Major",1,3663
"02a81e16865849ae39c579fce8c4837da3d1bbc1","2020-11-01","Major",3,3663
"0bd6a9f5cbcefec39a71f0f845391ebfd0a99880","2020-11-01","Major",1,3663
"176328f698cd28a609de764761b0f84d04c84b0d","2020-11-01","Major",1,3663
"1b9bfde7316f99e7e3771bdfbb48932cde9390d8","2020-11-01","Major",1,3663
"252c2b39a657d4c0f9e841870cdf1482437eac62","2020-11-01","Major",2,3663
"365056ee1e2cb7c3a17b44f91156e4808a477a6e","2020-11-01","Major",1,3663
"3fb38248dd90de2eac95e6f24416466105ddd682","2020-11-01","Major",3,3663
"48e6fc0065b84556900129636537401aea8dc4fe","2020-11-01","Major",1,3663
"53c357cea3b65f0660ec6b589f73bf32bd090229","2020-11-01","Major",1,3663
"6726b6afd1320217aa041200f3eca79c8aeb886a","2020-11-01","Major",2,3663
"6aaedea3ebb35bb6f29417cc21fcad2573aada99","2020-11-01","Major",1,3663
"70c1b907432b8ccf2b5fa161448855f6bc88c663","2020-11-01","Major",1,3663
"730944bb1122a60443ad877dd2b29b8f5a356240","2020-11-01","Major",8,3663
"7d7ecf39faa1a57f7825437f6b862cf8f90d3d17","2020-11-01","Major",1,3663
"92a4873ecdb97ae812311f676aa1981764958e70","2020-11-01","Major",6,3663
"9552697194fc21f4e37d92474cc84d9ee23dd5d0","2020-11-01","Major",4,3663
"9f262586f4425721721cbbc7d2feae27642b2213","2020-11-01","Major",1,3663
"9f357b2283f20c2f39c6095c56ec1747bc4561ad","2020-11-01","Major",1,3663
"b4b865d8d62f4207059c187c345dca4d0349a77e","2020-11-01","Major",6,3663
"bbb6044101a1354e97cb87f845c11cf89ca1cf10","2020-11-01","Major",1,3663
"c55a08659e4d60b602829d6594e61ec220a318ab","2020-11-01","Major",1,3663
"c562b19dd0686d3db16d10802e3109f95603137a","2020-11-01","Major",1,3663
"cc5d147c1ac482008fdf68fef6d60216b6b5d821","2020-11-01","Major",1,3663
"d9bd561c341726d0128db191caba4dbacbe83c2c","2020-11-01","Major",3,3663
"ebc6e9569dc2bc9c226762ce89fd35950f8ad085","2020-11-01","Major",1,3663
"ec5dc83c8324cd4b156a03a3220182b33c9b8469","2020-11-01","Major",1,3663
"0c23f0816b51385d2784e97a276db9af8a4b626d","2020-12-01","Major",1,3663
"19f85ec171d1d37e04135284ecef8e7155a89d02","2020-12-01","Major",1,3663
"313d6624dea3667273925537f358cd9e9c174fab","2020-12-01","Major",1,3663
"3579711dbccf00a0b8233abd0c0b717edb756ad1","2020-12-01","Major",1,3663
"46969e196a1b29120c5ae1fefa83df0152274e7b","2020-12-01","Major",2,3663
"4db217c7028b0468335a1ad1585ffc2cf1d4c4f1","2020-12-01","Major",4,3663
"5d12f5ca6702c157977f2aa9b5629dfdac83a6e6","2020-12-01","Major",1,3663
"8659860b2afc3fe3c2615b295fe98f4c91d16315","2020-12-01","Major",1,3663
"b0fd7e1f65049b7efdf50febe6765039de4289ed","2020-12-01","Major",1,3663
"bcb62cd296b1e278a42c066de956378f0354741c","2020-12-01","Major",1,3663
"bdf52faffe2258fb93a5d07ee1b2750d005a0c36","2020-12-01","Major",1,3663
"cb237e7d77e0cb99696c23a3451517cf5b3d260c","2020-12-01","Major",4,3663
"d61a11e5208a75788571d2b61ca0be4ae5d0b960","2020-12-01","Major",1,3663
"e9c479728076229bbab57042ba198fbf25043816","2020-12-01","Major",1,3663
"ea95a03e4aa53f2b2195ddd4dc1b3abf522af971","2020-12-01","Major",1,3663
"fece14684762f13cf2f272d066ab73fac7b8b697","2020-12-01","Major",1,3663
