"Commit","EhAutor","Arquivo"
"0003b85ccb915d7fd4e0d7d3ea742e854ec782b9","Colaborador",1
"005858795878b92fc17b4c2127bce90a1d053483","Colaborador",1
"007f49c39f58abf6424f9a3612b025af4790f05a","Colaborador",1
"00bd8d42c3b2e3a6fd453393f401cc0af5071135","Colaborador",1
"00fbf435842410a5a0af8f2757e4affc6722f405","Colaborador",1
"012105e115b425ad05fb598106df78af2c54563d","Colaborador",1
"015cecf724ff7690d8e8237fda67e0311dd74cfa","Colaborador",1
"02275dff51c00d9fda640f729917fd0cdd3db79b","Colaborador",1
"0242b706e019136891dc5756a5dfcfd82ba545ad","Colaborador",1
"025152ee53b56861e9738b2218743af28c5f1e45","Colaborador",1
"0297da4d6e2cb4513aa3d864c6218b5b8b11ec68","Colaborador",1
"033ebcfee1887cf315b69ed6cda429966a59fa8a","Colaborador",1
"034624983b4ece4d8d1f7b604e6f8ce9007c627d","Colaborador",1
"036ffad8ed912fdff7e747a0d803ad54cc164ea7","Autor",1
"0487daf8655c8a353d2804fad7ffc7c5cf22f0a2","Colaborador",1
"04892cbbef60b0468667110ebdb7448bf183cb02","Colaborador",1
"053003f490aaf876c01fa0fa8c64674436aee048","Colaborador",1
"0534b54e519f5778ea7a1e2855a3f62d573fad93","Autor",1
"05777440d73b2a4d34cc6be26a95137a890cb9c1","Autor",1
"059e4ec9c8d59f6b283bda3f007ae9d2fd29bc83","Colaborador",1
"067ee4fc5b71872a1fb2758e07fae960832022d9","Autor",1
"0694cb9045ed07f08a625f07051604fce2945b9d","Colaborador",1
"069a6adb190acf84a27bad9b2049378bebf19671","Colaborador",1
"07b69fd2f8236d05191b8ceff86db74a0509249c","Colaborador",1
"093bdd8b1c3a6f8b211a647b7b4dbe6cfc38e69e","Colaborador",1
"09c7f2c935849bd0dd3c6c86c4c6e2a0d2384bd9","Colaborador",1
"09c94486be74c560fd683366bf065d8c8f783124","Colaborador",1
"0a2af0ab6256f5ccbbd81e62fabfc8fa6022995b","Colaborador",1
"0a2b0a25ffa99c4720ca754825e044aee670bc7c","Autor",1
"0a511852fe359782c4379ae4e9042fccb59de8d8","Colaborador",1
"0a5c8356eb3a86f1906733e76d2f802e9f986534","Colaborador",1
"0ba8b922a2f2b2cbc51bc09906ac6e71f804b275","Colaborador",1
"0badd9b874b2bd7ebbeb4209cbbc3fc0c9ce8899","Colaborador",1
"0c351c9cbc273b89c8ff21c8b80c162f8b6be494","Autor",1
"0c351c9cbc273b89c8ff21c8b80c162f8b6be494","Colaborador",1
"0c87e4b9147abaf095b8b84e1e154ecf8da4829e","Autor",1
"0cf80ecb321f493e3e35d544a970def9dab4f96a","Colaborador",1
"0d2feba69cd3fda426fd3b786afb8b7c563a62da","Colaborador",1
"0d36e0cd2faec00de7601b432a7cac293eea0b24","Colaborador",1
"0e1da0d33d14e2a1b107493cbc65cb321cefadcf","Colaborador",1
"0e63ca830dbb48a0ad287b33d97bea5547b94321","Colaborador",1
"0e76283c9ad642d85d62e025d834b75dc15a72dd","Colaborador",1
"0e8ac8b7a1a100a87900ae010edacde50e21af2c","Autor",1
"0ec02c13c7b17f2ad74a834f8b7b2d1ecc2d4630","Colaborador",1
"0f26470169af253a10d173ded60394e107f14e91","Colaborador",1
"0f6434986f576bf680e0231e0208bf0f977465e8","Colaborador",1
"0f828dd74f9ea81fe70c8a101a7aa7c40737437a","Colaborador",1
"0f90e6314a1beafb25721d56f13d3bfa3a00392c","Autor",1
"0ff2ade0783481d80d9ce7b66d02f9a15d3bff04","Colaborador",1
"1007af9506dc94f3ab41ee52e4899182a48c8dec","Colaborador",1
"107938971cd96b5cfdb6b26e2ce81f2d8a6bc224","Colaborador",1
"10b195a59ff1524ec779a9e061e56c4e9d7cf0fc","Colaborador",1
"10e6774f0e8aa477fe245ba51ba6f4c548bef7eb","Colaborador",1
"1186236ac11d959bd7b2af5c53db065f3aa3da13","Colaborador",1
"1215336b2da255436764c6fc8ad7bfac1915f4b6","Colaborador",1
"12456bf063d7d2c7b4e5c67586a059bd1449616c","Colaborador",1
"1265eee9e5c7bda90217e943b4a4b8a5729fa15f","Colaborador",1
"12b5466b75036e3f3db0fda221c2af90994522f6","Autor",1
"12cdb7704c58af2d2e2d7f54a9fa288e59825d3f","Colaborador",1
"130be78dbb3721a48fcd0530437818f1a0eef802","Colaborador",1
"13288a8251629dee0a3ff11a958f4c4f29afcef0","Autor",1
"13449c282af66183646d758178e6862540f31898","Colaborador",1
"13db2011e3b83e7a73b8465c8487edb9a2913c58","Colaborador",1
"13f6d9265a92fe2f1f6baf9d44e58302a55d4baf","Colaborador",1
"1432ecfb33654bba46fd55cad3527a4f7a1e82f5","Colaborador",1
"15396fc2cd28434ebe15e72f32b82e6481b93bea","Colaborador",1
"15600f405f2d5bda6ccf0dd73957395716e0d4d3","Colaborador",1
"1567d326971811fd956042aaa43c932d247b4681","Autor",1
"157dab258e30c87844bdbcf164117f5238ea89d8","Colaborador",1
"15c2ff2d549fad936789ea29455d3ae8ef665c59","Autor",1
"15c2ff2d549fad936789ea29455d3ae8ef665c59","Colaborador",1
"162fc1ead323cef91079ba5be9f47d99b3ca39d4","Autor",1
"1665443062997efdca5c2c8b75e3aa4059e85b69","Colaborador",1
"16d1fccf6132fffa9a398ac6d4b8456b6e3facb6","Colaborador",1
"171dbcdedf0712c3822bf619ea2fc4f329c0aef3","Colaborador",1
"17d13aa8d3cbc76156c831883eab0efbe40b671b","Autor",1
"18f248cdbece0adbff326e8eb9f5f9c316d21dc4","Colaborador",1
"19187dbacd6da3d00111b51a9b2f0af17d9d107c","Colaborador",1
"1998ef6cc7f321dfdf189021d7aa2557411cc5d8","Autor",1
"19e3fce2eb74beb6ba0ae4b315fe0284784087ac","Colaborador",1
"1a102d9bff3dcde39010945a1808e529d1f2f7f1","Colaborador",1
"1a67e245acb0da1b6f2c41cbf90def4a36c27580","Colaborador",1
"1aca24f3dee2e7d333ffe6041aaf2a802c17a742","Colaborador",1
"1b84f0467a169e2b20018dce0787973a0ba52273","Autor",1
"1c0548c4ca8b96a1f0d39ad0c7932ae0cbf1fa92","Colaborador",1
"1c224894a290ae6901c982c9f3f271d76cfc069b","Colaborador",1
"1cbe3789da4a3684db9de79f6bfd98ff3de3c5ff","Autor",1
"1cc599a0f92eddf65d3bb9b6d874c21b1281d803","Colaborador",1
"1d83610341777ec723f4619b168b1001a8b109ab","Colaborador",1
"1e1ef1c6cf904e8d259ee2502f53cb87c3e30bd5","Colaborador",1
"1e7d7101c612da4d1c21abdff85d8fe8e40e4416","Autor",1
"1ecc6b3155f6acb9fcc1c0049792408be4f9e913","Colaborador",1
"1edd920362b9508d2704b95f605440732c0238e3","Colaborador",1
"1f069228033c61dc1fd56ea944359cbf510870f3","Colaborador",1
"1f48f9dd6fdb0a289393b75776f846017fb30167","Colaborador",1
"1fe5dfae7f27053a286edc597695873618977f17","Autor",1
"2012320d0eed36e0461e44ac9be8cc162c135bf5","Autor",1
"202393a77c4f73234949e000001ac1a346695121","Colaborador",1
"20c9c94a61e003b541ce6833f1aa5e09d1d5d94c","Colaborador",1
"21424154a83837ea2bd2eeee2b367f881fce2d88","Colaborador",1
"217fa9d0f9fe21d998672fd72c547ee68dfe1aac","Colaborador",1
"226d54c90d604b5c085fe0e0206dd3f1e8decf2a","Colaborador",1
"22b5affbe61f8ba17fbc499bf93a2f7d378cc283","Colaborador",1
"22cde0e5a20ec4663fc1686ef803d7e16a18c6a8","Colaborador",1
"22cf9cb0051501cf72f6004b556698dee39a6c62","Colaborador",1
"2309a5862c6edaa60195c269d21c7104659da258","Autor",1
"234fe8698781f149df0e6928e48859f66b5e947b","Colaborador",1
"2376b7fb6a939e55edc1d97ca00055a47e0df9e3","Colaborador",1
"23c7e7c3dac420788c23470c5161ab1ecd13bac8","Colaborador",1
"2456d0d3fa48b155eb870eebf011732463782562","Autor",1
"24ce347472942653f8a8f1828ea817498b54bfc6","Colaborador",1
"25603820c1fd7c12bbcaec98a36ad6dd8162b497","Autor",1
"259ed9644d1788d33c7d7532f94ebd4e1d123edb","Colaborador",1
"25f25069846cbf5276542901abbf201f5afafd38","Colaborador",1
"267ac71d4f9f4b3fba38b058d8b698da3b0e499c","Colaborador",1
"270a31535c6e134f1ee497c45b3a62bd334940eb","Colaborador",1
"27227d54c7a39d24662bc94e4ac2030db762aed6","Colaborador",1
"277732e384a0c51d65a835d7ff810111ca735e4a","Colaborador",1
"279009bb2060e6c0249309c4fd29542fca09dc08","Colaborador",1
"27c6150ab350b7f0e4c7b7a1427baea026d7e12b","Colaborador",1
"27fd9b3fd6972cc8b3de524bd5f88628fdc4250c","Colaborador",1
"2835b09fd22b70f5d2daa0bcc4f8b28f98ee1540","Autor",1
"284dbfbe3dc37e94b57e110b6ea23f847b9f6035","Colaborador",1
"2870586cf9c241877dc49890f26a8496d13d25e4","Colaborador",1
"291526237377bfc720f5f2d964e7f5d141b8173d","Autor",1
"2917a83d7b5c8660d6eb518eb3d781faff32c3d3","Colaborador",1
"299e90b418c1f97e05bdd40f5850a8fff847928b","Autor",1
"29d6db30ba686c6b5e8f1c11ad86c9f96006fe10","Colaborador",1
"29e96d7611c37a806c6f11080d38fd7912aa7dbb","Colaborador",1
"29f7a9180caa1b8278bf3d9c6a9b49a0b59a1000","Autor",1
"2a81b98e7bcad05bf54d9c423f68df6492ae4326","Colaborador",1
"2a8ab8bb7fe19bc6ca30179c52d32bc1f9e8881d","Colaborador",1
"2aa3eb8cfbf03bb7f56d6b1dba5767fecc0222cd","Colaborador",1
"2aed83ec82f3ccdbaa013bdf8fc4dd44d261a96f","Autor",1
"2c15270be1cdb3c5034373a4d47eae3b11e19688","Colaborador",1
"2c2419f230b1232b938ad345f3e976fd6ada5077","Autor",1
"2c256725e8cf0da23aa63a0d1db0b7a6ad338006","Colaborador",1
"2c8729becdeef0ff4eea580cc92aa6ccfa085e22","Colaborador",1
"2cafe9ff9be533b69a273c43ac73d2805c455ed3","Colaborador",1
"2cbe758c805807bb7c596ef1574fc7b4bbf121a4","Colaborador",1
"2d184c09674b417bf294001d017b0d1ad2337de3","Colaborador",1
"2d5cb3ec7bc62e5c4e7b550ecade22bb53efd9f6","Colaborador",1
"2df866bdf8a709efd9f438627311c3652e687eae","Colaborador",1
"2e1425451dcd2515950c5ab3705b274101f14b33","Colaborador",1
"2e2b895ebef5cb806dd0091a435371f5687c18bf","Colaborador",1
"2e478f1b5a8ffbc388652a28d17f374fc7a82145","Colaborador",1
"2e6001f1ed0ba90e97c9ded9eaa90b1c2c4ab493","Colaborador",1
"2e76a4e4774fe867bf717f8511f2e60deea5b260","Colaborador",1
"2edf50d4ddc61ce6f73bf02263c9bdd09632c66b","Colaborador",1
"2f09db1d4fe16a6bfa461ba5f05a5e5edd647337","Colaborador",1
"2f847428aa24872f34182cbfb7465232b429783d","Colaborador",1
"2fac353c85ee186b7efa94af6552f676f717cc89","Autor",1
"2fd336f1569abbb4b6de85c6def2c5b8f4b1ee07","Autor",1
"2fe52bbf5834bc5bcd32fe1291bc2882a7ccedc5","Colaborador",1
"2ff8e74061875617d45fdc9a40a733aac1214abd","Colaborador",1
"303038e24f02d08e5a51251b97b515344f9982d6","Colaborador",1
"3067b7b267d881963498d277d657e679ac15af45","Autor",1
"306b2a87075cfce4eb13e7821763bf27614c25f4","Autor",1
"30a47cf62e50c79693dfe641977fad9cbe66f86d","Colaborador",1
"3118df20422cb73444ed251197b2724252de8766","Colaborador",1
"31297031119aa50cf4fb241be1aa7f917786e686","Autor",1
"32023cc18e12dcc853e5fe7e5a134480e1b63388","Autor",1
"32dee82c584776e4a5a1cbefb195ae6d0a8fe752","Colaborador",1
"330e31c70fdf42731ac8cd74b94aaeaf9a01e7fd","Colaborador",1
"33e084029497741463d40bcf97073a1c3b78858c","Colaborador",1
"34144faca5e0bb09ccc4cee4e298cb80dff740dd","Autor",1
"3485b4fb94d0c7e5c54665d9626ffdfce9502b99","Colaborador",1
"34a77fdbc573d2302a8f15660b4a4f93fe89f1a9","Autor",1
"3563acdb0d87d88733c967f8ac920877b8b4a1eb","Autor",1
"35d238ad3a48b07c0c204b22305f00805c190111","Colaborador",1
"35ddb514ab7dbd6a753e52067ed089432f05459c","Colaborador",1
"35e84f6edc059909e8168a6929dcb21ffbe6930a","Colaborador",1
"35f97b65c1243afdf617a8327319006456bf85b0","Colaborador",1
"366e76e3a79f1d87150cae527c4e61299759c4e7","Colaborador",1
"3679dfe93eb5c4b0e123ba32a5cf55dd5854c00a","Colaborador",1
"36e41a64762a0b8a047ff51206d35466db34466e","Colaborador",1
"370cb88c44193f6c3e53765511463da3b70f141f","Autor",1
"37e39c26ce7b48452aa41fa562667e48260afcfc","Colaborador",1
"3821e7a7505a2f83938a6d5f9120ebb7771bfcd9","Colaborador",1
"38a42ed51950661edd5a5ea59151795e12b259f3","Autor",1
"38cbabea026fe47d84da156772f5a9a97bd401f5","Colaborador",1
"38f8cc8e0ccb981a06074cf9bf2ff8facb896c5d","Colaborador",1
"39923e05f34b1f7a19d4464a3f56bc0fcf645932","Colaborador",1
"39b797b7bbb452bc3fc0b4b6af30b7f7fe13304a","Autor",1
"3a659d8b05c3a9884e667c3d89c910c9a94e1594","Colaborador",1
"3bfd7490379a6b9b0b646e3669fdf29e843bc1c3","Colaborador",1
"3c21396a4fcfee1a91c9b61b7030832568c66878","Autor",1
"3c4a154f0a0b5b3abb85b09ee0c2b64d59ca0756","Colaborador",1
"3c5100510f1c60e79f38ef637564f26a52d27577","Colaborador",1
"3cd8556c542721f41b63d1978d75ce8891f27908","Colaborador",1
"3d10b9f3e2ecc6830e841d80cf8267ba8dea111f","Colaborador",1
"3e53635dfbd30acb7b11f07a6f00071e7643867f","Colaborador",1
"3e5e47d00dc0afe968bb0291869d958db5e6f3b7","Autor",1
"3fee94473beb4b95d3ea1f37758014ab6bc5af47","Colaborador",1
"405a2965e0e256d80d93b7325a9dcc6c5fd1ecd4","Autor",1
"407613a8dbe52f465867b782ffd68ef76de43b55","Colaborador",1
"408487f89bce1d0fdbf54e3c42e01e92f61a1c25","Autor",1
"40d4c592b353d348b043134d942a9b00ad61d0b9","Colaborador",1
"412637c1fa973a57b0ab7e2064c8bd83d1d22c9b","Autor",1
"4130954c15ab31d5019a262dcd637087fcf4ce59","Colaborador",1
"414b591358c1c97c05dda94e27df0de3d9e531a7","Colaborador",1
"4188f26ab981324d91217277294f52e85192201e","Colaborador",1
"41e4b3a59cc3d3687c2b42c6a40348e3b1fc388a","Colaborador",1
"4320d88b9088297e8e8bfe94a119832d7ac381f2","Colaborador",1
"439ff094ce0d1be5704d52bc445a22c1be01ab0d","Colaborador",1
"43a2f4309078f2abdded0605536d80890cd2d8a1","Colaborador",1
"43bd9483cee59d4f7c1aaa83878678cabefb7c78","Colaborador",1
"440e3bc279a9ef5d33a3e70d54c8d1b2dd0bde2b","Autor",1
"445e8c006e1e09512afbf877eb0104c8e53eb152","Colaborador",1
"446d90d8358ee15d69f769973e87d6d97af6e14a","Colaborador",1
"4482f8d1f53138f7846c139b6ae2b4bf9cf34dd1","Colaborador",1
"44a2ed5a9794d92cdf3fc5e5dcc52c4b9c95f441","Colaborador",1
"44aa999598af1e798321d595372dac84eaf8a2ba","Colaborador",1
"44ad5703ea2964e63730a6b50e741ff5e762d5f9","Colaborador",1
"44d920592d2a258500fdddd848fd0649282481e9","Colaborador",1
"44e404838683b9256f60ccd8e3370a39e27c6b58","Autor",1
"4510e8e2a2dcfa3ed19484a10943513aeba2088c","Colaborador",1
"4524367cc037f6b3e173de96ea9b57afc2a0da5a","Colaborador",1
"455032938a9d5336e55684692113fbca8a156810","Autor",1
"46061f4f3cad58acefeab840f9627ba9293568bb","Colaborador",1
"4627b05089021857d34cf94867bf0c52b35be041","Colaborador",1
"46443cbd1c842118506d94e07699f31885390e39","Colaborador",1
"464b005c97aeffc74a7eb59f452bbc5e90032cb3","Colaborador",1
"4658c5d4e544380280bade4c682551c1f0aee1bd","Colaborador",1
"46e449f1107591720bec206d8df6a55c615f2660","Colaborador",1
"4721a3747ec5044c6bd2569108e1d153a0e1dc2f","Colaborador",1
"47b357b2e14fc12840a29a9d455b9a95183453c0","Colaborador",1
"47b653cc7c981cb2a20dc2140c66d90b6f3088d0","Colaborador",1
"48045bdf6aa3b2fe9f4da96fafe98b146933d932","Autor",1
"487ac0a011655b78de5b41bf2c8c68143f9b9bf2","Colaborador",1
"4880b2977aabdf3a52be72be1fff6f3496547c94","Colaborador",1
"490b9a91e4e17ef1efad992a315ad264293907cf","Colaborador",1
"4942dc667f3ff40601b7afd2efd91dff1f73789a","Autor",1
"494364d437fb2594e00e78658b27f1d3add6cc1f","Colaborador",1
"4979f9283661eb1ec74c53f5b0672b8181e91b4c","Autor",1
"49d5234b39aa491747864efba1c2246c6e960b6f","Colaborador",1
"49e739b511003117cc53f55447d74e95bd913ea9","Autor",1
"4a127d0bb4c3a265c7ffef9bdbd449aac8311c8a","Autor",1
"4a591cf7d7df3fcb59d35e22e69b9a2eeadfcf63","Colaborador",1
"4abcd530448b7a6878aceac061610469ed064aa8","Colaborador",1
"4b9b2db912eeea91218e3bbff6fb1668e0179cdd","Autor",1
"4ba886f7aaf884c518637173be0b1d8e9b190e86","Colaborador",1
"4bf2fbe092fbe791b5ea0268b07ae3aaaa7a5870","Colaborador",1
"4c1fd3ee67de89dc0dce314df94470fe2ad48868","Colaborador",1
"4cae471af3a4d8e9c7457f76186da809879f566f","Colaborador",1
"4cdf6460b666a187c791c26c2f693f1f5adde3ee","Colaborador",1
"4d07655281c9f9e0c554d4ad207daf41bc41b78d","Autor",1
"4d30512e057f8f078e64542941fa1f9b4a24d470","Colaborador",1
"4d63830f66068cdccaca442ab556ae1dadb1aad4","Colaborador",1
"4e061a43b3453a9856d34250c3913175c45afe9d","Colaborador",1
"4e0daf047ed14e54ea7eeb2c1547cbe06332fbf4","Colaborador",1
"4e601cf14ceef4f92edfce0b6258f1fc2b13a2e6","Colaborador",1
"4e81308c2e59e5b18b0939a3e006f596bd2073fb","Autor",1
"4f08b0b386e5d43b2603ce3a2e384adf679c3d9d","Autor",1
"4f73128e9b71a786a57acac1aa0572e8ecefb915","Colaborador",1
"50373f4ff9467e9cd7033f3d9f3b468765d48d90","Colaborador",1
"503968c1fd0817a9e562af6615c8d938124db961","Colaborador",1
"50d287a12d41892349e4e23015a9b371683a3105","Colaborador",1
"5112e1b669695f1254334c8123476440e425d5c6","Colaborador",1
"5152040c17eef73134b5417d3f8ae53d7bc9f06d","Colaborador",1
"5201f0fd06257a7766a126c50ac5e3890d832287","Colaborador",1
"52175f439a9fad9bc44dbbf9c3b1716b3dfe8e72","Colaborador",1
"521d60736d91742fde3fdef73c173e59d222d11c","Colaborador",1
"522c6c9f16ed0f8837e897e9e67d62a6f7a11fd0","Autor",1
"52525478ab1bc9cd68d4ebe70bbce667aa58314d","Colaborador",1
"5297209ed27fd707b2125e0745c7734894751406","Colaborador",1
"529ae4cc8940c7cf5c75f59fec21152d946b0e8d","Colaborador",1
"52ffb02685d922696497e17f22fd15b3dc5b3916","Colaborador",1
"5331a6145ba782ba7a1479749309c08707c9528f","Colaborador",1
"534cd2802f807e4ca33a8586508619e6a52c3667","Colaborador",1
"53952feddd026ba62f517a50be36040d16828166","Colaborador",1
"53c223dea44cd54fb6aca2de952da49a8105d1b0","Autor",1
"541f221a6121fe5d1ff1e103ca2fdedda33cf0af","Colaborador",1
"5472a813fa62370926ace45d7506f098368428eb","Autor",1
"5567b9ab27257b5bdb5ff91d67fe0fcef1491c1a","Colaborador",1
"55734baed84e7006e919dc02ac8d352020bfebc0","Colaborador",1
"56973ae365d5f7d9348996f27080d5e9d376caa9","Colaborador",1
"5699bf9e659e5c8094b46a491d451bfc5342fc53","Colaborador",1
"569cb3dbbfb854038f9ebcdb5a5374e1de6ec9c0","Autor",1
"56afb16608cf7d641bc6e311312949e234756454","Colaborador",1
"5706550cc1c286758f62866f4a7142c1879d7c21","Colaborador",1
"5749c53484369515c4e6df4a4730b1f34fab82b4","Colaborador",1
"57d168e56a21296a0b499caca5012962050cd45a","Colaborador",1
"588c862f662eef73b100e2170dc5484b56ee1526","Autor",1
"58e871696b36f0ca15e399292abc9ec40a3246e7","Colaborador",1
"58fb36ee34f1492717d4a5a9fd39defc44848289","Colaborador",1
"593efa703b6914f963533da513576a26e744ead9","Autor",1
"5998696c2a84e9554e332f4aff386cf612e4caa3","Colaborador",1
"599f5c7b2991e09481ab84e5936f2a1d802a0fe8","Colaborador",1
"59f32ccb3a1f192c9faf8f51330db918c4ee3d46","Colaborador",1
"59f3a65911d5a6488f62c2a843a20b71a7fcef1f","Colaborador",1
"5a50da6f827f96f12739a50d8917d43e28191551","Autor",1
"5a87d814cf87e817390cdf40aff3fe7a6ea4948f","Autor",1
"5b095a1544630085251e98ec17107c5905a88738","Autor",1
"5b097f560d54abedd4ca7597c627c7e017c19209","Colaborador",1
"5b8cc683f3523c3cbaaae680bc97cade7bc603a7","Autor",1
"5c223ec5d55d82ab8dd1fc81c7cea5caf36ade45","Colaborador",1
"5c30b848915c77ae8a78bc08df8483e397fe3409","Autor",1
"5c663adf3518701db794e11c3d332423f51b9f0e","Colaborador",1
"5ca87b3c8dc253c1618676455eded22b9c00ae78","Colaborador",1
"5d3bf391032b572eb571c8a31ead645aae4edba9","Colaborador",1
"5d50ec01cb03122cdabb5fd2dace903e50c565e8","Autor",1
"5d9264aff6d7bcdd2f0595bfdf2a3a7a23330d46","Colaborador",1
"5dafa60433b0cdf3ce1228b3d33f6b6381205b2c","Colaborador",1
"5db1541f9562c1568e1fb6ef0b35df42d261b97a","Colaborador",1
"5df669a329813292bdc0f8f69901e58a5fc2bc32","Colaborador",1
"5e4a60debe1c3643bcc455778e2ef7f6238c71c2","Autor",1
"5f60820ebac778bbfd3d73adb094123f7731ba97","Colaborador",1
"5f758e821af54b244dc9f5f60822f99028267121","Autor",1
"5f99d34c3b38324d5c92803884ae811a6550ad20","Colaborador",1
"5fa23341b38280e7451a512dc95df58851fcb471","Colaborador",1
"5fb21a04ad4a580115896ae28a762569516c120a","Colaborador",1
"60696af03d1659f8768c7adbea1e8846f67657d4","Colaborador",1
"606cb09fa5a04fc47468fac3011c9962dc4699d3","Colaborador",1
"6091c8e75e7e8409aadf62494e594784e0e1dd5e","Colaborador",1
"60b3b43f3e199f91d57260b3a1491501e4411c61","Colaborador",1
"60d7e8e32022ee2c3f2808e64a47fd17df746cca","Colaborador",1
"61b58fd5bed210184176961d130d43f39130c84e","Colaborador",1
"61c9ad08bf3cc9c55228ff9dcf191cf0928b823a","Colaborador",1
"61ceaef57e19f7b19669bca4f7972123d2e6b119","Colaborador",1
"61d3ca40d017e72c61e0a6f2100d1550ab2794c6","Autor",1
"620299de71a15c14be55ed235bb178b690bbeffc","Colaborador",1
"6263278707993a43770ca0bcc2c6ee58b2f862d8","Autor",1
"62903cd171acb49ed66056c32edbcc0fd56b07c5","Colaborador",1
"62df565190158e61754910eb73d73fa1a5acfc71","Autor",1
"637c153de30ae718508640dcd82f512d33e11706","Colaborador",1
"63ae51242b4e1eb9bf522db68c35ba12fb948f4d","Colaborador",1
"644d24b0d7784629927753f4ea3a152dcd7e3457","Colaborador",1
"6487e1b39130661afb0098e11fc1384340bc6fa7","Colaborador",1
"6533b75313bb4019dd04345c6544b9e1dd1404ae","Colaborador",1
"65da34f19eab5edde0615ccc4a58be1947cfce6e","Colaborador",1
"664da30ee464a915d73972d0a1486d04cf7d8a4f","Colaborador",1
"6653582f0a9fe7b6a36519a70856382e107c905e","Colaborador",1
"66be50f3350248fac4292287776f9e416de77f5a","Colaborador",1
"66d8b0ad7b849ed743d3c3b4199fd05ece3891bb","Autor",1
"66f2f3a84a156f063dfc7540e9d203792f3de943","Colaborador",1
"67274f91e92e38f5c4e42bbc4a61e40ff85f9f67","Colaborador",1
"676718594338b84812e0c6cbf1b28bf7589f3167","Autor",1
"677c0e3b70a91c197dfeda1fcfd4dc05745a80bb","Colaborador",1
"67a488033bb5a003f34d7d93be5fdc64ab3e4927","Colaborador",1
"68153812f75ef446ed9034031037eb1fcce9e743","Colaborador",1
"683a60abff456e762b3317b9d5d82b346f7d3cd2","Colaborador",1
"686685baa93a1539346f7d8373ed34b2f965189d","Autor",1
"687203adbbb962f79780586dcf601622b6e4a3ec","Autor",1
"68b210aa3b6e2a9694b87c5fb882b06d76c0d90a","Autor",1
"68b6be11d6223df39c094d67e9fcaf1a52978890","Colaborador",1
"68de2bcb00161656a90ee0a396482daac4c639d0","Colaborador",1
"68fa03348336036ded68e18f20efc62368f41c9e","Colaborador",1
"68ff3776ee42121f699a99201a7dc6d2f4dfadc9","Colaborador",1
"695a82f998a437e374f8eb2dce05f11d56ae6f21","Autor",1
"69aedf51cea645e1dfcbc6f629f8d1461e6e6349","Autor",1
"69ba67b2549b6c6a46abd19879b67e1545c9ae3b","Autor",1
"6a0aa95fee2de466dfc925db7cc475ec538a4a88","Autor",1
"6a58b4a5fc567d52425c0eb6b043e94a8f04e7ad","Autor",1
"6a5c0897280bd5568da2b4c1e643d1411b195ea0","Colaborador",1
"6b383ec1340b706aff3e86f0edfbda4ff0dde778","Colaborador",1
"6b62c4738d4b1f5cb1bc70bf58f6a078630e6ef5","Colaborador",1
"6b86940b7b36a6c887c069a6da50d84366e0c671","Colaborador",1
"6bc05a8bc835d38e7e245bb70ee748809f5277b2","Colaborador",1
"6c3d201070ddcf18fab83c65991123febe3ed033","Colaborador",1
"6cb0c9631903b4120e5066d9868213a570a48cdb","Autor",1
"6cbcc73a79a0eea92fd18f2ee1bff819b28123c4","Colaborador",1
"6ccfa8aaeafd315fe8c305e42756248e1d4e6f0c","Autor",1
"6cd5d086bb21e783c2210e4921edc8c7bdfbe677","Colaborador",1
"6d3c176ff83052f35c0eed2ffd7aa35bf69315fb","Colaborador",1
"6d55ce363b2533080ad689cc73204ebd556eaefa","Autor",1
"6d8d9c335d7d76df6d7209d55aa83c3daa4d4a05","Autor",1
"6daa63f113ded867fd55d5220babffbbf64648a5","Colaborador",1
"6dc437c3646700aeb6e1f47c406bf1af67526478","Colaborador",1
"6e049d59752ff5b7b7d281a9dff2c6df0b3195e5","Colaborador",1
"6e5c314e6118796ebec83bac251d7c114f3015b2","Colaborador",1
"6eb1fcbbe7438812620ce40f4c2c1a82e2820a1c","Autor",1
"6ec523423adc3b1dbf4cdd1fa858c551c409273f","Colaborador",1
"6ec7bfad3052bd40d5022a38092efcce053bc8cf","Colaborador",1
"6ef72988704ff7f7f0bf875b1bb86f4c241b6a29","Colaborador",1
"6f019e63f13085d1c5f0133a4e2f31a0a365eb77","Autor",1
"6f1185c00e71d158216de692916ff4710b73ebbf","Colaborador",1
"6fb8cf40e1df25daedf8d2f1ba4557eb05c94909","Colaborador",1
"6fc70632316076a477fcc438812e52fa21d67b15","Autor",1
"700d699f5bbd98d994ae81c3d3f863f8be0c98c2","Colaborador",1
"7061c055f1eb466484c7a2a561ceda5f177d203b","Autor",1
"70771ba2c60ee56b85ad84a09ed3cfcc8f5e40c9","Autor",1
"708c5a734790f2ccdfe1a43118d4c0bb8d50943a","Colaborador",1
"7116b36d87f73270af3827b9acbaa9456d290cac","Autor",1
"72c6834cc51dd91870976bd5af76e896368fe50f","Colaborador",1
"72f82d096c05dc97b26f9ca30093343161dc4444","Colaborador",1
"7323f7c5618a37bbdf92ba3ea72d8921fb7195f7","Colaborador",1
"7329dbdc5731d5835f261a9cf7cf0aaa87496120","Colaborador",1
"7337007fe2a9b633b42dcc935b8eb4244335827a","Colaborador",1
"737f87fa161e1393a8dd47aa61a782a37f22ca7d","Colaborador",1
"73c914cca92062767baeb3822a37674258eb3ea6","Colaborador",1
"740352ceabf20e948984df918ed3c5e81f7c9b47","Colaborador",1
"749e5b20da486955a54c7be79d9481d465d1d5bd","Colaborador",1
"7510ab36b714c70366855e72a481ab6c97d0c9c8","Colaborador",1
"75169d7181dbcef1292e0af5a9b6a354fc1b1553","Colaborador",1
"755932c3bc976d9a95e0b1b330efed31f7e48d9b","Colaborador",1
"75904d4a044f0094e1c6cb102ca6b439700aa734","Autor",1
"760d18b6e7926c60ebe52dda3b2025000aa584d6","Colaborador",1
"76430228e12c6b71359a50bf7e8b4c3dd26043c9","Colaborador",1
"76c2cfebc35a007cbbd3ae3ab66b64799fd62f8e","Colaborador",1
"76f43ce583177c6d35948c18493cee9978f075b3","Colaborador",1
"77292b4254a78cb286991589bc2796761e621bb0","Autor",1
"774ff23920e1e2f3f2f23c7be3da27497c1b5df6","Autor",1
"7769bc99fea7139538f42e882734ab06d66426b8","Colaborador",1
"77ac0863f80b4dfac878ce3f6deddca0c8c68f87","Colaborador",1
"77d3c50da1ff27d45c1b5e3a9fb8cdb690e2926e","Autor",1
"77e9417c7b665f1c17db23084c5bf6b78343a134","Colaborador",1
"7863bc71f8323ddd71ac766b4e4f87d816f92d5a","Colaborador",1
"78b5f5625d130d53e74bf89492e20e75583e5ce9","Colaborador",1
"78cc4adfedfd4c5f68ab90e75675a7a4c06e8766","Colaborador",1
"78e39bfb1c4ee8df75f8f459e2572d6d328ae4cd","Colaborador",1
"78e51a4f3f499d9a8f109abec5183b7c210b206b","Colaborador",1
"791e0fc11f1132c25ce700ae975d6cee93ab9acc","Colaborador",1
"79221c403b0be99451b2aebecc2c8dd2e8e4b8d9","Colaborador",1
"795e97f428b44ee91e6b262b76489eade89f176c","Colaborador",1
"79b00170ba05c9a7ecd6e3d570a9aef04a3bd070","Colaborador",1
"7a275812c0002fe10db5c60e29a34ba6ce4cede1","Colaborador",1
"7a38aca803ce5ee2bacc2e55bf76e980fd2bc17f","Colaborador",1
"7a4a0243bd0a97abd0f231269c4265e0b1fa7712","Colaborador",1
"7b0555e380ca92285925d18c1045f28f9298bfd6","Autor",1
"7b69a9c00a4263d3a3118a8f620a38227d79999d","Autor",1
"7bc0e017f6de8a8f05e9d6202fe8737e2eb75c60","Colaborador",1
"7bc3317eeb2f91a4cd14c4429dcf2aaf7cb3829c","Colaborador",1
"7c1d2366b1a57a6ab244074f80adef2c8c66ef35","Colaborador",1
"7cc2dc36e5e015a37d699df166edeee21f1e63e7","Colaborador",1
"7cf9ea83cb8ab3d31a57e1969975aa79870fc6fa","Colaborador",1
"7d78c6bca0e7f8dc08ed0b0e950ab231d5bf6687","Colaborador",1
"7d7be8321613acf4a613894163b8468f107415de","Colaborador",1
"7e6f37b4cd68a520e808ac642a2750d5d60c0aa8","Colaborador",1
"7e7e87600e4a8e826e39ced94432582007a8ee0a","Autor",1
"7e7e87600e4a8e826e39ced94432582007a8ee0a","Colaborador",1
"7f1ee9dad024e432fce5ffdc3a522c60169555ec","Autor",1
"7f831646bb8c31966e0f3ff77d40ce66711daa99","Colaborador",1
"7fcf70c5393a54a971049e118be2757e2e205567","Colaborador",1
"805b33552bcf0a70abe57e7d508731353ec8e385","Colaborador",1
"806a0da2584659a69c35112c86a5700a855be665","Colaborador",1
"809cfef957127f38b93843c61bd5a8d1a90ab077","Colaborador",1
"811caaaa3dea9a90c86ce64fa2e74e7eb24714c1","Colaborador",1
"81747d996c1159f5291e243198af08a733ffdf21","Colaborador",1
"82031ed6d4f41c18f9698719767a314095876185","Colaborador",1
"822715856ebaafddd492f94e656a0363c60a0e85","Colaborador",1
"823ef320a52e34dc090f7178b8a3d25913cf7480","Colaborador",1
"82a903f347c737519bcc3be59cea5a53e337b6da","Colaborador",1
"82be51593735727056605b8e947281c9c19592ee","Autor",1
"83189aadfead6ccdf42145abd8742ddfdb2ef61c","Colaborador",1
"837557e9c73b0b266d06bdf2ca7428ecdbc9f35c","Autor",1
"83b6f548adc704f7b122add1fd38b6879ba2ed8d","Autor",1
"842e74dce81f031439d2c1dc30dfff20c39eafa0","Colaborador",1
"845c4915bf51d4d670f527275b99c7423708bbfc","Autor",1
"85557f2416d8efd0a8178cab91dbccf4d9bfb5b3","Colaborador",1
"855c20501baba9e0bcda546b6c07f20dc5648659","Colaborador",1
"8578a9d52d993f4425259462c01854ea7784c57f","Colaborador",1
"85aff53a88628004b164dff2c7ed8423ba4f4e16","Colaborador",1
"85c7e07351b9538e480dc2899fdeb8a70ecf8e74","Colaborador",1
"85fd6f525e057f77ce11083a36cd85a5443f669b","Colaborador",1
"863ff811e6275ad9177c5d55515e76fe1e802686","Colaborador",1
"8655c4b0078561b88dd6bc2b6d38d6f71b567091","Colaborador",1
"86596d080d1b3ac8d6c199cea5ff047b57da9be9","Colaborador",1
"87413e9d3c8ead9aef14d979c9cd790cff971454","Colaborador",1
"87aa65653b0c00495d18995be444d9435305509c","Colaborador",1
"8849fb4c108f5f6341e341bcbf6db50bf6f84737","Autor",1
"8902f52eb955b8102912c2de3ae57d962934e52b","Colaborador",1
"8aa3b0326146840b7c01c4d353b5526c3e2a07f4","Colaborador",1
"8b217981eda423927380e2eda51ee3e43c28ea0d","Colaborador",1
"8c7ec909b899d859af3f20927ab2db6e3b2270fb","Colaborador",1
"8ca96d7ea3ec0281802eb08174ca2fdcbcc8263f","Colaborador",1
"8ccd11ee4bbf3d4a7a7fc06a872eca6d20544cba","Colaborador",1
"8ce8a359c18578870bcbabdb10feb5902b424105","Colaborador",1
"8e3d0391995f9e935efb6049d8d0bcfedf184a54","Colaborador",1
"8e55157e6abc105ee17d80d91a291ca8e1215733","Colaborador",1
"8f130324d3af300a4e98a71e0f8c16c3a834f317","Colaborador",1
"8f6a5960576a20bd6f6be731ad8d3dba6348927a","Colaborador",1
"904493b24fc368200382a9ae94106a05d5b09ff9","Colaborador",1
"91937540951433deba3b8732911232bd6f9ace9a","Colaborador",1
"91df075d62606ee295932f1dfefc98187b5ce839","Colaborador",1
"91ea5b6907ccb570818d0e91a98afbe59cdaf57e","Colaborador",1
"920839cf1c160cac5bd202a059ba4f2b3966b049","Colaborador",1
"92a3a34785c5a94b6ec440818479c7b783dbc6d9","Colaborador",1
"92cb1dc12ccc9f20944bf63826d0c98144dd65b2","Colaborador",1
"931ec277f4b385cb40248ab60665af67118f88d0","Autor",1
"9327a5c71f8aeb12f61060d3d2543f4cee001c40","Colaborador",1
"93e99d82415e399125f577843ef7f224e477410c","Autor",1
"9402a311119b55eca0506b8b7a2f27e97b318e48","Colaborador",1
"94a7fbae025b4a42f781e22a1e0d06a98f214888","Colaborador",1
"94c525eee9df256e3bf02115b5cbfed82ad98675","Colaborador",1
"94ef0fd29480b8390b0adff625122db9e732ac5a","Colaborador",1
"958f4099f12841110282ab3e5e220c698a56ca19","Colaborador",1
"9594ec8913e0ae81baf394e4039d3e2e08dce599","Colaborador",1
"96026b82c784bbba010d0a9550301cefd6c73af7","Autor",1
"9634e4574f9304881b1b2d2f306d30774840e24e","Colaborador",1
"963ba2bf2ded77c9c90830970d6708a51aea9425","Colaborador",1
"9664b1b7e3040b7388ecd8c2de46919502f310af","Colaborador",1
"96caff1fbdf201164339e5e94fde04d8cb7968e8","Autor",1
"983b4ace896704726d7be9d781068f81cf410b7b","Colaborador",1
"9891f94e412ba6ac17bd86c20feeb6330b4f3d39","Colaborador",1
"98999bb19d7660321c7151371def629674c5cbc0","Autor",1
"98dc22328ff2a42adacd6c5c70e70a6944b5a7ff","Colaborador",1
"9917b7e3dff8435025b90cf77fc9064c3bc0aa1d","Colaborador",1
"9924300c05ac923c02b353528f25d201efd0bb5e","Colaborador",1
"9968bb31a45bb123de69ad7be1a3cafab86901e4","Autor",1
"99b68f6e24987837486c75bfced6ecbb27881729","Colaborador",1
"99e16110bc42856492636b4b492a0cffe6d70a88","Colaborador",1
"99fed089cf3e17d4de6a7b9f84fe5a10c617589f","Colaborador",1
"9a57ca41b1629c239301d9b65563f6acb169ead1","Colaborador",1
"9aa33ad1d36c345a6fa34d142d2839127a742cde","Colaborador",1
"9bd74055024752af235b488c4fe635e547e70f65","Colaborador",1
"9be155633f8c882bc8874a9d18d9fedf5395c0ef","Colaborador",1
"9c049271e79764c7ca32a55072c7de11237ae26b","Colaborador",1
"9c5f5770023b2dc07ffaa2f6cdcab365b6306894","Colaborador",1
"9c70eee4cafa267e3aeefc886c08911aba9904df","Colaborador",1
"9c96528a98e786c6d755d32cf981a90138a4e5ee","Colaborador",1
"9c981cfc6b3c1431f5a91a9b1ddac9b3c5bab50d","Colaborador",1
"9ca1606e2aeece48e6757312575f5f130cf56067","Colaborador",1
"9d1b4bbf9efca4f2e8a593cad7526a1a6850cc27","Autor",1
"9d717ffee9d3ebb88c08312a3c8bd20f24c1dd8e","Colaborador",1
"9d91db6be80b7b25fc6b3b89c8ec6b0163f217a1","Autor",1
"9dd3942c88b79bd9f64fd497bf8dd21ed7794c66","Colaborador",1
"9de0eb04d4ab3ba88002992091aa6139d222289d","Autor",1
"9eae6db37feb2a66bf44d351e805e451d309f42a","Autor",1
"9f2f179e1c1601426af9ab2124d55d2bfa15186f","Autor",1
"a07011007f0e07ea5db523a85485a398625b28e7","Colaborador",1
"a0c0e90f0cb67f34389bcee9bf04e4312d36ac12","Colaborador",1
"a0d47d108cee15e935ceeaa74ed3df9915eb53f0","Colaborador",1
"a0e14dfc5f7590245d9d9cb488dcbbddbb803a4e","Colaborador",1
"a1c8fd998cca80423b0a365e3dff134b21fa2cb8","Colaborador",1
"a1c9294b89efcec752ca4a83e57fb2bf8dbf0ef8","Colaborador",1
"a1f4443d657182a28b124b6a1390a26680f98fc5","Autor",1
"a216ed1df9394325bc573cd3f1693eb467a89938","Colaborador",1
"a22ae9f39ad3c1d97cc1ce7013813438055162fc","Colaborador",1
"a23a08460c6963c25a8410364629601d30828ef9","Colaborador",1
"a25363f5c35ba818b2dcd6abc4b7375d6fd41770","Colaborador",1
"a284219abd992f62b4bbc0047fc561b47f827412","Colaborador",1
"a297a603385305528f8566a6a29b6d31a9e94cff","Autor",1
"a29ccffcbee5c62f45d224331193835971d9101f","Colaborador",1
"a2c2abd60a7adce51ea6f97bc7f1017e07231a67","Colaborador",1
"a2f84209c0a9dc0030a7d2a1e67ca81b319334bb","Autor",1
"a3b2a203e735c7384211bd996e9104ff62afb557","Colaborador",1
"a47740636d5b91895cc68f8cd7b8e3caaa10ee14","Colaborador",1
"a5584c6b575b6239d048b5adb260068a6783dbad","Colaborador",1
"a5ab455b3414226ef03869eab9e7eeb01142a916","Colaborador",1
"a6230d9e00bf55725195572094bb7f1372cc93a8","Autor",1
"a6cc734b3802846f6ffd1cb1123bf4ca978e6056","Autor",1
"a6d7cfab78299171178ce556a869560630129686","Colaborador",1
"a6f05db34b538a03c05f6e29fbf41314bbd93f34","Colaborador",1
"a6f9b6d5a4e177a1d9456f67cccb3ae0db73e66e","Colaborador",1
"a747cf62bede35c497a16cdfcd58263304f333bd","Autor",1
"a7631810bdd00232b6039cb94ed9079b46eba144","Colaborador",1
"a795b5ced9815579611908e4d3f1be2557e152ef","Autor",1
"a831ecfd01abc863ff51c83bf073c4da2ad6b47b","Colaborador",1
"a854234c1fdd38fc963724fd9078606522422eb9","Colaborador",1
"a87ad4a6ae5a8ed3a2c36e22a510f5b9582cd424","Colaborador",1
"a8dce85bbbc67f41d47b30666e8f05874280ca30","Autor",1
"a918ec2236eef4a24396eec7a89e6b8bdc0ee533","Colaborador",1
"a98b333a4d4987b5209977e52d0cc2b29d77a34e","Autor",1
"a9fb6a18ecaff6b2f39a4710677385557af15924","Autor",1
"a9fe82a1b8a61276ba7c1f8165f5f6c4cf3b556e","Colaborador",1
"aa7080f8fe63939d7ff4a0d0b1ec60f0c3eb31be","Colaborador",1
"aa917d568fa51597f94b6029bed460a839103a8a","Colaborador",1
"aabcf6f9f43c9b5346902cc013cae6d5bb7bc9ce","Colaborador",1
"aac707956287e89639348edab4c7bd6782efd912","Colaborador",1
"ab99bf75179b5d7635c2bf919ab506496348eeae","Colaborador",1
"abaed2bda49769ef74ffb9ad316f7a8969ac3465","Colaborador",1
"abaf4425d9cf59166011e63abb5c28ac4d7fa32d","Colaborador",1
"ac4043dd9d3f0549198977593ddcbba5039eae6d","Autor",1
"ac986bb3a47931b765b23560338e130d21c78abf","Colaborador",1
"ad1520b29afcd0b120e7b91ac0e23b593dfde6fc","Colaborador",1
"ad16a2bfee7e51e8acfbc6acd7cf22e438ec60d2","Colaborador",1
"ad359d7a04065728e8200d9e7aeef4e6e1453dba","Colaborador",1
"ad820cef8a5ae228193f090518eb81638c2dc061","Colaborador",1
"addefa9ef139af1d3a910336d471637a53d15502","Colaborador",1
"ae83679e93c20c8399203ca86d88257fcaecfa05","Colaborador",1
"af2458f556775c5b709ac8c23666b5ffb854687f","Colaborador",1
"af7e6d3e2021715c8d7fc42479ad8ee9f0314cdf","Colaborador",1
"af92429ea05918dfa2502eb3ba2323b1423870cb","Colaborador",1
"afe16e7bb7da877ed65c2461e4113e920121c225","Colaborador",1
"b007592cdef959219784aecf3be54c707054982a","Colaborador",1
"b0497573028c9ce6f04de72ef2c57002217dfeef","Colaborador",1
"b1b6255f38c21cae0f8d8028c303e3de38015f51","Colaborador",1
"b1db3cf514eb5ee78e5b1028c197e800e7368765","Colaborador",1
"b245f2f79ea50ef4bf29c586c3e3da1b7a5cb0a6","Colaborador",1
"b259595c9d5d27686e26f8aac2a74f4ef189555a","Colaborador",1
"b2968395381a96d9616b139016574ed2a6d8ed09","Colaborador",1
"b2a780e97aa9edec3d30d13ea17fe39bd8e81553","Colaborador",1
"b2ba474f06268afaff76b409ba5790b7db9bbbed","Autor",1
"b2c45b196c9a09fd2c1c7e86fe7f4391e93e0c1a","Autor",1
"b393d2f62f84782c32a4fdddd7e0310efc10a189","Colaborador",1
"b407bfa168e198acc7f9931754a06781f45824d7","Colaborador",1
"b43e567dbf46d274782b1ae3851d0db696190c0b","Colaborador",1
"b4c885861dc8ed195951bf9c48a893decc06d8a6","Colaborador",1
"b4e78e04551fb9836d320f01143d6aa2661cc7f3","Colaborador",1
"b4f5cff06552e3e9a68c93d93bbed9aa972a23d1","Autor",1
"b52397e11d51420cd271d30ab32c936deccdb927","Autor",1
"b5934a75b338f72c34ebf3e8e31cee57dd34d697","Autor",1
"b5f58a4be20683cd58b40133cc2ab8e50c158e90","Colaborador",1
"b6426a1e9fb157201878c43c1c82f682beb5904d","Colaborador",1
"b67953c70c0ee6582fd9790b7b735cbda13c33ac","Colaborador",1
"b686a24d3b39d08d0ff7515fbbe58003708cd964","Colaborador",1
"b692172aa907243c7543015468da0fb077a9ac99","Autor",1
"b6b8a0f630abe3b355f0c18c61ff0743d3af8e1e","Autor",1
"b6ba409bce1840be61d5ff9274626584693caef7","Colaborador",1
"b7afcc36321b9a61b208f9cd4071f60a3894c1cf","Colaborador",1
"b7e8f64bbaea4b78e8a744ca94082528c3eda4dd","Colaborador",1
"b7f0f6abc80a5920f658c44c997240631af53f47","Colaborador",1
"b8c02f71d9bbaf805534d5327d8c3935a3b87636","Colaborador",1
"ba399eb7f9f788f2a261f1e912be79f742fd2070","Colaborador",1
"ba3f4daee865544817c7dfa82fb179b6bf80f0dd","Colaborador",1
"ba55e90465761d2c2a05a4845259672e4990edc3","Colaborador",1
"ba6a1190cd4ef783e129464fa28b581871548806","Colaborador",1
"ba74e70ec12a97148fd2b86df6f3f89f2e19051a","Colaborador",1
"ba78c0527fcee58cd097a44c39e9fbd102d128a1","Colaborador",1
"bac96d1fa8fb5c6ffd8715a25400e7759c153a21","Colaborador",1
"bb617ccacd7fc46382d14034fdf0a8ccc34f8be3","Colaborador",1
"bb86771425cfdd3d09c91ce3583bb61d55005bc2","Colaborador",1
"bb878848f71a024e8cc2874979785d0f8a430492","Colaborador",1
"bbf2ad1793840c4796e85cbb75605059809e039e","Colaborador",1
"bc3b9231314aaa2be58dde02a70e75bcfee46c71","Colaborador",1
"bc7eac560f827ac19dd9db16eac64a5da00b8dba","Colaborador",1
"bc9a59d2646b8db2cf6f690b6e4ac30bfbd4772a","Colaborador",1
"bca7e6c554fe2406004c25056160950a276208f7","Autor",1
"bcb4eec75471ab8a84331f8ada8683544e08f592","Colaborador",1
"bd3f3fa5f70c624926d06884b328de59730fc93c","Autor",1
"bd72cce2d9c47e2a62d78eff11c8d2a8e6bd6bbc","Autor",1
"bdbb3d14bd439982aa85f3956b69d04d52ec079b","Colaborador",1
"be2d100d2d06c3ea31934fea30289bc1c88343ea","Colaborador",1
"beb3ab506de6993e80b6b6932160a23247db4130","Colaborador",1
"bed00e525d17062fb6bd656b03842c5307acbc0f","Autor",1
"bed00e525d17062fb6bd656b03842c5307acbc0f","Colaborador",1
"bf19ba139976d53dd72f07ff01d149e862d01716","Autor",1
"bf37bd37556fbf20dfa1a6b40c56453eb1fe8d01","Autor",1
"bf9276fc5c1ea8153bccd097992ded6784e2a9df","Colaborador",1
"bf98464d2ddfb683bc729e9199e241933c9ba929","Colaborador",1
"c044bdfe326db8330cfd856432a06270d8010184","Colaborador",1
"c0769397d5eb6bb0c4f9e77ec0cc34df9502bb44","Colaborador",1
"c092af89a24d05b1d02858f3d84c38292e2347b5","Colaborador",1
"c0aa47c7a18dbcdf1a2900f251466fdd9c9c4f18","Autor",1
"c0cc6a2c9392bcc6e114a98f2deb6129a8564a4d","Colaborador",1
"c168a9adc68daf40404b09af26ff26889f65bfa0","Colaborador",1
"c19fc07b9b99942130159b6ce4860fd775110a18","Colaborador",1
"c1bc4303ceeb04766adc7700efa86e42110b7874","Colaborador",1
"c1ec6d1039317342ed339f2ca1b52e2f4f3b07d3","Autor",1
"c1f332f0a235662b18cc063776e295a6297b9d78","Colaborador",1
"c1fc5eb08fadf38b7f15157d9e3beba73215f118","Autor",1
"c205b14721768dd1532915f8af10fbc3609d2c63","Autor",1
"c2ecb4c68c79c3be40849100f28da8961d7fcd54","Colaborador",1
"c3821b6316c3d25ef6affd5215796d3abbefd2fe","Autor",1
"c401817d51d81502d78fe0e5a40154a1e52a08f3","Colaborador",1
"c42f8b98df530e6e7386772e6153618d5c8e5980","Colaborador",1
"c45cc78548cb66fde513b8b2554afd84e49829e8","Colaborador",1
"c5016e390ff6bb4e3aa65db0b446d9cbac42994b","Colaborador",1
"c537dae7f8a62b9de94fb917c1e1b27905bedc71","Colaborador",1
"c5404b8e25afdc30b5bcafdd2a21b169443e00cc","Colaborador",1
"c54cd4181b9d4b49768c56a47655dbea1a9553b7","Autor",1
"c6513ea7a2dcb76194d63643f76b376e04a26f7f","Colaborador",1
"c6ad4501518bc83e94d0b62a4d1b157fe3c08def","Colaborador",1
"c6d955ade738815ec119ae76db32a3fcc1ac5d72","Colaborador",1
"c6d9e26e2b35377cba33b0b9e8e30c371bdf68ba","Colaborador",1
"c6efd7f622476ee2a954eaa7f78986b48c3efd17","Autor",1
"c6f3fbd15c7e164f9cd46de5c912e551481a8e6c","Colaborador",1
"c73149cf44779965b76377526ffe6789dfef2131","Autor",1
"c81c89dc807ec351de8836d1c81395644eb89f28","Colaborador",1
"c8539b93fe65977ee507b473e9dd62a1cc7bec53","Colaborador",1
"c86389f99b17bb5bdc40a92f54f85f5c2ef2b2d6","Colaborador",1
"c89c81f60ffd4951aa660ea3f48bac32d0fbe51d","Autor",1
"c907dd186deaef344dbbec0f393e871de66f1436","Autor",1
"c92b24787813e6f88beeb7bf3b5f5bf4f7502541","Colaborador",1
"c9634793dd2b6523adee8c7939e8e32a011cae64","Colaborador",1
"c979a8a8b7493538dde5b80936b298ad6b57c877","Autor",1
"c9b7a3f86eb410b2a088fbc76b30e7794100bd04","Colaborador",1
"ca434e0e7af61a9c8d911dd79eeec03789f012ae","Autor",1
"ca904e43347e2004514c813aef975118fae1fdfc","Autor",1
"caa878bc93134a07be311c287dacae2168d97ebc","Autor",1
"cadcfc553c762f4658b3b34dd08038d6af029451","Colaborador",1
"cb1975f45097020ebd572439266c3e1123d188fa","Colaborador",1
"cb891a9732d77dde425052b6d11dc8024492e80a","Autor",1
"cb891a9732d77dde425052b6d11dc8024492e80a","Colaborador",1
"cbaa04905fc7476d331ff69be4cd3e0ff5606e34","Colaborador",1
"cbb8c88a0ef62a95813093a7c662b45dcdee0e0f","Colaborador",1
"cbf275777ce3c9d4357f7a7ce6a8a89c51857df3","Colaborador",1
"cc0726d83a2f5eaba42dcd0ed02e0f1f91d6b264","Autor",1
"cd0ffbe8ba2a4ab2bd43a20da7a66e33430856e6","Colaborador",1
"cd49a8325cf146bc95551141a6950e0c3d2108dd","Autor",1
"cd64e02096372322ba27f69167fb7a41da039342","Colaborador",1
"cdefb8e2d65f94aa5f1e88dda487dcf72f92ef34","Colaborador",1
"ce396b3ddbd18fb64aa96a07c07679df14efec66","Colaborador",1
"ce3fa431f47531b5f21eabe03e9f0af2f03a4cf4","Colaborador",1
"ce7eb026013d0cf7dbe76dffd83a3ac14a321689","Colaborador",1
"ce902a39266619a24af32844816436ca08ef45ac","Autor",1
"ce91bebc39a649511bf85ee75b5323bbdfa55655","Colaborador",1
"cef390e47dfb16da5520354e9c86d37543cfb434","Colaborador",1
"cf3a7a6a49ada3f3ef5479b1adbe08b68ce82670","Colaborador",1
"cf3d1ebb8b9177f5284c4afdeb02cbe820105175","Colaborador",1
"cf5e2f273f67178afa67f7974e4c077bf684a76b","Colaborador",1
"cf78762b6929cad02b7f71fb6f96e3e7f260035f","Colaborador",1
"d00f7dce5a022b17c76479c458461308ccf8ab7e","Autor",1
"d010c4ff1b0b8afcac0d61e24af2276aa9f8f0e7","Autor",1
"d0268f1cf8b9eafaf312bbbb442a5d06e01a3aac","Colaborador",1
"d11b7f258c5f0fcc6730bb86aa84aa31802b8a15","Colaborador",1
"d142c74c15ca661fc5f94b98d3c0717c8e395e27","Colaborador",1
"d1bd441a9a4dc8ca6f4c571c1c26f586cb15ca84","Colaborador",1
"d1c36f170b4596d92a7d40631c997dc6688b6a9b","Colaborador",1
"d1e2048239c38ca43956ae71c271ba5c68b8ac6b","Colaborador",1
"d26aa1bf82792434056c88cf58771e6f4f764589","Colaborador",1
"d2c5bda0b81282c18a6d9ddcf21f4f1afc64b5ee","Autor",1
"d374f3ffe6556cc8861b4ffb1f3619dd8211a33a","Colaborador",1
"d38bbb1e2c96314dd61faa84f2908b90ae29b987","Colaborador",1
"d3b47711035449058d2d124baca9ebc1e7e821c1","Colaborador",1
"d5477a81d68ac910c7b061830c196a693fc58f8d","Colaborador",1
"d5dd1d3307038932be89e67840f29f5012cd46d4","Autor",1
"d5e8fa47f0e3211cf415a0ce5f5c75224fa5c776","Colaborador",1
"d5fbea3411d069cf8c0ae636518a7dc86dd692f6","Colaborador",1
"d60cecb8d3e91230cd6b85f358616a3766248077","Colaborador",1
"d63a33b6dc7cd3d05e00e6c925a8673c7b6c0453","Colaborador",1
"d643056ca03fb0c6265ae33237fde73a3ec4e7bd","Colaborador",1
"d67dc36bbec949e4cfe5cc0d6a837e6576b85080","Colaborador",1
"d706c5ccdcd78db165214b04877dc1c46437b7b7","Colaborador",1
"d7daa8bc3c4b54d3fa751eb6763ba063ea901efc","Colaborador",1
"d7e3e4c9a42e1cda4863310b20c5884cd3354826","Colaborador",1
"d88c4ad411f8e64f8a0e3174cd2d48ee9dfc692e","Colaborador",1
"d892b3346eace3e8fa5530c9d710c1ce2c9fe34d","Colaborador",1
"d8eec06473b4234293f5e802bbbfe9afed542530","Colaborador",1
"d941af5a6f24c3316c6eb5a19ce9c910e63c50ff","Colaborador",1
"d960006de4e68dfa1d278030f2c4d9bfa9132f01","Colaborador",1
"d9b5900525e469e40ab57e948713af1e81a07789","Colaborador",1
"d9be5e098f5b34622fc4dda42ffcded124ad8e95","Colaborador",1
"d9d94aaf6595acb962271ec32c7a9b3734c6c728","Autor",1
"d9dc34499dce40e115ed73664fb518e4c8bf6620","Autor",1
"da43158772b7f252d355c3daadc5a00a884bc8e3","Colaborador",1
"da680f1066c86b27e57b9b2a0b71046637c3b3a0","Colaborador",1
"dac1df0ec8e1cadc3c15bf97195e4a82d1337a53","Autor",1
"daf9f6b5109a42ec8ab400e6f8a74200899b407c","Autor",1
"db218817fdc895aa2e3e52a71aa2f4423a534423","Autor",1
"db4b665cd3ef0809df6760a4e4dcaea5659ad446","Colaborador",1
"db4cb3d2f2df730f635980e47fdf24ade37e2225","Autor",1
"dbe6deab4512462d69c35afab1fa68e97257a44f","Colaborador",1
"dc09f2c75dba14e40fbdd69d3bbd850010d80451","Colaborador",1
"dc483b234253c3a72e006e0e15d81c73b8b2a511","Colaborador",1
"dc9a7d3a59ffaa47523dbbc4daadfda9c891ecb0","Autor",1
"dd080fa6f37009a1739192ef154038ff82f77cb4","Colaborador",1
"dd1d5f8e6a1ecbb203524e869928c1ac4a41bf03","Colaborador",1
"dd624950c60347e25d30fdf8b0194a895a3360e3","Colaborador",1
"de2fdc093a1dd301b0ca6ee874eec9bbbcb86d33","Colaborador",1
"de7a4aee314d41d07ca5e2a0563a35ab7f6c6862","Colaborador",1
"de8865585304a2d78874e0e42ba69bb25d9d5565","Autor",1
"dede76e56ac0b35a65b27bb93a1a7110ef6f0e8a","Autor",1
"deee38c5ce3d407bad80df0f9cffb214a287f7ef","Autor",1
"df635db882dd931be20558e8dec5cbc096f7f512","Colaborador",1
"df818ad7d99cecaec58b293724cc975801e19079","Autor",1
"dfd4828ad29b96d69c901b9f254de70594f88c60","Colaborador",1
"e012c9e5a77ec2361dfe33ed393f7156570e650a","Colaborador",1
"e03d51cdcb89eb415c77776811234bffd8998d12","Colaborador",1
"e10faa0369d498eff12c9f9536d0b81c944a339c","Colaborador",1
"e17a9c65037efaa80c3c743a901eb2642b24d0a1","Colaborador",1
"e2f7e4f091465f8f6d9fbcbf320b470e0e32e6c1","Autor",1
"e2fa2d47872d8d3111996e9d3d96b326fd316904","Autor",1
"e3121eae6879a155aa59293b1c790822f5bd87df","Autor",1
"e313a82ab4ccca13f6ecaff7c67e37fe2cfe672c","Colaborador",1
"e361efcf941dc36ffd92a43a1ff605412bed49ab","Colaborador",1
"e38c6696cddae354c709d1bb9011b27365aa108c","Autor",1
"e3a21d34b4ffafce672ec2ffee67f1c40b51d87e","Colaborador",1
"e3bdd00ff345de62a3612555fd59327e51ae33b7","Colaborador",1
"e3d44f8829f03f09e15b94dfcf1579ce9e717b77","Autor",1
"e3dae6dbd0d4634a6666a043c1d636b81350faab","Colaborador",1
"e41a84b094e514f7ce237d9108e59c02156f4849","Colaborador",1
"e421c11686c7ab9e21d9fbf34ba363f990d45fa9","Autor",1
"e47235efe3dcc5af6972e20c9e8a30111e7a6daf","Colaborador",1
"e488a0232a467b0b469a45f251b264f723380276","Autor",1
"e4b6f4b375f292ceb2e8b6c338a746937f058ae5","Colaborador",1
"e5cb69db5df42ba216317a03ee8d83175dd01c11","Colaborador",1
"e64aa93f8570f9abb96a5758b08b75256eef239e","Colaborador",1
"e6e252e5400432fb071294e2c23ca99fbcf2d7f4","Colaborador",1
"e6e5659b110d291e51089e00f33d55ced6c619dc","Colaborador",1
"e7003ef9c6ef2e6615c96ce6bf2a19745f293793","Colaborador",1
"e758da5d28776bc10adbdaad881dc4d7e8097528","Autor",1
"e7c88e0f83f40f9d020aa7d2783e95dff55f323f","Colaborador",1
"e7da3a052d39e7039daeea8d041f4ff5b3226d18","Colaborador",1
"e8f7653cf0f315fcb75c434c4a46af28d80f2ec2","Colaborador",1
"ea48d18130e6266a8492ff53a459f3dc68b387e9","Colaborador",1
"ea96ffc154b373d7725e44689338bbed788248d7","Colaborador",1
"ea9e8d353b4efd68e1f5c7da5962313c7b662f39","Colaborador",1
"eaad8edbee8b7110ae7a885421db4df97cc244cc","Autor",1
"eace2397e695bc591c05e782da3c5825ad65bb7a","Colaborador",1
"eb1d3a063a8710c01595d36ba0384b5cb64c2334","Colaborador",1
"eb29de1c7c77daf9ff073c40e0e9b6ab74962df6","Colaborador",1
"eb942fc274c8633477e08667311faa1ad98c7eb4","Colaborador",1
"ebaaf466bf42aec26f05e71f06c39a0b19e32e77","Colaborador",1
"ebb0fd6905d6af6daaa2db15b71d4cacd028e14a","Colaborador",1
"ebe0ad4cd5d685a8d2dca667b18ccbd876a2ebf9","Colaborador",1
"ebe1f824a7e60039ea46869e8569bdf60cfc1dda","Colaborador",1
"ec12871e60796e5ce63303c5be8c75f146edfef8","Colaborador",1
"ec2b68bb9835e7eebff92f85680fc9e69209c351","Colaborador",1
"ec4d3de9d2e4cbc55a0ee1087bc49c14cbe56515","Colaborador",1
"ec7a0d6e13f0fa66299cab7fdad8e639e01ee9dd","Colaborador",1
"ecd1aa226ad4bbaab485ff9556e993cfdfac58df","Colaborador",1
"ecde599fd456adc83f42cc842ac87cbec94b7610","Colaborador",1
"ececf2f6409b5aed0b235bd2b77ad367f6749137","Colaborador",1
"ed029357d1fdc055f7f374fb606b1b52fcc31dca","Colaborador",1
"ed034bf80a39a337803df0161d7f80fd226a6856","Colaborador",1
"ed0e530b794c25edbc0539941924638a1e1e6f16","Colaborador",1
"ed54ea08b2edbe7b161656c82d379c048d681d00","Colaborador",1
"ed8e768c7e68253141c58b9a1a3b2b63f4129ef0","Colaborador",1
"ee17ec6b4f0d0d198f0a8efa1eaf4e93646140e1","Colaborador",1
"ee4007a7d15fb149b755accd09a04c6dc16d1483","Autor",1
"ef18734f2042ce8bfd11cc508bc803de555e495a","Colaborador",1
"ef4aa16730c269f0ebb3b9657ecaef9acd5d07a2","Colaborador",1
"ef58a267b0cc5c97319a6f66dd15d99393390e2c","Colaborador",1
"ef73a89139abdd7f4a7dedf47edaf80d7ff8298a","Colaborador",1
"efd21ce982cb9fbd4370ba1ff4364fa92aa9214b","Colaborador",1
"f03023297b7efc5e93ba258b5940b76967bbfc20","Colaborador",1
"f06fd74d25b3a6aac7a5427b9acb545588edd93e","Colaborador",1
"f0b909ea68b0fce80cbd29679fb818cbd8291b3e","Autor",1
"f13413c26a30bfa5615ab34b7a1acd5cb3336bba","Colaborador",1
"f15b8090b7821f4527376f90668b135ec7b95522","Colaborador",1
"f178b551da895c3c6b9c6d2dd9e4f921b81e2a7f","Colaborador",1
"f1e853c1cb7e71738ae4959354f6dca565bf4c6f","Colaborador",1
"f35ae03a662ed7fb2bc13dc806a15383c72c64d7","Colaborador",1
"f45487e92cf8da231e7f270b8bd6348c3a84b98b","Colaborador",1
"f49caf67f642336888a63d61f60b458236df19ad","Autor",1
"f4c2c08ccbd12e8fbd07666effada7f7470c1dc2","Colaborador",1
"f501e948ae30787ce1d714abb6c25b9cf83939dd","Colaborador",1
"f50a1bf1dd622e81b12b985a5388df386bf2bcfc","Colaborador",1
"f5338e014aaf90fdf58b03313be9a7e32710d335","Colaborador",1
"f535702903a26cf25a8e2d97b41b503efedfa2ee","Colaborador",1
"f614a3c311f78dceceaa96112a4453746cf622a9","Colaborador",1
"f6333b592b0d574d68e96d04a09a6cae956ee6c3","Colaborador",1
"f656569eb92ad7fe781d1db9e58112c633ded604","Colaborador",1
"f6dd61cb024d34df477db55edf8fc2f560a49480","Colaborador",1
"f778245a86dcec0879794e0f35601965da221b46","Colaborador",1
"f78acf5eda59b9c392c067e59817478a9baddbfa","Colaborador",1
"f7a227c488c940977d76cdae98b44d3918c28350","Colaborador",1
"f7bea16e37342d752568723d92ce3eca9e4a972a","Colaborador",1
"f8c7ea3672bc825b7c9218877db2db92a4d45aa6","Colaborador",1
"f99e0c73cbd4be095d677639a02d4b52c68f7238","Autor",1
"f9b9d4ee2f4873ed81f475fcf667dd7edbf856ba","Autor",1
"f9fa102690cef217b1565af35b34a727a9b58b33","Autor",1
"fa7991495e70918603b071d6cbb4147347ccc13b","Autor",1
"fb00928c9df3a8152113674f4b85ba0fdf1679c8","Colaborador",1
"fb696b7a6815876f1fa49c9b506e99c7f0b64852","Colaborador",1
"fb7f27fcdd8ca2ebfa3727317979232b0d0eae7f","Colaborador",1
"fd1b276aabcf7a7e4269ca6ae72e04411212f35c","Colaborador",1
"fd71bb768a78db496df9f166ab78def463506158","Colaborador",1
"fda692d250dbb65f1305ad054d4c7e61b5d67756","Colaborador",1
"fdc316a1ce9a1c326bd7668b98dd5f313b920c5f","Colaborador",1
"fdd3f3aa897ee66e8b3c702f682993ed3b2b85ce","Colaborador",1
"fde85c79dfa81f704da7f41d0284feea245ea7be","Colaborador",1
"fe3df241c9df18de4e3e1180114bb557c2935b6e","Colaborador",1
"fea144dd19be5a8af2ddb94c8eda1e323d3cb69c","Colaborador",1
"fea528c39d3af1b8a877d9e0a9c9f927136944a9","Colaborador",1
"fef580ed7faaba17e2c8fea504b8587850502220","Autor",1
"ff41e953ccd3e8783c9653b0bb901d290bbd1a78","Autor",1
"ffa1ea735875442501e4f742cc3090903c5da001","Colaborador",1
"ffdd106588854aa66cdad1ad4bbac980b96df967","Autor",1
"01f24aae07fe3cd006eca2c2870dc51649dec2d4","Colaborador",2
"02fd5a2aff17d7ac8c984b0db8586cd6948309cf","Colaborador",2
"05a6097dc659e6567e2d081061a44a585ddc5f67","Colaborador",2
"05b6e0b330f423d5b163c07fffb1183abe75c3fa","Colaborador",2
"06a7d84b43904218f2299f582b6e2f9e0fe55b6c","Colaborador",2
"0709b95732214f48e191d591de9a652b0c9ddf82","Autor",2
"078af20e8b3bff93dd42972e4ef01702e7e1fe2b","Autor",2
"07cbcfe846f2047019690be3b941184f889ee87b","Colaborador",2
"0a8248578fc9188adf4c983729e4cd775c4d52bd","Colaborador",2
"0c04cfed7f8c4bfe8839374171236e684a9df437","Colaborador",2
"0c3220c4697598badbf222b7b6209326ec863942","Colaborador",2
"0e6add7dd6a4ab6d459e32452f7caf78c2a19de4","Colaborador",2
"0f0dabdcf46d6650addfc854a39eecfb49189c7f","Colaborador",2
"112632bb4ecfc54dba6346c1a9c3af9861c6a74b","Colaborador",2
"121cb8b88d32b1c2398b9f03f7e8a7c7b27e8391","Colaborador",2
"13bfd060b6bb74b083ed7917e03d875d90d7d339","Colaborador",2
"18404054b0e7bad84c552530fa5771f38469f2d3","Autor",2
"1ac033e42aad0433ce54058273e98eb229bfa005","Colaborador",2
"1f1c76a5d8e4456d844bf19400aca68900e0e878","Colaborador",2
"215325c0589927882389c22761af2db8beb985cd","Colaborador",2
"2550a94f05e51808f22a5803c095fd134d4d81a2","Colaborador",2
"25f8e45b73c8ce685e5591a75ad1b3d69828fde8","Colaborador",2
"2995b0579440450d5be64f7dc4058024c6b605be","Colaborador",2
"301e5d260d14738fba0d69e73129c52221a21839","Colaborador",2
"302a06e2e15901a3764b30914a772efe5bad220f","Colaborador",2
"34cf164aa28c45c15ecf39b855f2de833a9b7c2d","Colaborador",2
"396d74322af6af7a6d813643ecab2a3f9b3f7bba","Colaborador",2
"3c72823b014147a4cfa028d03f3d686797a085e5","Autor",2
"3fab4f0d7dc92e70e5f0e6273d75df8c4d972a61","Autor",2
"453cb7ca79ace05f53667e523dc534bdeb7ddee0","Colaborador",2
"4af624627eafdd5db9e0200bfd05c59aa60292b9","Colaborador",2
"4b6215051f1d3b484e32dc95e33d83202bd89959","Colaborador",2
"4e2d3763907fa5d4c7156cbf02c1d334775fdc8a","Colaborador",2
"4ee52cb4faacae2842f63b211fb8ecc77a17c254","Colaborador",2
"4f68ac6cc084676351b0e15dbede4bd10ce86042","Colaborador",2
"507af191bd9a100656b70da66111e2af105d82ee","Autor",2
"5290c7f392651acbf558709f487eb0bf651dd410","Colaborador",2
"537fb85696031182cb6a79879a0f5e7ce6374779","Colaborador",2
"565a4927242ad84430b247f3e3939cf75ceb986d","Colaborador",2
"57373d7b3a13cd70a04dcfe427a6cf9d104c1c7e","Autor",2
"58adceb4e9819284cd6b95b7d6ab3b99741fc24f","Colaborador",2
"59d3fa47a5e5247b7af1dd2559193126b367d8ad","Colaborador",2
"5bb284267be3b1b276171093e701bbc97bbd0d68","Colaborador",2
"5beaf15f217e33e32a02eb84b4c40d7e514b06d7","Colaborador",2
"5c534ac344ab8646185e9c50198365eb774920a3","Colaborador",2
"5c6dacbecf9dc33e348bda1ec9f500c93706b66c","Autor",2
"5e3355a6c348b511c7b7a1f6dc89185726d566c5","Autor",2
"5fe2dda146df35003f3f41348036105b8b48ee44","Colaborador",2
"62c9375bc9e3d4b9cc8abd5fc1c4cccb621382b5","Autor",2
"650bddcfd1399c875156cec8be37e331835ce129","Colaborador",2
"669a6a66cbf35a553e28e398a3227c748108ace0","Autor",2
"6ae224107fbc0589629e3368bd516e08ae4b5a54","Colaborador",2
"6bd96564168c66eda4d1b198e62c7bd20549205e","Colaborador",2
"7063406d6caf42f61d87e42db6ce46df9e64ffef","Colaborador",2
"71681c889b63432b7534078a402a7512a172e323","Autor",2
"725aed43ff7282e834a0deeb0f1136dbb909abfd","Colaborador",2
"7363bc03f2a8242a1fa3532a90f633e772b31084","Colaborador",2
"745c0913f6b5e37005d5bc02871c410eb9aa52e8","Colaborador",2
"77c1edbe13e1d4a2697e184a01d174004dd9e25b","Colaborador",2
"7911aeb51e66e38d4c1721e2392188c1a58f53d6","Colaborador",2
"7ba2f1f17fb02e5803dee3412d2ac6c2ca0a7db2","Colaborador",2
"7c078db879c2f645a803224c5f9b70ed9cb8d911","Colaborador",2
"7d9f3acfc905ca5d0c9747699eb21d2d95fbf821","Colaborador",2
"82936df2af3993c2e234042c450e0e9630b045d4","Autor",2
"85119b9a80f5a158485eafbb8ceb8fe81a814e61","Colaborador",2
"85bdb06cad4e8a58509f7421610ef9c82bbabc02","Colaborador",2
"87b68a17adb0d254d56c995fbaff7a5a94175297","Autor",2
"87e903cd739ae68aaadd086ebb2b831680e882cb","Colaborador",2
"87f7151ed74537a855c9329cd4a2a39dd0624433","Autor",2
"88cb0c9d205552ba3f2531d0d6380f7d9f15c4f7","Colaborador",2
"8be56d700309fad3966356249f024ed94ff36f8b","Colaborador",2
"8cf025f18d85c079a8e95140cdc5abc8b6fc9c04","Colaborador",2
"902063d932a37e8bcc47df1fdad173a44595ad39","Colaborador",2
"95aace51cca7c7a87107a52a5618bba2135ce025","Autor",2
"98ef77406d84aa4a0c635d02ffff6c1b512af1d4","Colaborador",2
"99b9c1f0b20d2ed896cb930c0213e0d6f28a5b10","Autor",2
"9cb73f839ffddb1479f0ee1c8a89acebafd31045","Colaborador",2
"9d4a1a3b4f4fb04c2e22ef4c476fbd99301b1073","Colaborador",2
"a0e80ebda2bc9270beb4818a2438d7555593b6fd","Colaborador",2
"a2cd9400024b98616f67f106f91ef55ca7a57c42","Autor",2
"a4c0e7f3fed1eadcbe0efa3393a91cc4293cf549","Autor",2
"a72d40284dbd2c9be4a0c9bc46bf50db29a71f1a","Colaborador",2
"a98b95923b4cfc2b05bc570036f810d127aa6e90","Colaborador",2
"a9c7e40b5b7d7d2575d9238d6dc8f3dce8e4c6b3","Colaborador",2
"aab55d8cffc577a7aec4f43d5157c7e3f498c0f5","Colaborador",2
"aae6633c28ddcdad834f5ad0fe4f890e96c2afa0","Colaborador",2
"aafbb6374b903d0c8ec5364f4cb3f2065cc7d31e","Colaborador",2
"ac54a2ed457d37a40be193bb0fea684f1dd0e197","Colaborador",2
"af03fa3c7c78ce51017c9e71369e637d91f95208","Colaborador",2
"afee9fd42b95274d71c76351349b9bf2090632c5","Colaborador",2
"b0b8f40791de39eb6a7ee301d2edada80ad32338","Colaborador",2
"b0d1c884e0aa88784c3351895f21ac31323afbcd","Colaborador",2
"b15fe1ddf13de866d1ad8068db1d4632b5bbe094","Autor",2
"b16ca3fa64fc1fa83d40d00d0090cc7fd27a9840","Autor",2
"b2d2187b20c95e8583c53c79cb2830ab22094472","Colaborador",2
"b4906f3d230c22c807cdb00b72de0d60491bba76","Colaborador",2
"b70062d6d257be8bf0d9f1260c519e5de129b580","Colaborador",2
"b85f311ddd7a1275e49289ba935617a163062790","Autor",2
"ba664dc84855d5db34b4adbbe2a0e4e300d84471","Colaborador",2
"bc4fb2fd0ef60e39cc3eb331378672a8a04cb30a","Colaborador",2
"bc57507a4ceee92050a5eb8ac17dfd8b5d264b7a","Autor",2
"bdb18828e36340c1800a0eec9f4b5edc6ffae2b2","Colaborador",2
"bdb5c3eb9ddafff656953ff048b6b3bbb3234181","Colaborador",2
"bfee90f11c9766808a0c7decccc3289d4764019f","Autor",2
"c1ccb244dbacb82519c0e0f85c82f8c6898b2cf2","Colaborador",2
"c36d4859d7e8d8907e4fe82e82d690d76df389ab","Colaborador",2
"c45fbe1bb3092060bd258b3975d7218ee34402af","Colaborador",2
"c463236521186307d6195f9161c0b82d057f5ba3","Colaborador",2
"c54a0c6db93b3fc2c6d749b79221a8d26d8afbd7","Colaborador",2
"c5a798beec0f24f6828cd3c43bbefd1e18a9d33a","Autor",2
"c7a00a4aba32984b4d3cc8fc5bb1039f4f6cc224","Colaborador",2
"c9b63f7f9be01692b03fa15275135a4910a7e02d","Colaborador",2
"cb2f9f3e7bb3124a95a723f1a7678c28e2bb0644","Colaborador",2
"cc6e18411c7b9082f7cff525f5b3a78d8333874a","Autor",2
"ccc86016244aaec2d95ceca226ffb0115ef31871","Colaborador",2
"ce75a6034f808841a249352f362676ce2c6270cb","Colaborador",2
"cf8ea2649811bc9736e547eae8f74ecfdf5f6757","Colaborador",2
"d444d4dd9d327a5eec4fc944b06a919b39699595","Colaborador",2
"d552415abe4e1359f55cc5543d162e95290cd9c2","Colaborador",2
"d559401c50690c65993b519bb2e28754e46dd179","Colaborador",2
"d6dec82d3d5bf2b130fa8c989c5650710e5b703e","Colaborador",2
"d6e3f740bc93e6bf472d165f5a7c5e8b69be1a8b","Colaborador",2
"d90ae8012a6790fde87b0b5c8d50356686331f3c","Colaborador",2
"d964af81428a6d768aeb96906eb0538a30d919ca","Colaborador",2
"dce6a7612a42c11065efcbc19a7beb5521992eb4","Colaborador",2
"e05c13a0973f6758c4de91d07afc4bb8a8c90f42","Colaborador",2
"e26a1c5f7a6bceb032e8a5f2bb77c34ad569a1a4","Autor",2
"e3be4a0e0abfe0368aba0b03c2ec59af8385ef3a","Colaborador",2
"e67371d269eab88bb684a7c5d5e37190cdf805dd","Colaborador",2
"e8d4f3f848b34a939696ccf1309abcf468c8ff10","Colaborador",2
"eb5313f8503091017ecb81ad8d48be576a666a81","Colaborador",2
"ed27009285d762ba35e99b9bc3d4bca2685b7fea","Colaborador",2
"eda9303ec90d1e69c2a6321f8405d95cf80f71c0","Colaborador",2
"f14ad5e9dd7fba1c1c7bb39b47bce38f9de01316","Colaborador",2
"f23bda9e469fad7b6d83d9f30dd22a073cab5102","Colaborador",2
"f43b7524e0b4444ce138f04a3d9bed9ee5f29926","Colaborador",2
"f6fd353f767b9c6d74fc10dbf7f2e675f36e57d4","Autor",2
"f7013f70a53f644e0326d32287d59b91f627e792","Colaborador",2
"fd762303b0c655f77ddff3004bfaaf11cc6c4e0d","Colaborador",2
"ff2f121d8a90630e6d735abc71a250bdfd559220","Colaborador",2
"02dd0ba5602b4e8ce05266f5d1be92ad29d7dd3e","Colaborador",3
"08e5778b19abcde484056e0cac76c237c2180142","Autor",3
"0a54efdd0c22105a3044fba5486289de4644db99","Colaborador",3
"0dccf692d41f62611b0b8c753ef4e84be670c736","Colaborador",3
"0e420fbee80ec3c6aa4f73915d832cf22b121e73","Colaborador",3
"0e88d01caf89a0d5e6e69cae9eb1d095006f6508","Colaborador",3
"1012be5efbf01597d4edfd8071068286a77ff2dd","Autor",3
"10d3c151438c5580756b6a66a059742ace51333b","Colaborador",3
"18eae24acfedce4b5eab761edf23748642004ae3","Colaborador",3
"198dc9eb43e6d0e5c1bb44849ce671ebf18cafcd","Colaborador",3
"1b2bee37e43baca9b0ec58061561fdb60c31cef8","Colaborador",3
"1fa4a000e7e1855e1d99bd6fbbb8067df8e90839","Colaborador",3
"20d26aea943d8de63a61cb92f506dd51b934fe36","Colaborador",3
"2b3e1f46e36ee0726dcf9d55593cadab9d42fcb1","Colaborador",3
"2cbae7f6a5596e15835e73c76c684ecae0c6336e","Colaborador",3
"3a8d4f91e500d8706e090463db3b4bf66eb6f6b5","Autor",3
"3d01c7824821688c9213e5789570cfc647f4cdb9","Autor",3
"45526205abb7ddbf3d21d19b51353d113027118f","Colaborador",3
"475607826343340f509cf8a3f194b11e469ff8ad","Colaborador",3
"4b7c7c2bb16f6278036f5aee6fb0b2c8f5ce38f2","Colaborador",3
"4c406bce171db7086e394f69ae3cddd3b4dc8a87","Colaborador",3
"4f4958878a74d97f9f43e8add855bc2ee22c1de4","Colaborador",3
"539949973c484f14d40f1886d67ec09df057315c","Colaborador",3
"5acd848f79b248511c298ae6321417e1488dc696","Colaborador",3
"5e3355a6c348b511c7b7a1f6dc89185726d566c5","Colaborador",3
"60fa7efbc861cc6b6d6ff0f619a16ed79025cb12","Colaborador",3
"628100c19f5d82747170acdf2917cba8c119ccbf","Colaborador",3
"712eb5428e1b2aa2a9edfb3eb95375f0fca29ff5","Colaborador",3
"73d7e5e2de6d267bc439ed82e1fae8caff142881","Autor",3
"7a85c9160dbff92502f60c2651e572039de3e8ba","Colaborador",3
"7d664e755eb8bf8226695a735a631124421edc7a","Colaborador",3
"7ef8d0d4438c8780dfe6db53add4bdc23118732a","Colaborador",3
"83107ee222a9b660bb73595dd321ffd724864876","Colaborador",3
"831794e150d890a64fc889887334accec4dd822a","Colaborador",3
"8404ebf1d44420f3e0d1d0b5653b3bd8b9fdaefc","Autor",3
"86cf7de430ce9d1d255ec82476aca5ffd5146dd9","Colaborador",3
"873a3ef04725dadaf78f92c54311d8178ce28462","Colaborador",3
"8da205b0a86c94fabb543ad7f8b37feff2b27842","Colaborador",3
"9435851dee786a9f5057d324375ecc8a454a99f5","Colaborador",3
"947dd452942288aee8e109e3cb3e8b121146725b","Colaborador",3
"981d55e84c417095c0f686a6e22ba83ef9aa4b4e","Colaborador",3
"9abfecf05efdc2eea8e374df251b6fede31881f3","Colaborador",3
"a3ba8d575e972ec1ee18b29007c58276625e77d3","Colaborador",3
"a435e8648fa16c8f661626b055e0e6626bf26460","Colaborador",3
"a98dc18d55947709e9350da79993bbe8e8cdfa28","Colaborador",3
"af248ce2c17416ed33e9feb3d248347ee86f02e4","Colaborador",3
"b2fec642fec7a4cf7f0aca2f7bb0d964656dff3e","Colaborador",3
"c01ee90ef6eaf62e1ec3b10567a54a0b7c0a3977","Colaborador",3
"c80cb47e5cf49c7aa0b162fc509ab08fd1b17e8a","Colaborador",3
"cbd72ff4554faadd8552d61cd85241cf3565847b","Colaborador",3
"d0b5d53f92027863292116181d75fd0a68075003","Colaborador",3
"db582a4e5c51f8f83c0d952373b691400ff78178","Colaborador",3
"dba19a961bb0ba3f0d28eee20980ea808a70289d","Colaborador",3
"dbf50408336d68c19bcb6d74241dcac6d38f0215","Autor",3
"ddb3bf05d86a69b9370949c00f551bc15f39b54b","Colaborador",3
"e8456beadc9c065b52291ebdc552564d0a1d9069","Colaborador",3
"e9a3528bbd6babdda1b287fe244abc4041f217ae","Colaborador",3
"eaa673182255fb261c91cab7c0ff16f7952b529a","Autor",3
"eb93130cd3a846650dfbb972194190e91564df02","Colaborador",3
"ed970381fb914c413b88718bb7756b0f1282cfad","Colaborador",3
"ef81a24f643a5373c751ff827ccf07e479a5e75f","Colaborador",3
"f6ba2741345fbab44947e9f81ff0ea543aeba030","Colaborador",3
"fba30c4cf89fe4c77415f8bff1567b1ee4672f83","Colaborador",3
"03767ee0f98262220eb13a2fcb1f2fe0963cba3d","Colaborador",4
"348c6ba919d3dc28c669984890e5d1ac605e289b","Colaborador",4
"39422d5503281030d712c39af25317b5e3ece0fe","Autor",4
"3a7fb4d8e1896eced87e3ccbf9369d76fa10d7e0","Colaborador",4
"3f855f07f5d2e9a08a586436719358c40a46f29d","Colaborador",4
"4362085847f359ed13df6f8f488a06eb52ecd767","Colaborador",4
"45d4fa580114e7379a1140fb9944d43ffb9522ae","Autor",4
"496ed18e85147a167a2841e078e974e988eeb006","Colaborador",4
"4f887a1e536044cca9b4a865917ca56288032b07","Colaborador",4
"5849a0588e7b12003f8b9afcfcdc31f46c6b2329","Colaborador",4
"5e59578e28408b4fcf85de19fd301a5b02d96dec","Colaborador",4
"5f7321280e2dfaa097fbd4855b547069ee96edc2","Colaborador",4
"7b0b86c9f7841217d4156503fbe004fdea54caeb","Colaborador",4
"7c0baeffbc302ff0851790b7bc7f87e033368d07","Autor",4
"81ed389e71cda96c1bd5935dd5f9cb98327870ce","Autor",4
"9f7444baa2001616f227ba9a442be824a57e56b9","Colaborador",4
"a04fdc50b67de8385240e0f9f5f594370f960d88","Colaborador",4
"a1a94ed31973c0d8a262c82c3cb3d10c760d0ad7","Colaborador",4
"ab3e3926abce49f0741edf90a1300d4cdcc79670","Autor",4
"b17c0276de4da4cd75114d7e1c67738f894ad59e","Colaborador",4
"b41bd594b0324c4aa0d02ec35ad1efdcf2d4f6db","Colaborador",4
"bf0fb9f3275ab245b4f8f32ed87b482000b78243","Colaborador",4
"c65e16fd00dd3ceacac301f2f774bdf29cf211d2","Colaborador",4
"ca3fa043f09b0684999f8881e65c22dfde875004","Colaborador",4
"cb0f6c8c91b564e541688b3f0f57d8456295dc1f","Colaborador",4
"cc28cc0177aee6fc93436443597078e5be374354","Colaborador",4
"cf505b850bb02e7b691fbd5f48618d66fe55bc0a","Colaborador",4
"d99cd18fb9e97c4ec264ad7a72bf7e2ba9a6dfa2","Colaborador",4
"e2acf19d42b874eecd1b142a0e1192721fb295f5","Autor",4
"f61726ba4924e1c67dae9097861a258d20c63f33","Colaborador",4
"fa1eb92a7bc17e9e3ae3809851588ea5842df292","Colaborador",4
"fe1d958838cce03179870397f372e723881f2c89","Colaborador",4
"187351fa61e0ec9e8fe396de7a1d72a3a67d328f","Autor",5
"29f7a9180caa1b8278bf3d9c6a9b49a0b59a1000","Colaborador",5
"449553ffb0e42656221c3a322d10c14cf86abb6c","Colaborador",5
"4ec499c2417819a174ebd68529da2a21e9c5c72c","Colaborador",5
"6001ceff9f9383c4c3f04e056cd09b118d11b044","Colaborador",5
"80be398c40c0750b95fa17c50d97f6510381c70d","Autor",5
"8d6f4d9d40c68f3174cbe94f7107dea74d00d5fc","Colaborador",5
"8dba900025a094b13900ba67b10c12772911d199","Autor",5
"91dd079add901b219d0193c686f8232bc57965c9","Autor",5
"a903f16c68dbcdf812d2e47e2cc3caff34d99176","Colaborador",5
"a9c8ab916b2106efce25b8b58ec850031a2dfbf3","Colaborador",5
"b37fe23b99be98955dd28cba054ed421a37d0e72","Colaborador",5
"b4c8d53394d11ecd39826e284cf6b57e98528d08","Colaborador",5
"b563b934143034cb6a57c3ab674140f63014b1a3","Colaborador",5
"b67b223c26ad4cc1784070b8d69e85623814e2d2","Colaborador",5
"d5854a90cb58ed75da92aebc99061dd8133536d5","Autor",5
"db218817fdc895aa2e3e52a71aa2f4423a534423","Colaborador",5
"ea0479998a0d44eb2a02c5ec18a692b17aa53274","Colaborador",5
"ec301a5a5486898cb4d9854a56eb866f1b93f634","Colaborador",5
"f4f27e438b0791e1c0708c4f031aa80c59d965b1","Autor",5
"13ee029364b37eca95c43641420e75c872b32653","Autor",6
"1a75c8e1be58a25510642605dcd40c5c65e9c3f3","Autor",6
"1a96ca3edd2b3b503a00180a8d1bb225cac2059b","Autor",6
"21f1427cc6f6201444566ae20a92b7a9aa6b5eaa","Autor",6
"241dd69b081779a77718763561a779cdffcaf11f","Colaborador",6
"507af191bd9a100656b70da66111e2af105d82ee","Colaborador",6
"e681eafa78262d0c177832d67900687f2c938081","Autor",6
"e9b9ff9f38abc82c0a5002d5e58a5c226b698f82","Colaborador",6
"16d32fdeda288f5b8be71aea4a2f554b694d13eb","Colaborador",7
"2a282893140c0e838a4750da80198d07e355acc6","Colaborador",7
"a05817c0ebc1db2512fa42b3949554647d36ab48","Colaborador",7
"ea0d3059f44c1edc3fd762c5b921e43e535db290","Colaborador",7
"fb01d4e9ab9739e11499538d85e8932fb97a2c57","Colaborador",7
"3c1bd3cff0a687f817078992488012034fe453bb","Colaborador",8
"5c49b45a6deb80d604fd6114bb110358b6ee0687","Colaborador",8
"82936df2af3993c2e234042c450e0e9630b045d4","Colaborador",8
"aab881fda26578edb5c17a705069e55e8c612f29","Colaborador",9
"aeb5d15871cca7fe5eba806431b4e63fee015a94","Colaborador",9
"bc651b0222a41edcbc40b6a26bdc8ecfe4a7f503","Colaborador",9
"c7ec88c88adb4f15b154ad125977d9c2c4ae4956","Autor",9
"e57659e63f0c4c41fb774cd84ead368bb163b8b3","Colaborador",9
"545b7dc6ffc0aff9f2ca2cb4ba10b69e25134a03","Colaborador",10
"ae04663aa91f864250fd109fe6433c8dea7c4a93","Colaborador",10
"ce09cb4a91e0b0a567e87d1f5e7301924b16c146","Colaborador",10
"35821f3875e4a718932f7f67debdeacaa8c6cc3d","Autor",11
"51ae33cbe8a29c6502f16cd1bc57e5535e0b4e64","Colaborador",12
"91dd079add901b219d0193c686f8232bc57965c9","Colaborador",12
"45d4fa580114e7379a1140fb9944d43ffb9522ae","Colaborador",14
"bf27d4305288872507e1c6283df91783785c1b1e","Colaborador",15
"e7f723539d39f20092aabfb5b51826807e016fe3","Colaborador",17
"e681eafa78262d0c177832d67900687f2c938081","Colaborador",19
"f16af8be941b596dedac3bf4e371ee2d21f4b598","Autor",19
"9c49254abd59b8e3f4ecf2be7477dd62bf399296","Colaborador",20
"4338ddf9ec6a3662e852bcdbbfd3048e8d108a10","Autor",21
"a51a69134b8bdc94cfb4dcc1403e33cce24d34bc","Colaborador",22
"132ef6cb50201cb6ab8ab0609a88ccce62aa6a21","Autor",24
"95febd978c9f5b0c1eb76b3a2c506ef540087ce3","Colaborador",24
"83032b1aa3c3e5910c5cfd3e0ea1d25827f56475","Colaborador",25
"1a75c8e1be58a25510642605dcd40c5c65e9c3f3","Colaborador",44
"d03d6e606b40157d910ddf99ab018156abeb8ef0","Autor",46
"4a6ceffb98a0b785494f680d3776c4bfc4052f9e","Autor",48
