desenvolvedor,variabilidade,fa_geral,qtd_commits_geral,qtd_commits_dl,qtd_commits_ac,qtd_arquivos,arquivo,qtd_commits_arquivo,fa_arquivo,ownership_perc,ownership_n,ownership_geral,ownership_geral_n,ownership_arquivo,ownership_arquivo_n,ownership_arquivo_perc,ownership_rlm,ownership_rlm_n
Nikos Mavrogiannopoulos,(HAVE_PIN),1,1.099,0.693,0.693,1,mod_gnutls.c,1,1,50.0,1.0,50.0,1.0,1,0.09090909090909091,4.545454545454546,0.9075700315670454,1.0
Stefan Buhler,(HAVE_PIN),0,1.099,0.693,0.693,1,mod_gnutls.c,1,0,50.0,1.0,50.0,1.0,2,0.18181818181818182,9.090909090909092,0.9075700315670454,1.0
Stefan Buhler,(HAVE_POSIX_FADVISE) && (POSIX_FADV_SEQUENTIAL),1,0.693,0.693,0.0,1,chunk.c,1,1,100.0,1.0,100.0,1.0,1,0.2,11.11111111111111,0.9821873255543234,1.0
Thomas Porzelt,(LIGHTY_OS_LINUX),1,1.386,1.386,0.0,2,sys_memory.c,1,1,100.0,1.0,100.0,1.0,1,0.25,10.0,1.028884651108647,1.0
Thomas Porzelt,(LIGHTY_OS_LINUX),1,1.386,1.386,0.0,2,plugin_core.c,2,1,100.0,1.0,100.0,1.0,2,0.16666666666666666,3.9215686274509802,1.028884651108647,1.0
Thomas Porzelt,(LIGHTY_OS_LINUX) && 0,1,1.099,1.099,0.0,1,plugin_core.c,2,1,100.0,1.0,100.0,1.0,4,0.3333333333333333,7.8431372549019605,1.0095035098875704,1.0
Stefan Buhler,(LIGHTY_OS_MACOSX),0,1.099,0.693,0.693,1,profiler.c,1,0,50.0,1.0,50.0,1.0,1,0.125,3.7037037037037037,0.9075700315670454,1.0
Thomas Porzelt,(LIGHTY_OS_MACOSX),1,1.099,0.693,0.693,1,profiler.c,1,1,50.0,1.0,50.0,1.0,2,0.25,7.407407407407407,0.9075700315670454,1.0
Stefan Buhler,(USE_LINUX_SENDFILE),1,0.693,0.693,0.0,1,network_sendfile.c,1,1,100.0,1.0,100.0,1.0,1,0.2,6.666666666666667,0.9821873255543234,1.0
Thomas Porzelt,CMSG_FIRSTHDR,1,0.693,0.693,0.0,1,utils.c,1,1,100.0,1.0,100.0,1.0,1,0.034482758620689655,0.3546099290780142,0.9821873255543234,1.0
Thomas Porzelt,CMSG_LEN,1,0.693,0.693,0.0,1,utils.c,1,1,100.0,1.0,100.0,1.0,2,0.06896551724137931,0.7092198581560284,0.9821873255543234,1.0
Stefan Buhler,CMSG_SPACE,0,1.099,0.693,0.693,1,utils.c,1,0,50.0,1.0,50.0,1.0,3,0.10344827586206896,1.0638297872340425,0.9075700315670454,1.0
Thomas Porzelt,CMSG_SPACE,1,1.099,0.693,0.693,1,utils.c,1,1,50.0,1.0,50.0,1.0,4,0.13793103448275862,1.4184397163120568,0.9075700315670454,1.0
Stefan Buhler,DEFAULT_LIBDIR,1,1.099,1.386,0.0,2,lighttpd.c,2,1,200.0,1.0,150.0,1.0,2,0.2857142857142857,7.407407407407407,1.028884651108647,1.0
Stefan Buhler,DEFAULT_LIBDIR,1,1.099,1.386,0.0,2,angel_main.c,1,1,100.0,1.0,150.0,1.0,1,1.0,100.0,1.028884651108647,1.0
Stefan Buhler,DEFAULT_LIBEXECDIR,1,0.693,0.693,0.0,1,angel_plugin_core.c,1,1,100.0,1.0,100.0,1.0,1,0.2,7.6923076923076925,0.9821873255543234,1.0
Stefan Buhler,DEFAULT_LUADIR,1,0.693,0.693,0.0,1,mod_lua.c,1,1,100.0,1.0,100.0,1.0,1,1.0,100.0,0.9821873255543234,1.0
Stefan Buhler,EPROTO,0,1.099,0.693,0.693,1,utils.c,1,0,50.0,1.0,50.0,1.0,5,0.1724137931034483,1.7730496453900708,0.9075700315670454,1.0
Thomas Porzelt,EPROTO,1,1.099,0.693,0.693,1,utils.c,1,1,50.0,1.0,50.0,1.0,6,0.20689655172413793,2.127659574468085,0.9075700315670454,1.0
Stefan Buhler,FCGI_DEBUG,1,0.693,0.693,0.0,1,fastcgi_stream.c,1,1,100.0,1.0,100.0,1.0,1,0.3333333333333333,25.0,0.9821873255543234,1.0
Stefan Buhler,FD_CLOEXEC,1,2.398,2.398,0.0,6,chunks.c,1,1,100.0,1.0,100.0,1.0,1,0.5,33.333333333333336,1.097036204528426,1.0
Stefan Buhler,FD_CLOEXEC,1,2.398,2.398,0.0,6,utils.c,2,1,100.0,1.0,100.0,1.0,8,0.27586206896551724,2.8368794326241136,1.097036204528426,1.0
Stefan Buhler,FD_CLOEXEC,1,2.398,2.398,0.0,6,plugin_core.c,2,1,100.0,1.0,100.0,1.0,6,0.5,11.764705882352942,1.097036204528426,1.0
Stefan Buhler,FD_CLOEXEC,1,2.398,2.398,0.0,6,mod_cache_disk_etag.c,2,1,100.0,1.0,100.0,1.0,2,1.0,100.0,1.097036204528426,1.0
Stefan Buhler,FD_CLOEXEC,1,2.398,2.398,0.0,6,chunk.c,2,1,200.0,1.0,100.0,1.0,3,0.6,33.333333333333336,1.097036204528426,1.0
Stefan Buhler,FD_CLOEXEC,1,2.398,2.398,0.0,6,mod_flv.c,1,0,50.0,1.0,100.0,1.0,1,0.5,33.333333333333336,1.097036204528426,1.0
Thomas Porzelt,FD_CLOEXEC,0,2.398,0.693,2.303,6,mod_flv.c,1,1,50.0,1.0,10.0,0.1,2,1.0,66.66666666666667,0.7343140402935144,0.6693617195698368
Stefan Buhler,GLIB_VERSION_2_30,1,0.693,0.693,0.0,1,mod_limit.c,1,1,100.0,1.0,100.0,1.0,1,1.0,100.0,0.9821873255543234,1.0
Stefan Buhler,GNUTLS_ALPN_MAND,1,0.693,0.693,0.0,1,mod_gnutls.c,1,1,100.0,1.0,100.0,1.0,3,0.2727272727272727,13.636363636363637,0.9821873255543234,1.0
Stefan Buhler,HAVE_ACCEPT4,1,0.693,0.693,0.0,1,server.c,1,1,100.0,1.0,100.0,1.0,1,0.08333333333333333,2.0833333333333335,0.9821873255543234,1.0
Stefan Buhler,HAVE_BZIP,1,0.693,0.693,0.0,1,mod_deflate.c,1,1,100.0,1.0,100.0,1.0,1,0.5,33.333333333333336,0.9821873255543234,1.0
Stefan Buhler,HAVE_CRYPT_H,1,1.386,1.609,0.0,2,mod_auth.c,2,1,100.0,1.0,133.333,1.0,2,0.5,33.333333333333336,1.0439178321606852,1.0
Stefan Buhler,HAVE_CRYPT_H,1,1.386,1.609,0.0,2,utils.c,2,1,200.0,1.0,133.333,1.0,10,0.3448275862068966,3.5460992907801416,1.0439178321606852,1.0
Stefan Buhler,HAVE_CRYPT_R,1,1.386,1.609,0.0,2,mod_auth.c,2,1,100.0,1.0,133.333,1.0,4,1.0,66.66666666666667,1.0439178321606852,1.0
Stefan Buhler,HAVE_CRYPT_R,1,1.386,1.609,0.0,2,utils.c,2,1,200.0,1.0,133.333,1.0,12,0.41379310344827586,4.25531914893617,1.0439178321606852,1.0
Stefan Buhler,HAVE_EXECINFO_H,0,1.609,0.693,1.386,1,profiler.c,1,0,25.0,0.333,25.0,0.333,3,0.375,11.11111111111111,0.43330634757976727,0.4540722726667229
Thomas Porzelt,HAVE_EXECINFO_H,1,1.609,1.386,0.693,1,profiler.c,3,1,75.0,1.0,75.0,1.0,6,0.75,22.22222222222222,0.9542673571213689,1.0
Stefan Buhler,HAVE_GETRLIMIT,1,1.609,1.609,0.0,3,server.c,1,1,100.0,1.0,100.0,1.0,2,0.16666666666666666,4.166666666666667,1.0439178321606852,1.0
Stefan Buhler,HAVE_GETRLIMIT,1,1.609,1.609,0.0,3,angel_proc.c,2,1,100.0,1.0,100.0,1.0,2,0.6666666666666666,40.0,1.0439178321606852,1.0
Stefan Buhler,HAVE_GETRLIMIT,1,1.609,1.609,0.0,3,mod_status.c,1,1,100.0,1.0,100.0,1.0,1,0.5,33.333333333333336,1.0439178321606852,1.0
Stefan Buhler,HAVE_GIOVEC,1,0.693,0.693,0.0,1,gnutls_filter.c,1,1,100.0,1.0,100.0,1.0,1,0.3333333333333333,16.666666666666668,0.9821873255543234,1.0
Stefan Buhler,HAVE_GMTIME_R,1,1.099,0.693,0.693,1,server.c,1,1,50.0,1.0,50.0,1.0,3,0.25,6.25,0.9075700315670454,1.0
Thomas Porzelt,HAVE_GMTIME_R,0,1.099,0.693,0.693,1,server.c,1,0,50.0,1.0,50.0,1.0,4,0.3333333333333333,8.333333333333334,0.9075700315670454,1.0
Stefan Buhler,HAVE_INET_ATON,1,0.693,0.693,0.0,1,sys-socket.c,1,1,100.0,1.0,100.0,1.0,1,0.5,33.333333333333336,0.9821873255543234,1.0
Stefan Buhler,HAVE_IPV6,1,3.091,3.045,0.693,11,condition.c,3,1,100.0,1.0,95.238,1.0,3,0.375,17.647058823529413,1.065982182642149,1.0
Stefan Buhler,HAVE_IPV6,1,3.091,3.045,0.693,11,plugin_core.c,2,1,66.667,1.0,95.238,1.0,8,0.6666666666666666,15.686274509803921,1.065982182642149,1.0
Stefan Buhler,HAVE_IPV6,1,3.091,3.045,0.693,11,angel_fake.c,2,1,100.0,1.0,95.238,1.0,2,0.3333333333333333,16.666666666666668,1.065982182642149,1.0
Stefan Buhler,HAVE_IPV6,1,3.091,3.045,0.693,11,utils.c,2,0,100.0,1.0,95.238,1.0,14,0.4827586206896552,4.964539007092198,1.065982182642149,1.0
Stefan Buhler,HAVE_IPV6,1,3.091,3.045,0.693,11,mod_fastcgi.c,3,1,150.0,1.0,95.238,1.0,3,1.0,100.0,1.065982182642149,1.0
Stefan Buhler,HAVE_IPV6,1,3.091,3.045,0.693,11,angel_plugin_core.c,2,1,100.0,1.0,95.238,1.0,3,0.6,23.076923076923077,1.065982182642149,1.0
Stefan Buhler,HAVE_IPV6,1,3.091,3.045,0.693,11,mod_scgi.c,2,1,100.0,1.0,95.238,1.0,2,1.0,100.0,1.065982182642149,1.0
Stefan Buhler,HAVE_IPV6,1,3.091,3.045,0.693,11,mod_access.c,1,1,100.0,1.0,95.238,1.0,1,1.0,100.0,1.065982182642149,1.0
Stefan Buhler,HAVE_IPV6,1,3.091,3.045,0.693,11,fastcgi_stream.c,2,1,100.0,1.0,95.238,1.0,3,1.0,75.0,1.065982182642149,1.0
Stefan Buhler,HAVE_IPV6,1,3.091,3.045,0.693,11,environment.c,1,1,100.0,1.0,95.238,1.0,1,1.0,100.0,1.065982182642149,1.0
Thomas Porzelt,HAVE_IPV6,0,3.091,1.386,2.944,11,utils.c,1,1,50.0,0.5,14.286,0.15,15,0.5172413793103449,5.319148936170213,0.41233079500137976,0.38680833668286513
Thomas Porzelt,HAVE_IPV6,0,3.091,1.386,2.944,11,plugin_core.c,1,0,33.333,0.5,14.286,0.15,9,0.75,17.647058823529413,0.41233079500137976,0.38680833668286513
Thomas Porzelt,HAVE_IPV6,0,3.091,1.386,2.944,11,mod_accesslog.c,1,1,100.0,1.0,14.286,0.15,1,1.0,100.0,0.7119157950013797,0.6678496194343714
Stefan Buhler,HAVE_LIBUNWIND,1,0.693,0.693,0.0,1,utils.c,1,1,100.0,1.0,100.0,1.0,16,0.5517241379310345,5.673758865248227,0.9821873255543234,1.0
Stefan Buhler,HAVE_LOCALTIME_R,1,1.609,1.099,1.099,2,log.c,1,1,33.333,0.5,50.0,1.0,1,0.3333333333333333,25.0,0.5916528970124486,0.6638551827696624
Stefan Buhler,HAVE_LOCALTIME_R,1,1.609,1.099,1.099,2,angel_log.c,1,1,100.0,1.0,50.0,1.0,1,1.0,100.0,0.8912378970124486,1.0
Thomas Porzelt,HAVE_LOCALTIME_R,0,1.609,1.099,1.099,2,log.c,2,0,66.667,1.0,50.0,1.0,3,1.0,75.0,0.8912378970124486,1.0
Stefan Buhler,HAVE_LUA_H,1,2.197,2.197,0.0,5,lighttpd.c,1,1,100.0,1.0,100.0,1.0,3,0.42857142857142855,11.11111111111111,1.0835170197751411,1.0
Stefan Buhler,HAVE_LUA_H,1,2.197,2.197,0.0,5,server.c,3,1,100.0,1.0,100.0,1.0,7,0.5833333333333334,14.583333333333334,1.0835170197751411,1.0
Stefan Buhler,HAVE_LUA_H,1,2.197,2.197,0.0,5,worker.c,2,1,100.0,1.0,100.0,1.0,2,0.4,18.181818181818183,1.0835170197751411,1.0
Stefan Buhler,HAVE_LUA_H,1,2.197,2.197,0.0,5,mod_memcached.c,1,1,100.0,1.0,100.0,1.0,1,1.0,100.0,1.0835170197751411,1.0
Stefan Buhler,HAVE_LUA_H,1,2.197,2.197,0.0,5,base_lua.c,1,1,100.0,1.0,100.0,1.0,1,1.0,100.0,1.0835170197751411,1.0
Stefan Buhler,HAVE_MADVISE,1,0.693,0.693,0.0,1,chunks.c,1,1,100.0,1.0,100.0,1.0,2,1.0,66.66666666666667,0.9821873255543234,1.0
Stefan Buhler,HAVE_PCRE_H,1,1.792,1.386,1.099,1,condition.c,3,1,60.0,1.0,60.0,1.0,6,0.75,35.294117647058826,0.9106190382335251,1.0
Thomas Porzelt,HAVE_PCRE_H,0,1.792,1.099,1.386,1,condition.c,2,0,40.0,0.667,40.0,0.667,8,1.0,47.05882352941177,0.6607453119130144,0.7256001512935298
Stefan Buhler,HAVE_POSIX_FADVISE,1,1.099,1.099,0.0,1,chunk.c,2,1,100.0,1.0,100.0,1.0,5,1.0,55.55555555555556,1.0095035098875704,1.0
Stefan Buhler,HAVE_SAVE_RENEGOTIATION,1,0.693,0.693,0.0,1,gnutls_filter.c,1,1,100.0,1.0,100.0,1.0,2,0.6666666666666666,33.333333333333336,0.9821873255543234,1.0
Stefan Buhler,HAVE_SESSION_TICKET,1,1.099,1.099,0.0,1,mod_gnutls.c,2,1,100.0,1.0,100.0,1.0,5,0.45454545454545453,22.727272727272727,1.0095035098875704,1.0
Stefan Buhler,HAVE_SYS_RESOURCE_H,1,1.386,1.386,0.0,3,server.c,1,1,100.0,1.0,100.0,1.0,8,0.6666666666666666,16.666666666666668,1.028884651108647,1.0
Stefan Buhler,HAVE_SYS_RESOURCE_H,1,1.386,1.386,0.0,3,angel_proc.c,1,1,100.0,1.0,100.0,1.0,3,1.0,60.0,1.028884651108647,1.0
Stefan Buhler,HAVE_SYS_RESOURCE_H,1,1.386,1.386,0.0,3,mod_status.c,1,1,100.0,1.0,100.0,1.0,2,1.0,66.66666666666667,1.028884651108647,1.0
Stefan Buhler,HAVE_SYS_UN_H,1,1.792,1.946,0.0,3,utils.c,3,1,150.0,1.0,120.0,1.0,19,0.6551724137931034,6.73758865248227,1.0665859667418565,1.0
Stefan Buhler,HAVE_SYS_UN_H,1,1.792,1.946,0.0,3,angel_plugin_core.c,1,1,100.0,1.0,120.0,1.0,4,0.8,30.76923076923077,1.0665859667418565,1.0
Stefan Buhler,HAVE_SYS_UN_H,1,1.792,1.946,0.0,3,angel_fake.c,2,1,100.0,1.0,120.0,1.0,4,0.6666666666666666,33.333333333333336,1.0665859667418565,1.0
Stefan Buhler,HAVE_ZLIB,1,0.693,0.693,0.0,1,mod_deflate.c,1,1,100.0,1.0,100.0,1.0,2,1.0,66.66666666666667,0.9821873255543234,1.0
Stefan Buhler,LIGHTTPD_REVISION,0,1.099,0.693,0.693,1,lighttpd.c,1,0,50.0,1.0,50.0,1.0,4,0.5714285714285714,14.814814814814815,0.9075700315670454,1.0
Thomas Porzelt,LIGHTTPD_REVISION,1,1.099,0.693,0.693,1,lighttpd.c,1,1,50.0,1.0,50.0,1.0,5,0.7142857142857143,18.51851851851852,0.9075700315670454,1.0
Stefan Buhler,LIGHTY_OS_LINUX,0,2.197,1.386,1.792,3,worker.c,2,0,66.667,1.0,37.5,0.5,4,0.8,36.36363636363637,0.8360017442462468,0.8815604777831527
Stefan Buhler,LIGHTY_OS_LINUX,0,2.197,1.386,1.792,3,plugin_core.c,1,1,50.0,0.5,37.5,0.5,10,0.8333333333333334,19.607843137254903,0.5364167442462469,0.5656492999006414
Thomas Porzelt,LIGHTY_OS_LINUX,1,2.197,1.946,1.099,3,worker.c,1,1,33.333,0.5,75.0,1.0,5,1.0,45.45454545454545,0.6487353538667344,0.6840888221174887
Thomas Porzelt,LIGHTY_OS_LINUX,1,2.197,1.946,1.099,3,plugin_core.c,2,0,100.0,1.0,75.0,1.0,12,1.0,23.529411764705884,0.9483203538667344,1.0
Thomas Porzelt,LIGHTY_OS_LINUX,1,2.197,1.946,1.099,3,server.c,3,1,100.0,1.0,75.0,1.0,11,0.9166666666666666,22.916666666666668,0.9483203538667344,1.0
Stefan Buhler,LIGHTY_OS_NETBSD,0,1.099,0.693,0.693,1,utils.c,1,0,50.0,1.0,50.0,1.0,20,0.6896551724137931,7.092198581560283,0.9075700315670454,1.0
Thomas Porzelt,LIGHTY_OS_NETBSD,1,1.099,0.693,0.693,1,utils.c,1,1,50.0,1.0,50.0,1.0,21,0.7241379310344828,7.446808510638298,0.9075700315670454,1.0
Stefan Buhler,LIGHTY_OS_OPENBSD,0,1.099,0.693,0.693,1,utils.c,1,0,50.0,1.0,50.0,1.0,22,0.7586206896551724,7.801418439716312,0.9075700315670454,1.0
Thomas Porzelt,LIGHTY_OS_OPENBSD,1,1.099,0.693,0.693,1,utils.c,1,1,50.0,1.0,50.0,1.0,23,0.7931034482758621,8.156028368794326,0.9075700315670454,1.0
Stefan Buhler,MEMPOOL_MALLOC,1,0.693,0.693,0.0,1,mempool.c,1,1,100.0,1.0,100.0,1.0,1,0.5,33.333333333333336,0.9821873255543234,1.0
Stefan Buhler,OPENSSL_VERSION_NUMBER < 0x10100000L || (LIBRESSL_VERSION_NUMBER),1,1.099,1.099,0.0,2,mod_openssl.c,1,1,100.0,1.0,100.0,1.0,1,0.02564102564102564,0.1282051282051282,1.0095035098875704,1.0
Stefan Buhler,OPENSSL_VERSION_NUMBER < 0x10100000L || (LIBRESSL_VERSION_NUMBER),1,1.099,1.099,0.0,2,openssl_filter.c,1,1,100.0,1.0,100.0,1.0,1,1.0,100.0,1.0095035098875704,1.0
Stefan Buhler,O_NONBLOCK,1,1.099,1.099,0.0,1,utils.c,2,1,100.0,1.0,100.0,1.0,25,0.8620689655172413,8.865248226950355,1.0095035098875704,1.0
Stefan Buhler,SO_ERROR,1,1.099,1.099,0.0,2,memcached.c,1,1,100.0,1.0,100.0,1.0,1,1.0,100.0,1.0095035098875704,1.0
Stefan Buhler,SO_ERROR,1,1.099,1.099,0.0,2,backends.c,1,1,100.0,1.0,100.0,1.0,1,1.0,100.0,1.0095035098875704,1.0
Stefan Buhler,SSL_OP_ALL,1,0.693,0.693,0.0,1,mod_openssl.c,1,1,100.0,1.0,100.0,1.0,2,0.05128205128205128,0.2564102564102564,0.9821873255543234,1.0
Joe Presbrey,SSL_OP_ALLOW_UNSAFE_LEGACY_RENEGOTIATION,1,0.693,0.693,0.0,1,mod_openssl.c,1,1,100.0,1.0,100.0,1.0,3,0.07692307692307693,0.38461538461538464,0.9821873255543234,1.0
Joe Presbrey,SSL_OP_CIPHER_SERVER_PREFERENCE,1,0.693,0.693,0.0,1,mod_openssl.c,1,1,100.0,1.0,100.0,1.0,4,0.10256410256410256,0.5128205128205128,0.9821873255543234,1.0
Joe Presbrey,SSL_OP_CISCO_ANYCONNECT,1,0.693,0.693,0.0,1,mod_openssl.c,1,1,100.0,1.0,100.0,1.0,5,0.1282051282051282,0.6410256410256411,0.9821873255543234,1.0
Joe Presbrey,SSL_OP_COOKIE_EXCHANGE,1,0.693,0.693,0.0,1,mod_openssl.c,1,1,100.0,1.0,100.0,1.0,6,0.15384615384615385,0.7692307692307693,0.9821873255543234,1.0
Joe Presbrey,SSL_OP_CRYPTOPRO_TLSEXT_BUG,1,0.693,0.693,0.0,1,mod_openssl.c,1,1,100.0,1.0,100.0,1.0,7,0.1794871794871795,0.8974358974358975,0.9821873255543234,1.0
Joe Presbrey,SSL_OP_DONT_INSERT_EMPTY_FRAGMENTS,1,0.693,0.693,0.0,1,mod_openssl.c,1,1,100.0,1.0,100.0,1.0,8,0.20512820512820512,1.0256410256410255,0.9821873255543234,1.0
Stefan Buhler,SSL_OP_EPHEMERAL_RSA,1,0.693,0.693,0.0,1,mod_openssl.c,1,1,100.0,1.0,100.0,1.0,9,0.23076923076923078,1.1538461538461537,0.9821873255543234,1.0
Joe Presbrey,SSL_OP_LEGACY_SERVER_CONNECT,1,0.693,0.693,0.0,1,mod_openssl.c,1,1,100.0,1.0,100.0,1.0,10,0.2564102564102564,1.2820512820512822,0.9821873255543234,1.0
Stefan Buhler,SSL_OP_MICROSOFT_BIG_SSLV3_BUFFER,1,0.693,0.693,0.0,1,mod_openssl.c,1,1,100.0,1.0,100.0,1.0,11,0.28205128205128205,1.4102564102564104,0.9821873255543234,1.0
Stefan Buhler,SSL_OP_MICROSOFT_SESS_ID_BUG,1,0.693,0.693,0.0,1,mod_openssl.c,1,1,100.0,1.0,100.0,1.0,12,0.3076923076923077,1.5384615384615385,0.9821873255543234,1.0
Stefan Buhler,SSL_OP_MSIE_SSLV2_RSA_PADDING,1,0.693,0.693,0.0,1,mod_openssl.c,1,1,100.0,1.0,100.0,1.0,13,0.3333333333333333,1.6666666666666667,0.9821873255543234,1.0
Stefan Buhler,SSL_OP_NETSCAPE_CA_DN_BUG,1,0.693,0.693,0.0,1,mod_openssl.c,1,1,100.0,1.0,100.0,1.0,14,0.358974358974359,1.794871794871795,0.9821873255543234,1.0
Stefan Buhler,SSL_OP_NETSCAPE_CHALLENGE_BUG,1,0.693,0.693,0.0,1,mod_openssl.c,1,1,100.0,1.0,100.0,1.0,15,0.38461538461538464,1.9230769230769231,0.9821873255543234,1.0
Stefan Buhler,SSL_OP_NETSCAPE_DEMO_CIPHER_CHANGE_BUG,1,0.693,0.693,0.0,1,mod_openssl.c,1,1,100.0,1.0,100.0,1.0,16,0.41025641025641024,2.051282051282051,0.9821873255543234,1.0
Stefan Buhler,SSL_OP_NETSCAPE_REUSE_CIPHER_CHANGE_BUG,1,0.693,0.693,0.0,1,mod_openssl.c,1,1,100.0,1.0,100.0,1.0,17,0.4358974358974359,2.1794871794871793,0.9821873255543234,1.0
Joe Presbrey,SSL_OP_NO_COMPRESSION,1,1.099,0.693,0.693,1,mod_openssl.c,1,1,50.0,1.0,50.0,1.0,18,0.46153846153846156,2.3076923076923075,0.9075700315670454,1.0
Stefan Buhler,SSL_OP_NO_COMPRESSION,0,1.099,0.693,0.693,1,mod_openssl.c,1,0,50.0,1.0,50.0,1.0,19,0.48717948717948717,2.4358974358974357,0.9075700315670454,1.0
Joe Presbrey,SSL_OP_NO_QUERY_MTU,1,0.693,0.693,0.0,1,mod_openssl.c,1,1,100.0,1.0,100.0,1.0,20,0.5128205128205128,2.5641025641025643,0.9821873255543234,1.0
Joe Presbrey,SSL_OP_NO_SESSION_RESUMPTION_ON_RENEGOTIATION,1,0.693,0.693,0.0,1,mod_openssl.c,1,1,100.0,1.0,100.0,1.0,21,0.5384615384615384,2.6923076923076925,0.9821873255543234,1.0
Stefan Buhler,SSL_OP_NO_SSLv2,1,0.693,0.693,0.0,1,mod_openssl.c,1,1,100.0,1.0,100.0,1.0,22,0.5641025641025641,2.8205128205128207,0.9821873255543234,1.0
Stefan Buhler,SSL_OP_NO_SSLv3,1,0.693,0.693,0.0,1,mod_openssl.c,1,1,100.0,1.0,100.0,1.0,23,0.5897435897435898,2.948717948717949,0.9821873255543234,1.0
Joe Presbrey,SSL_OP_NO_TICKET,1,0.693,0.693,0.0,1,mod_openssl.c,1,1,100.0,1.0,100.0,1.0,24,0.6153846153846154,3.076923076923077,0.9821873255543234,1.0
Stefan Buhler,SSL_OP_NO_TLSv1,1,0.693,0.693,0.0,1,mod_openssl.c,1,1,100.0,1.0,100.0,1.0,25,0.6410256410256411,3.2051282051282053,0.9821873255543234,1.0
Simon Lundstrom,SSL_OP_NO_TLSv1_1,1,0.693,0.693,0.0,1,mod_openssl.c,1,1,100.0,1.0,100.0,1.0,26,0.6666666666666666,3.3333333333333335,0.9821873255543234,1.0
Simon Lundstrom,SSL_OP_NO_TLSv1_2,1,0.693,0.693,0.0,1,mod_openssl.c,1,1,100.0,1.0,100.0,1.0,27,0.6923076923076923,3.4615384615384617,0.9821873255543234,1.0
Simon Lundstrom,SSL_OP_NO_TLSv1_3,1,0.693,0.693,0.0,1,mod_openssl.c,1,1,100.0,1.0,100.0,1.0,28,0.717948717948718,3.58974358974359,0.9821873255543234,1.0
Stefan Buhler,SSL_OP_PKCS1_CHECK_1,1,0.693,0.693,0.0,1,mod_openssl.c,1,1,100.0,1.0,100.0,1.0,29,0.7435897435897436,3.717948717948718,0.9821873255543234,1.0
Stefan Buhler,SSL_OP_PKCS1_CHECK_2,1,0.693,0.693,0.0,1,mod_openssl.c,1,1,100.0,1.0,100.0,1.0,30,0.7692307692307693,3.8461538461538463,0.9821873255543234,1.0
Stefan Buhler,SSL_OP_SINGLE_DH_USE,1,0.693,0.693,0.0,1,mod_openssl.c,1,1,100.0,1.0,100.0,1.0,31,0.7948717948717948,3.9743589743589745,0.9821873255543234,1.0
Joe Presbrey,SSL_OP_SINGLE_ECDH_USE,1,0.693,0.693,0.0,1,mod_openssl.c,1,1,100.0,1.0,100.0,1.0,32,0.8205128205128205,4.102564102564102,0.9821873255543234,1.0
Stefan Buhler,SSL_OP_SSLEAY_080_CLIENT_DH_BUG,1,0.693,0.693,0.0,1,mod_openssl.c,1,1,100.0,1.0,100.0,1.0,33,0.8461538461538461,4.230769230769231,0.9821873255543234,1.0
Stefan Buhler,SSL_OP_SSLREF2_REUSE_CERT_TYPE_BUG,1,0.693,0.693,0.0,1,mod_openssl.c,1,1,100.0,1.0,100.0,1.0,34,0.8717948717948718,4.358974358974359,0.9821873255543234,1.0
Stefan Buhler,SSL_OP_TLS_BLOCK_PADDING_BUG,1,0.693,0.693,0.0,1,mod_openssl.c,1,1,100.0,1.0,100.0,1.0,35,0.8974358974358975,4.487179487179487,0.9821873255543234,1.0
Stefan Buhler,SSL_OP_TLS_D5_BUG,1,0.693,0.693,0.0,1,mod_openssl.c,1,1,100.0,1.0,100.0,1.0,36,0.9230769230769231,4.615384615384615,0.9821873255543234,1.0
Stefan Buhler,SSL_OP_TLS_ROLLBACK_BUG,1,0.693,0.693,0.0,1,mod_openssl.c,1,1,100.0,1.0,100.0,1.0,37,0.9487179487179487,4.743589743589744,0.9821873255543234,1.0
Stefan Buhler,TCP_CORK,1,0.693,0.693,0.0,1,network.c,1,1,100.0,1.0,100.0,1.0,1,0.5,33.333333333333336,0.9821873255543234,1.0
Stefan Buhler,TCP_FASTOPEN,1,1.386,1.386,0.0,2,angel_fake.c,2,1,100.0,1.0,100.0,1.0,6,1.0,50.0,1.028884651108647,1.0
Stefan Buhler,TCP_FASTOPEN,1,1.386,1.386,0.0,2,angel_plugin_core.c,1,1,100.0,1.0,100.0,1.0,5,1.0,38.46153846153846,1.028884651108647,1.0
Stefan Buhler,UIO_MAXIOV,1,0.693,0.693,0.0,1,network_writev.c,1,1,100.0,1.0,100.0,1.0,1,1.0,100.0,0.9821873255543234,1.0
Stefan Buhler,USE_CORK,1,0.693,0.693,0.0,1,gnutls_filter.c,1,1,100.0,1.0,100.0,1.0,3,1.0,50.0,0.9821873255543234,1.0
Stefan Buhler,USE_OPENSSL_DH,1,0.693,0.693,0.0,1,mod_openssl.c,1,1,100.0,1.0,100.0,1.0,38,0.9743589743589743,4.871794871794871,0.9821873255543234,1.0
Stefan Buhler,USE_OPENSSL_ECDH,1,0.693,0.693,0.0,1,mod_openssl.c,1,1,100.0,1.0,100.0,1.0,39,1.0,5.0,0.9821873255543234,1.0
Stefan Buhler,USE_SENDFILE,1,1.099,1.099,0.0,2,network.c,1,1,100.0,1.0,100.0,1.0,2,1.0,66.66666666666667,1.0095035098875704,1.0
Stefan Buhler,USE_SENDFILE,1,1.099,1.099,0.0,2,network_sendfile.c,1,1,100.0,1.0,100.0,1.0,2,0.4,13.333333333333334,1.0095035098875704,1.0
Stefan Buhler,USE_SNI,1,1.946,1.946,0.0,1,mod_gnutls.c,6,1,100.0,1.0,100.0,1.0,11,1.0,50.0,1.0665859667418565,1.0
Stefan Buhler,WITHOUT_CONFIG_PARSER,1,0.693,0.693,0.0,1,lighttpd.c,1,1,100.0,1.0,100.0,1.0,6,0.8571428571428571,22.22222222222222,0.9821873255543234,1.0
Stefan Buhler,WITH_PROFILER,1,1.609,1.099,1.099,3,lighttpd.c,1,1,100.0,1.0,50.0,1.0,7,1.0,25.925925925925927,0.8912378970124486,1.0
Stefan Buhler,WITH_PROFILER,1,1.609,1.099,1.099,3,mod_debug.c,1,1,50.0,1.0,50.0,1.0,1,0.5,33.333333333333336,0.8912378970124486,1.0
Thomas Porzelt,WITH_PROFILER,0,1.609,1.099,1.099,3,mod_debug.c,1,0,50.0,1.0,50.0,1.0,2,1.0,66.66666666666667,0.8912378970124486,1.0
Thomas Porzelt,WITH_PROFILER,0,1.609,1.099,1.099,3,mempool.c,1,1,100.0,1.0,50.0,1.0,2,1.0,66.66666666666667,0.8912378970124486,1.0
Stefan Buhler,_WIN32,1,1.946,1.792,0.693,4,sys-files.c,1,1,50.0,1.0,83.333,1.0,1,0.5,33.333333333333336,0.981583541454616,1.0
Stefan Buhler,_WIN32,1,1.946,1.792,0.693,4,sys-socket.c,1,1,100.0,1.0,83.333,1.0,2,1.0,66.66666666666667,0.981583541454616,1.0
Stefan Buhler,_WIN32,1,1.946,1.792,0.693,4,server.c,1,1,100.0,1.0,83.333,1.0,12,1.0,25.0,0.981583541454616,1.0
Stefan Buhler,_WIN32,1,1.946,1.792,0.693,4,utils.c,2,1,100.0,1.0,83.333,1.0,27,0.9310344827586207,9.574468085106384,0.981583541454616,1.0
Thomas Porzelt,_WIN32,0,1.946,0.693,1.792,4,sys-files.c,1,0,50.0,1.0,16.667,0.2,2,1.0,66.66666666666667,0.7893044186919234,0.8041133386591295
Stefan Buhler,defined _WIN32,1,1.099,1.099,0.0,1,utils.c,2,1,100.0,1.0,100.0,1.0,29,1.0,10.28368794326241,1.0095035098875704,1.0
Thomas Porzelt,defined(LIGHTY_OS_FREEBSD),1,0.693,0.693,0.0,1,sys_memory.c,1,1,100.0,1.0,100.0,1.0,2,0.5,20.0,0.9821873255543234,1.0
Stefan Buhler,defined(LIGHTY_OS_LINUX),0,1.099,0.693,0.693,1,profiler.c,1,0,50.0,1.0,50.0,1.0,7,0.875,25.925925925925927,0.9075700315670454,1.0
Thomas Porzelt,defined(LIGHTY_OS_LINUX),1,1.099,0.693,0.693,1,profiler.c,1,1,50.0,1.0,50.0,1.0,8,1.0,29.62962962962963,0.9075700315670454,1.0
Thomas Porzelt,defined(LIGHTY_OS_MACOSX),1,0.693,0.693,0.0,1,sys_memory.c,1,1,100.0,1.0,100.0,1.0,3,0.75,30.0,0.9821873255543234,1.0
Thomas Porzelt,defined(LIGHTY_OS_SOLARIS),1,0.693,0.693,0.0,1,sys_memory.c,1,1,100.0,1.0,100.0,1.0,4,1.0,40.0,0.9821873255543234,1.0
Stefan Buhler,defined(USE_FREEBSD_SENDFILE),1,0.693,0.693,0.0,1,network_sendfile.c,1,1,100.0,1.0,100.0,1.0,3,0.6,20.0,0.9821873255543234,1.0
Stefan Buhler,defined(USE_OSX_SENDFILE),1,0.693,0.693,0.0,1,network_sendfile.c,1,1,100.0,1.0,100.0,1.0,4,0.8,26.666666666666668,0.9821873255543234,1.0
Stefan Buhler,defined(USE_SOLARIS_SENDFILEV),1,0.693,0.693,0.0,1,network_sendfile.c,1,1,100.0,1.0,100.0,1.0,5,1.0,33.333333333333336,0.9821873255543234,1.0
