Commit,Author,Date,FileCount
bd11691d6520f7539e7ed2efdf75f266719e27e9,Jeff Bailey,2000-02-17 03:03:19+00:00,38
c2f262a05ac862842363dd86ba47962009c068ac,Gary V. Vaughan,2000-11-24 01:31:32+00:00,39
1691fa49fb62043d4f660397c2d15742cb2aa4dd,Gary V. Vaughan,2000-11-24 23:24:33+00:00,38
479ae72f19645ef8a2d5b742baccd285c64844a5,Gary V. Vaughan,2000-11-25 00:17:10+00:00,0
e9109737dc514fa3b338095cc910dc72de855625,Gary V. Vaughan,2000-11-25 00:29:17+00:00,1
1b291af14992d6d330e7fd034d7103da4353f85d,Gary V. Vaughan,2000-11-25 00:36:24+00:00,1
ee58dbb3adea45f715f4d8d0b7d8c2ab13435add,Gary V. Vaughan,2000-11-25 01:11:42+00:00,0
65f6dfc35b48f124bb7dc3a0e26d0c30abffa464,Gary V. Vaughan,2000-11-25 01:12:51+00:00,0
b3d254d4b5d211cb26d736efa02fe5af05c36076,Gary V. Vaughan,2000-11-25 01:20:41+00:00,0
dff82f53d81650751297e797e3cc9327f8410f27,Gary V. Vaughan,2000-11-25 01:23:04+00:00,0
7c0bd3da051ad3bca42588af4ebcd4ec7cf01190,Gary V. Vaughan,2000-11-25 01:23:43+00:00,0
bf75b7c5a25393af1e559493bf9517f24f3c8104,Gary V. Vaughan,2000-11-25 02:55:23+00:00,2
8a78ed8bfdd9eece7c3c411b7638e44008546ad6,Gary V. Vaughan,2000-11-25 03:29:06+00:00,1
5e8200459bcdbfa46b6a70cd1054fb470db052ed,Gary V. Vaughan,2000-11-27 22:19:26+00:00,3
a95a114b1d01028c1ea4d5b8e151a4453823694e,Gary V. Vaughan,2000-11-27 22:20:03+00:00,1
5e27e0df7b13906d07ab6cea3abd46968a9b6291,Gary V. Vaughan,2000-11-27 22:26:42+00:00,1
a8a58f3171f5ce7c1e7655d421b0ceb42d66d043,Gary V. Vaughan,2000-11-27 22:48:11+00:00,0
effe106d7f2145fb62e9c9d4e9985d0dcca1d88a,Gary V. Vaughan,2000-11-27 22:54:22+00:00,2
74724608de4b22cd753abf0b7822b467be8a3147,Gary V. Vaughan,2000-11-27 23:28:45+00:00,3
b4925d1d03d740be6e518d2851034357739645c9,Gary V. Vaughan,2000-11-29 00:18:03+00:00,12
cd20972ba0020647c9109a03b63006a4e61cb6ca,Gary V. Vaughan,2000-11-29 00:20:48+00:00,0
d7c7dd09fbf95405228c77f32f8f59acc1f27139,Gary V. Vaughan,2000-11-29 23:13:02+00:00,2
799a7195748a4baa2f8bc0bddf930f1f57981917,Gary V. Vaughan,2000-11-29 23:26:08+00:00,5
e3edaa5279a297133bd148fc0852e2b17198f282,Gary V. Vaughan,2000-11-30 01:00:53+00:00,1
a22e63db30c535a04cfacf7e7f9f8871658aa388,Gary V. Vaughan,2000-12-01 01:22:41+00:00,9
469788807b6d4decc9576f7caa30040074994426,Gary V. Vaughan,2000-12-02 02:13:16+00:00,4
0fb36e12c3269d59d40bf12d558ca25c030107dd,Gary V. Vaughan,2001-04-08 00:05:07+00:00,1
f67d711bb3f2859b488daded8bbc5b13b27fb5c5,Akim Demaille,2001-08-07 08:51:05+00:00,0
cbc2dc661092f724852613f4fff29a8de0b071ed,Akim Demaille,2001-08-07 09:59:13+00:00,0
d0cc02e609e7ddae65f2e5bd791ae145557262f0,Akim Demaille,2001-08-07 10:02:25+00:00,0
a09255b299d15e01f8467795a4d2a3a51214b1c1,Akim Demaille,2001-08-07 10:23:50+00:00,0
d807e5bf7142f674fb34441d432a6650149ed7b8,Akim Demaille,2001-08-07 10:26:06+00:00,0
a46fe102feec96223fbd6c5a0fd2a0e4d7791c43,Akim Demaille,2001-08-07 10:35:59+00:00,2
f6955a7d11b3bc6cd3b5dc7c1498541dcd63e65b,Akim Demaille,2001-08-07 10:41:11+00:00,27
ac34892cc1049cae98cb287a5226abc282e0aac7,Akim Demaille,2001-08-07 12:08:15+00:00,0
01afe165555875aab03fdd92fcaeb8950a3ff01a,Akim Demaille,2001-08-07 12:53:19+00:00,0
2e0ec781c8cf0048a9d5dcdb014de6b8225b5423,Gary V. Vaughan,2001-08-08 23:45:14+00:00,0
7072bc13847a549eca9d45b7502895e9a467bff5,Gary V. Vaughan,2001-08-09 20:06:17+00:00,1
f7c33a1dbd4f00f61d2d748629a171fb941671ce,Gary V. Vaughan,2001-08-09 21:25:43+00:00,0
7915ef6640ed995ba23f3bd5691eca527d1b9a8d,Akim Demaille,2001-08-10 12:28:39+00:00,0
5be9d6aa86557e2ada201b21629fd5a487c86fb4,Gary V. Vaughan,2001-08-11 01:32:24+00:00,1
b51fc681d0bb8b6d1e3dbbb0fa32bd8851ff6fd8,Gary V. Vaughan,2001-08-13 23:37:43+00:00,2
f4ffb2431e6587ba074f91036ee9ac6cdb88f327,Gary V. Vaughan,2001-08-14 01:19:07+00:00,0
3b2a4b3ca75d4b74febc58f70f4ad46480036898,Gary V. Vaughan,2001-08-14 02:26:11+00:00,0
3e94491ce48d87420b5b38cf5e7a274e6539a600,Gary V. Vaughan,2001-08-14 02:39:28+00:00,1
2e95948db4b8ddb5f4c474a89a009f1a9e8ee71b,Gary V. Vaughan,2001-08-14 02:43:34+00:00,0
8a5a465d36100bd1ee85a822b565464fc323ff32,Akim Demaille,2001-08-15 11:47:11+00:00,0
ec17d26c75af6bf96fccdd6cdf0184c43eac1f82,Akim Demaille,2001-08-15 11:47:40+00:00,0
93f6aa339d5a8443ae14108b62fc5e1ab113781f,Gary V. Vaughan,2001-08-16 22:21:30+00:00,13
fbc93405e609fd09a51346166d3800dd325a6e10,Akim Demaille,2001-08-17 11:40:46+00:00,0
a763a4e40cf762e5e6ba36d0f97f25378bca4378,Akim Demaille,2001-08-17 11:48:15+00:00,1
60c55d1a1f7d2524836ba11bf1c20182c68959f2,Akim Demaille,2001-08-17 11:48:28+00:00,1
8084dbb14bef5a65d21fcb616c5f1fbacaae77d6,Akim Demaille,2001-08-17 11:50:14+00:00,0
27589afca4d1ed2ebe45d3084f7047cb693d7716,Akim Demaille,2001-08-17 11:51:12+00:00,1
c0f68e401529f2a2afb3465fcdb42fadc0eaf9a4,Akim Demaille,2001-08-17 11:51:45+00:00,0
3d6033fefc39d0636a6614b7fb7ec0b2cc5024b3,Akim Demaille,2001-08-17 11:51:58+00:00,0
0130b158df166aba38c4e47059d611e60bb7eca2,Akim Demaille,2001-08-17 11:58:27+00:00,0
05b5a5eeda823863c2979496c805cd88e4d081b6,Akim Demaille,2001-08-17 12:05:50+00:00,0
ea3281fd04adff13366a2b98f6bf996dd7a02350,Akim Demaille,2001-08-17 12:06:17+00:00,0
f4fd08cf292478d64b2d3721ee9cb6fa2a300101,Akim Demaille,2001-08-17 12:13:26+00:00,0
ed9586e13a9792ea6506e98ed12f6aec91be9929,Akim Demaille,2001-08-17 12:55:56+00:00,0
98eb21193ee0196e7405d21e74beedccc8b21053,Akim Demaille,2001-08-17 12:57:22+00:00,0
645c8bc7d48995f31a447209923b2d419b890e73,Akim Demaille,2001-08-17 13:00:17+00:00,0
7d3c16a8d64befadb5fb9a90ff2ada8daf56b0a9,Akim Demaille,2001-08-17 13:02:15+00:00,0
aae20667c49046701439b0063efc379e084c2ab1,Akim Demaille,2001-08-17 13:41:35+00:00,0
b88955b124483559dc8208fce4476fab4d9e04f6,Akim Demaille,2001-08-17 14:12:27+00:00,0
e96ac84d4a867ec37929c105553d364a2c2248a9,Akim Demaille,2001-08-17 14:41:16+00:00,0
548387859be0fb70158dcb4a4598624bbf3c6483,Akim Demaille,2001-08-17 15:06:28+00:00,0
a40a381270b76b53302086850a9c3dfb58bc4d45,Akim Demaille,2001-08-17 15:09:15+00:00,0
bb50e1b6e553d7997148626b5b3731b8a40e40b5,Gary V. Vaughan,2001-08-17 17:29:48+00:00,1
3d69cd60f74ef46986296284c37154d47167baaa,Gary V. Vaughan,2001-08-17 22:16:17+00:00,0
462581addec5e2489f1b6a6947afab844e857471,Gary V. Vaughan,2001-08-17 22:40:11+00:00,0
8645da0eb787d324a2c4ec4c6bc2a4d35c99cecc,Gary V. Vaughan,2001-08-17 23:17:25+00:00,0
96f4a9aec45acc4d4b6eea03e6e8bae41eff7bb5,Gary V. Vaughan,2001-08-19 10:27:10+00:00,0
0a7af6da176dd12bcb96b52a6cbc60cea12202b6,Gary V. Vaughan,2001-08-19 10:53:56+00:00,22
3826243e67aef975aa0c3f190c0fb2a8a519c3cb,Akim Demaille,2001-08-20 15:43:00+00:00,1
122542adf4a37eab13d2bfa0645187be6b980aac,Akim Demaille,2001-08-20 15:44:26+00:00,0
7aa7611155fc2585ceef9ed5caf5478419202c34,Akim Demaille,2001-08-20 15:52:50+00:00,2
75731a3dea9ddd818537a96ce2948a2a74984a5e,Akim Demaille,2001-08-20 16:09:03+00:00,0
7e030405b006eb0efa3fa805cae47777523e3a57,Akim Demaille,2001-08-20 17:03:32+00:00,0
8eb4598b4a9b2c12a1e0628c3e848ad38acc5d7d,Akim Demaille,2001-08-20 18:34:13+00:00,0
7053e603ff3768cf3be0b80bb82c58f4d30ed7a4,Gary V. Vaughan,2001-08-20 19:42:38+00:00,18
ea42747e1814a3909e170e22fcf6b34b1db710ad,Gary V. Vaughan,2001-08-20 20:25:25+00:00,7
81f23173cd453540255cc239d56946aab757a524,Akim Demaille,2001-08-27 07:49:30+00:00,0
f2f6afbc0df797bbc9a5c61ee1f60c87d8829a25,Akim Demaille,2001-08-27 07:52:50+00:00,0
3f36c80284afba11ebe2d51829933a21de582c87,Akim Demaille,2001-08-27 08:02:19+00:00,0
f10a195503783004c0998b84a37f7185e4b25b65,Akim Demaille,2001-08-27 08:03:00+00:00,0
77832d885094d82bf4d125b5a8f242b0ec84d742,Akim Demaille,2001-08-27 08:03:20+00:00,1
0c765b9ec08c2138768719c16e0c202cec36f716,Akim Demaille,2001-08-27 08:03:36+00:00,0
87c6dee1fc31802faa81256bdbed0c8cefb0f214,Akim Demaille,2001-08-27 08:03:52+00:00,0
89476d8431a0f59c2c89a449d852049a03aced0f,Akim Demaille,2001-08-27 08:32:37+00:00,0
1305043e719ac46f51ed7ab9fa9275b41b9bdf1e,Akim Demaille,2001-08-27 08:36:35+00:00,0
f9adac71f413e8b449ca55d16ea921c04f10d89b,Gary V. Vaughan,2001-08-28 03:06:14+00:00,0
b4a63938825de08f17e716078e8384c8c020f407,Akim Demaille,2001-08-28 09:20:54+00:00,0
bf959d6c93df0303acede3773d4f54a85d8aea61,Akim Demaille,2001-08-29 13:13:19+00:00,0
ffe5d70677e2139feaa018eaed59b23b0144f86f,Akim Demaille,2001-08-29 13:13:45+00:00,0
ee521a6fa291d38181bdba8e0486eb6cf677ab03,Akim Demaille,2001-08-29 13:14:02+00:00,0
7285d718eabf0d3181d59b29a6cfcb8da099028d,Akim Demaille,2001-08-29 13:14:21+00:00,0
7b79218175ab680beb995a5ad710ade522420a43,Akim Demaille,2001-08-29 13:14:36+00:00,0
fb102740712e88a354bf6fc8a013f0f0d5e19f3d,Gary V. Vaughan,2001-08-29 19:59:09+00:00,0
357f605bf67ef7f7f16932f73b3d0ea9f4cee6ef,Gary V. Vaughan,2001-08-29 20:06:51+00:00,0
484d91785093ac59b89902329a5b2af979e52b4d,Akim Demaille,2001-08-30 12:13:42+00:00,0
524bc8fc2a70ce52981cf15de5c5791db29dfc54,Gary V. Vaughan,2001-08-30 21:57:00+00:00,5
025cb5fccf0905b6370c35981f161139e763e3c6,Gary V. Vaughan,2001-09-01 03:22:10+00:00,0
098cb9229b9ba0a9fc0bddb457c6f1b3ab49adce,Gary V. Vaughan,2001-09-01 10:31:19+00:00,0
17d52d2909333844becacd4f8b4eb48034ecb8a2,Gary V. Vaughan,2001-09-01 16:10:40+00:00,8
95e22ae00e2b4e468fc753feed6e0afac7555b87,Gary V. Vaughan,2001-09-01 20:05:27+00:00,11
c33cb8fcbff9b93658ee0a6b878d40c61c97fabd,Gary V. Vaughan,2001-09-02 09:05:14+00:00,1
e0ef437cf49699ce0d10adab45853d99e38668c7,Akim Demaille,2001-09-03 15:05:12+00:00,0
3ba245e6c93df09a1ae5098b87dd5ff441ffeaf5,Akim Demaille,2001-09-03 15:05:30+00:00,1
73784f2ed16cb97707728e0ee0a46849a97f9b4b,Akim Demaille,2001-09-03 15:06:24+00:00,1
93746f50fc0d2e57a47ae92f4a68eadc2c2cb532,Gary V. Vaughan,2001-09-03 22:58:35+00:00,0
146924c22280e37a0ad4b1fe147ca0899fb3fccb,Gary V. Vaughan,2001-09-04 00:15:33+00:00,1
e07a1fc649d82a32d7e4b33e306b5cc690cf387c,Akim Demaille,2001-09-05 07:24:58+00:00,1
31a5547cac113e73aa051f1142eaa4345b30f81e,Akim Demaille,2001-09-05 07:27:00+00:00,3
39836cbf63672f11424645eea128fb666a58a61e,Akim Demaille,2001-09-05 07:28:49+00:00,4
39277f46c86c27083b6be0a3b90c7311e167013b,Akim Demaille,2001-09-05 07:49:45+00:00,3
8f32bb4bb3fc29989941b4a246d2d9b96c5324fa,Akim Demaille,2001-09-05 07:50:36+00:00,1
68c7e1edbd1499bed2d06b176bb9c7c8a0872901,Akim Demaille,2001-09-05 07:51:41+00:00,3
8baec5fa4aead5408188cd7c76f451fc1bc7a721,Akim Demaille,2001-09-05 07:51:59+00:00,1
31a1f9353db24afbcbcf34a60683ecbb24dc5f41,Akim Demaille,2001-09-05 08:15:38+00:00,0
3750689abe3d0f75dbe6650770a2e4d740b43f6d,Akim Demaille,2001-09-05 09:06:49+00:00,1
ee586f8a57ff813b4b67ee327d283b2fe10c6f4d,Gary V. Vaughan,2001-09-05 17:43:37+00:00,0
17c36f8b030aec43612b8b9a79f270293ac69975,Gary V. Vaughan,2001-09-06 20:13:12+00:00,1
b1c731c8f27d7735c6317a1368a144ded0d42d03,Akim Demaille,2001-09-07 10:46:33+00:00,3
759fae532b2ac5f952f742dd14ab547ba76947bd,Akim Demaille,2001-09-07 10:49:59+00:00,2
9213b2fd06bc0e94b0debcfa427a2341013f8264,Gary V. Vaughan,2001-09-07 23:36:41+00:00,3
610714d84d99c45e646e01ffd49b6174ba144854,Gary V. Vaughan,2001-09-07 23:42:24+00:00,3
7a6010fe44aec44428f1cdf2b39692d23bcdcf3b,Gary V. Vaughan,2001-09-07 23:47:28+00:00,2
5e49288b592ef8382db4ddc7b397f9c808a3ab3f,Gary V. Vaughan,2001-09-08 01:40:47+00:00,5
bce902a7fe4194cc0cfbe75d410ad2f057f78746,Gary V. Vaughan,2001-09-08 01:56:34+00:00,4
c4e7197b4b9976d1404b439f644887467af398dd,Gary V. Vaughan,2001-09-08 02:13:17+00:00,1
4dca933acda6c9271b4597b364faddc8fb860ffa,Gary V. Vaughan,2001-09-08 02:36:47+00:00,3
27eb054a1624832edff40788d3fd0930fac04dd3,Gary V. Vaughan,2001-09-18 01:07:09+00:00,3
64fc3407b9b88f6ccf9d5737b1af7df141b0eae6,Gary V. Vaughan,2001-09-20 03:48:05+00:00,16
5844bf256c77a56cd57146bfe2af214feb478d7b,Akim Demaille,2001-09-20 07:49:23+00:00,0
c9cae3ef59101a1f92367783de73bbca3c590694,Akim Demaille,2001-09-20 08:37:27+00:00,0
5ef2f5adbc24ca75f0464a7d78387f4fbdcfbd99,Akim Demaille,2001-09-20 08:49:30+00:00,1
17b9a9aacd7c866276ca54619a12ec76b326694e,Gary V. Vaughan,2001-09-20 22:01:34+00:00,4
16fda89eaa7ace336b58aa25c612ea516f800033,Gary V. Vaughan,2001-09-21 00:13:29+00:00,2
9a19492892dbd9ed018c347ede2dec22ee0b07e5,Akim Demaille,2001-09-22 16:14:36+00:00,0
2fe608e0e7475917619ddda394e5ff4add7409a7,Akim Demaille,2001-09-22 16:16:02+00:00,0
a66a1ccdb409bf694ab36c1725a575a69751bbbe,Akim Demaille,2001-09-22 16:57:09+00:00,0
858172ac2985161f2a485ab97c95a3fc9d371b1b,Akim Demaille,2001-09-27 09:28:07+00:00,0
5a32bbc3921edc2d4174c3b6d6a6a8916659fbcc,Akim Demaille,2001-09-27 09:59:55+00:00,0
919fd245f8752e14bfbcd35a8432173f2632364a,Akim Demaille,2001-09-27 10:03:49+00:00,0
fd895eecfc06802d1edc7fc90130f5652033b621,Akim Demaille,2001-09-28 14:02:54+00:00,0
f01a217a607ecd27675139dcba0133ed1e877f65,Gary V. Vaughan,2001-09-30 11:55:18+00:00,0
fc3a835ad3b966cfc5d05aecca9312dd5b739be8,Gary V. Vaughan,2001-09-30 14:23:27+00:00,0
ca6af9acfda5ecb37d3e96fe5b9554568a3138a5,Gary V. Vaughan,2001-09-30 14:43:37+00:00,16
9a17e39435d6b053ba955c19bf9c808ab26a0f1a,Gary V. Vaughan,2001-09-30 22:26:57+00:00,9
9b47c0687932d7eb51ee3db4cffb5efb84e9e51d,Akim Demaille,2001-10-01 07:23:58+00:00,1
93a1d3bf2a6db08fd0990b0814f602f3242b7e0a,Akim Demaille,2001-10-01 07:38:48+00:00,6
7ea3ed5e60ca496fa183fe0d10f89e24e7f5945e,Akim Demaille,2001-10-01 07:56:20+00:00,1
0fd60165fb99431623d4e645b4f12da1b2cb00df,Akim Demaille,2001-10-01 07:57:00+00:00,0
34d5bc330bc104cc3a10e4badd874e8476ba8e2d,Akim Demaille,2001-10-04 07:47:29+00:00,1
813c7c02b576d733f0ce5d5508d64d8a53ad7d21,Akim Demaille,2001-10-04 07:47:45+00:00,1
340cf036685671f3e86009bdc637d16d2b6c8374,Akim Demaille,2001-10-04 07:48:51+00:00,0
6c0bc891b3248f6222a6e5b67eabc080586f501f,Akim Demaille,2001-10-04 08:03:18+00:00,1
631f338b7fe618ea9b7ae843c9868e1eb1d033e0,Akim Demaille,2001-10-04 08:10:48+00:00,0
7cf6f4f5df9a09993b9243174da200747c472f6e,Gary V. Vaughan,2001-10-04 21:14:37+00:00,1
2f00ef879174cc214e8f529786c679ade0734975,Gary V. Vaughan,2001-10-04 22:14:20+00:00,0
9ac5d60503e3435a5a87b99a9d8bd61512c15297,Akim Demaille,2001-10-05 07:50:26+00:00,0
0d239577b0c314c6e545b231856c2c5111702626,Akim Demaille,2001-10-05 07:53:07+00:00,0
ff73035f97fdc0a995f766023f9ae587cbeb5243,Gary V. Vaughan,2001-10-05 18:42:58+00:00,0
9de01d8bd15d6b911e8bf49740b64b77ab841b8d,Gary V. Vaughan,2001-10-07 12:39:49+00:00,0
1576ed0111bd466628c1b33915cc4b121e33a2bb,Gary V. Vaughan,2001-10-07 16:33:08+00:00,1
6c0ddae3701d611c9981505c414f12ab1f0c5217,Gary V. Vaughan,2001-10-11 21:09:15+00:00,13
008a582dc6f7e2939a4df30f5d07771babc1defb,Gary V. Vaughan,2001-10-12 19:57:29+00:00,16
b2ffcd7ac27c40055bf1ee4f21f7f61b52d73db3,Gary V. Vaughan,2001-10-12 20:15:14+00:00,1
de5a5cd5204c7700fb3f50b5abccb7f126381c80,Gary V. Vaughan,2001-10-12 20:29:15+00:00,1
5c05d40b691d5cdc74de122fd2f7e4072844a5f5,Akim Demaille,2001-10-13 06:28:10+00:00,1
656e73c0b0c4cae21e337f68e9f32cbe194cfa49,Akim Demaille,2001-10-13 08:54:17+00:00,2
07e86aedb2121c12835bde1735d2dbcaecee3811,Akim Demaille,2001-10-13 08:54:53+00:00,4
538c62623115eb0cdfe3ef2af73d6f04c4447733,Akim Demaille,2001-10-13 08:55:09+00:00,1
605ddc9be08ab2b4c109aa85aef08b24c4d1e356,Akim Demaille,2001-10-13 08:55:43+00:00,5
4728a8dfbe880d135af4c4ed0fc82db4776d21e4,Akim Demaille,2001-10-13 08:55:55+00:00,0
c016d639a9be399d51527c5309155f61b2d7354c,Akim Demaille,2001-10-13 08:56:30+00:00,3
68b7a268914dce22455880d8d951f30e7fdb55b8,Akim Demaille,2001-10-13 08:56:48+00:00,5
6824038a20a744643ee0f817a45720da81a6a5d5,Akim Demaille,2001-10-14 11:44:41+00:00,1
3c8f27fde86af3e70a6831944f9c8fb8c8832ae2,Gary V. Vaughan,2001-10-16 02:28:08+00:00,1
90f886e415b2bd71e81351e1f2b12123b9e11f56,Gary V. Vaughan,2001-10-17 17:37:41+00:00,0
17ee9a90bdee6ce4eb03b2fad344c51f7ede83ac,Akim Demaille,2001-10-18 21:27:36+00:00,2
4adf5c73331a964865e9d85cac7937768d9e5324,Akim Demaille,2001-10-19 09:43:51+00:00,1
ca3f7bd38a4f92ea061c6e07f0fccc779f1d4123,Akim Demaille,2001-10-19 09:44:08+00:00,1
241807718cbdfae3673fea79275cddb5fef642de,Akim Demaille,2001-10-19 15:35:11+00:00,3
4cda4c902b31d7a9e1c0b4b6f83189057af45151,Akim Demaille,2001-10-19 15:36:39+00:00,0
025ea5cb5e657b725e42b16151ec913ff7127afb,Akim Demaille,2002-01-21 15:14:43+00:00,0
72682637947e9ebd6c5c22065cfba880b938ff2a,Akim Demaille,2002-01-22 16:24:26+00:00,0
93f99fc4af26bfba091e262f80da5e5da8a0c913,Gary V. Vaughan,2002-05-28 21:30:24+00:00,2
fdc60b9d80d167ad91ad5a3d03489373c3d25309,Gary V. Vaughan,2002-05-28 21:46:37+00:00,2
86b1ec4e3585a53151d88f754a342819d3dc6b06,Gary V. Vaughan,2002-05-29 03:10:31+00:00,0
de11cb28a57e7d1196a587f24dc83f1b492570b3,Gary V. Vaughan,2002-05-29 18:06:42+00:00,3
79dbd4513058423065f7e7f08e67e8b7d6a33b47,Akim Demaille,2002-11-04 09:38:20+00:00,0
7059176d1874d26a1cd0f619b5c886519b3c2515,Akim Demaille,2002-11-04 12:18:41+00:00,0
4a46c1859daec5ef3922409dba84107c503fe61b,Akim Demaille,2002-11-04 14:28:44+00:00,0
554c1ff35ccde595e1cb6d271b11960b58edf29e,Akim Demaille,2002-11-04 16:31:04+00:00,1
8f027541d36a4954b1c016d76bbb1599d87709d9,Akim Demaille,2002-11-04 16:32:56+00:00,0
01f545bc5646c1c402d83e65926108d9bc19abd6,Akim Demaille,2002-11-04 17:39:32+00:00,0
5510341a5491c7fdb9eebf30f923f02a57faf153,Akim Demaille,2002-11-06 09:35:15+00:00,0
b3851535a5795f49e73c192e4b949648f6bb806e,Gary V. Vaughan,2003-05-30 15:13:31+00:00,3
7994a2ed35f478e92294f80fcdfea83bd220ad3b,Gary V. Vaughan,2003-06-04 10:56:32+00:00,2
0b197af13141a9d9e4a28a106a0a40da04153851,Gary V. Vaughan,2003-06-05 16:06:00+00:00,1
c611d1ade20c646de230bde0192fd16378fcb802,Gary V. Vaughan,2003-06-05 16:12:16+00:00,6
f54a4fcdfdcbac8177a4082580787400a60e8c40,Gary V. Vaughan,2003-06-06 16:14:05+00:00,8
6cceb57a3ded5e5d85684676c3facd725d9ed898,Gary V. Vaughan,2003-06-10 11:51:08+00:00,1
1af1427564eb3112c3398ed9265507ebb14983ac,Gary V. Vaughan,2003-06-11 17:07:39+00:00,0
2e49f05f5234c9c41f47f418987751be24a05bf4,Gary V. Vaughan,2003-06-12 10:28:48+00:00,0
efbbe4e349ee137b0aa55adbc863cfd88536be25,Gary V. Vaughan,2003-06-12 16:31:58+00:00,4
b0fc0de4c13a33f1d60b109166f621fc61c19804,Gary V. Vaughan,2003-06-13 13:05:45+00:00,9
1f2f1e997980014af57a7780809ede5d6dbeacc6,Gary V. Vaughan,2003-06-13 13:54:34+00:00,3
362858ad9255faf9a6f3f4affa1c691a1ce93e40,Gary V. Vaughan,2003-06-16 10:43:44+00:00,13
54070bf3cbb42d625c876f5d903257774f00f244,Gary V. Vaughan,2003-06-16 16:29:06+00:00,6
f8a2482e5d923aef2935407199ebb98e396e04aa,Gary V. Vaughan,2003-06-17 15:17:45+00:00,8
08cd2e151ca967cd8e53947f40d0dd2aba1bcdd9,Gary V. Vaughan,2003-06-18 15:28:41+00:00,1
8a709ff82625c30c3ae2b43346bd2d0e3901e0a2,Gary V. Vaughan,2003-06-18 16:21:54+00:00,12
88f76e24b13243b04e3f5659df9a2feb8701f475,Gary V. Vaughan,2003-06-19 14:51:03+00:00,11
5ebfef12566560f8ccde8faa213d16bfbbf609d8,Gary V. Vaughan,2003-06-20 15:43:19+00:00,19
923c8a6d29ac9fd1753b00c415994d95cbffe11b,Gary V. Vaughan,2003-06-26 14:19:28+00:00,1
ff4454da1639948d75dc2e9ba93bf3fd4f0c5025,Gary V. Vaughan,2003-06-26 14:40:37+00:00,1
5f3ff253c3fa7bd42ba24a4eede10f516e112929,Gary V. Vaughan,2003-06-26 14:56:14+00:00,0
8b0c435a0fefed5311e4ed85ad596338a8a72da6,Gary V. Vaughan,2003-06-26 14:57:32+00:00,15
3adc6de0f2f3fa68b684d7c75582c0d115cd94d2,Gary V. Vaughan,2003-06-27 12:18:50+00:00,0
742da14a47664dc477459a6b302c485d11fcfe72,Gary V. Vaughan,2003-06-27 14:00:25+00:00,3
5bb05d2c7af7ef0b2942c7d35c1e9746313e388a,Gary V. Vaughan,2003-07-09 12:32:40+00:00,4
cc2757efd3157751dd7595f85abfc17a906174df,Gary V. Vaughan,2003-07-15 09:06:24+00:00,0
2b8c64d4ad01a1f0887b1a1735da60714517d81a,Gary V. Vaughan,2003-07-15 09:24:53+00:00,2
b5a5bddddb24d89484d09cf25c74521d184bda98,Gary V. Vaughan,2003-07-17 19:57:06+00:00,5
5f3919bec950224c43715abe5f4130c016486b50,Gary V. Vaughan,2003-07-23 11:51:26+00:00,7
f35f8d1bfe05ec271fb311eb7c2b2451ef31031e,Gary V. Vaughan,2003-07-23 14:03:16+00:00,1
f7530f7df0a143cb41330a5832520b65344afd90,Gary V. Vaughan,2003-07-23 16:20:49+00:00,12
51982db55528db046527ba825530371ceaad44a2,Gary V. Vaughan,2003-07-24 11:37:43+00:00,3
6c8b81309493e66807ba4f507267537041c81f1d,Gary V. Vaughan,2003-07-24 12:16:44+00:00,3
250319c49f941e35335e37e873c2aff51bd24590,Gary V. Vaughan,2003-07-24 14:21:02+00:00,5
e9a8e62826cbb98c47d823193068712d6c0138f4,Gary V. Vaughan,2003-07-29 15:57:33+00:00,3
1db12fc95c556382c1ce1f05083123e3bfc864c2,Gary V. Vaughan,2003-07-29 16:11:23+00:00,1
095b0ebd7497ad0e245d0bf6310fc9f0447cccc1,Gary V. Vaughan,2003-08-07 14:28:28+00:00,1
e2b622020e3ab336e4cf6e6080cd114ecb336cc5,Gary V. Vaughan,2003-08-07 14:42:48+00:00,0
5aa3437efbddcbf9dd3fcca2d39dcdd402633cc1,Gary V. Vaughan,2003-08-12 15:33:56+00:00,10
2d1342ef568043eb7db1445a57f6374b4fdea8b9,Gary V. Vaughan,2003-08-14 13:18:11+00:00,0
5f7c9768745d6d8516ac39ec0909aca113237ae6,Gary V. Vaughan,2003-08-14 13:31:55+00:00,0
a92932b160a2c4a6469404c9bf6ae57817430181,Gary V. Vaughan,2003-08-14 15:51:34+00:00,0
41ae3ab316573cc679ca4d4d68d33be56d48fb1d,Gary V. Vaughan,2003-08-15 14:06:27+00:00,4
e3a1824b18955b53f6f1a52862ec62f7e2667618,Gary V. Vaughan,2003-08-15 15:53:03+00:00,21
81a08361fb36e496eec11c504d4508c8097cd909,Gary V. Vaughan,2003-08-27 14:06:52+00:00,0
7e29377e5aef9e2a49de26a2e9c85dde51db38dd,Gary V. Vaughan,2003-08-27 16:58:54+00:00,0
f2d311322e171eae94c3daf7fbf5439b38c42f03,Gary V. Vaughan,2003-08-27 17:10:12+00:00,37
c0e7fbef55f8f50e03d0b8ae21d345a39a20ef96,Gary V. Vaughan,2003-08-29 16:55:55+00:00,0
26df96e343531b3039c1866103b679bd58261043,Gary V. Vaughan,2003-08-29 17:44:47+00:00,0
46c9aa856095ff79bed9110e26bdadfeb6f94f8b,Gary V. Vaughan,2003-08-29 18:33:37+00:00,1
49087830ae0c31a337428b8555bc8b695186382c,Gary V. Vaughan,2003-09-04 11:34:53+00:00,0
89808191cc22e97c99adf0ca1fde4dad901ef30f,Gary V. Vaughan,2003-09-04 13:12:16+00:00,0
3830cddcd8f9cc6fbdf9b95f6074c5379c10d000,Gary V. Vaughan,2003-09-04 14:00:51+00:00,0
2f90bc7a7b7dea8802df732359d2b154e6e3d64c,Gary V. Vaughan,2003-09-04 14:02:05+00:00,0
95e48b61bf0bab2401396a6b8782a299f2501781,Gary V. Vaughan,2003-09-04 16:04:09+00:00,1
bec3710404c91cb3fdb51952cc06cce59fc549fb,Gary V. Vaughan,2003-09-05 11:30:23+00:00,0
a6290c4d02241dff343a7cfeea79b04c7e120a1e,Gary V. Vaughan,2003-09-05 18:32:26+00:00,9
68cb88c2d361e122f79efd65649a3310fb4a9bcd,Gary V. Vaughan,2003-09-09 11:48:49+00:00,0
d4418cae8cf6ad514b38ff147b37c3c5de9d7ee7,Gary V. Vaughan,2003-09-09 14:08:26+00:00,0
6464fbee1cb3b779c838ad90e20d105fa3311b8d,Gary V. Vaughan,2003-09-09 14:25:20+00:00,0
478a9fca4c1b8c6d58c3e87995cb593bc2f09404,Gary V. Vaughan,2003-09-09 15:08:35+00:00,0
0c088ac9a6c1ab755a2f65a5577bc6eb188950a9,Gary V. Vaughan,2003-09-09 17:15:35+00:00,4
f7e09e0c1a6886a2d2c037c3107ffe195c810a7f,Gary V. Vaughan,2003-09-10 17:12:02+00:00,8
b8555e78db00c45398329ee81a15aee52040e97c,Gary V. Vaughan,2003-09-11 16:38:11+00:00,9
62d79467612536c860572fc2c845fd43281dae73,Gary V. Vaughan,2003-09-11 23:53:41+00:00,5
498b57ec874871263857b706ef4921f38b063f0d,Gary V. Vaughan,2003-09-12 12:23:35+00:00,0
2a81277e8b963000c6365bfed87c4f1e523904d0,Gary V. Vaughan,2003-09-12 13:27:54+00:00,1
4b83343e68a95fbe8aa96bcb703f30c2c3563492,Gary V. Vaughan,2003-09-12 13:47:48+00:00,0
c37ce120a3cb5e34778411fa31060883cc2bf12c,Gary V. Vaughan,2003-09-12 14:28:09+00:00,0
87bae966185e9b52c070af15c5b465f1063c9bee,Gary V. Vaughan,2003-09-12 14:49:28+00:00,0
e5c5bacb0c33f2852af572ee207f2b3a29d54125,Gary V. Vaughan,2003-09-12 15:09:46+00:00,0
d7abdb35b7da61bd9afdbbf93ef2212ca6e0948f,Gary V. Vaughan,2003-09-12 15:14:55+00:00,0
3a3104b3f756f53c38172408f152ada06c6958d5,Gary V. Vaughan,2003-09-12 15:17:47+00:00,3
5e1198384a9b632ecaf7125a0006922ef304b5c2,Gary V. Vaughan,2003-09-12 15:29:57+00:00,1
ef29644eceaa1cd60dc15b9ee26157e10b08792a,Gary V. Vaughan,2003-09-12 16:03:25+00:00,0
5b1c5aa72dab3fcb7d8c589284b3553a369ac7cc,Gary V. Vaughan,2003-09-15 09:45:37+00:00,1
59b06756aac8e9aa7513eec47919ca95e99b1c97,Gary V. Vaughan,2003-09-15 10:00:01+00:00,1
09d1187fb83f1ad9d3bca76637230bdb4f7ed1c3,Gary V. Vaughan,2003-09-16 15:03:33+00:00,0
c36d07d94829284374be853384692cc3487f0309,Gary V. Vaughan,2003-09-16 15:53:12+00:00,2
834ae6a9412c0c90fa6540075f7e67aa996c7219,Gary V. Vaughan,2003-09-16 16:00:58+00:00,0
52506d6407a8ff8bc223123adff41cf84b4cf8df,Gary V. Vaughan,2003-10-07 14:10:06+00:00,22
8e17f654bc81ce3bce46e598d1bf31202a7ac4ea,Gary V. Vaughan,2003-10-08 14:46:10+00:00,7
d4bbcf1081ae26e2da27cabb0d17e9599daff57b,Gary V. Vaughan,2003-10-10 13:05:54+00:00,1
1026f57afc1d534b41c6d0109c5b0fe14e2b8660,Gary V. Vaughan,2003-10-10 14:12:09+00:00,0
17f53215f39c8fafbf9727f99ecf89ee57e8c0fa,Gary V. Vaughan,2003-10-10 15:05:24+00:00,0
10d4a8cfcfade66ac3a9fdcf0524ba2ea00732d8,Gary V. Vaughan,2003-11-13 11:30:50+00:00,0
1fad880daf644d343ffb8e5820f7ff00cc2a4b58,Gary V. Vaughan,2003-11-13 12:05:57+00:00,10
ec186853f571691a91acb98ef98b3039812515f1,Gary V. Vaughan,2003-11-13 12:57:28+00:00,0
1a39808507e9e4f019464e0aa202d6b707646111,Gary V. Vaughan,2003-11-18 17:04:19+00:00,2
da742200e853f49ec46ce23b5cb0b718d69d0fcf,Gary V. Vaughan,2003-11-18 17:10:21+00:00,1
090e8f925ca3577b23d78015ce6ab2f3b62f2d99,Gary V. Vaughan,2003-11-18 17:14:45+00:00,0
848bdfc8b4a79891cf8be64a97e244b7467d1b89,Gary V. Vaughan,2003-12-01 15:00:44+00:00,0
e868634aa11a1a29c7bf23d0d771213ec04aabe8,Gary V. Vaughan,2003-12-01 15:52:52+00:00,1
dc45ef88cd178fc7a64f1b4d16d6c471916915e9,Gary V. Vaughan,2004-02-29 16:53:00+00:00,0
07dce5c8894c2ebe96a38d3c5d23e1cbc1c981a4,Gary V. Vaughan,2004-06-14 11:26:11+00:00,7
081c86f34daa1ff1cf2bc03017fc68f3b9ad04bc,Gary V. Vaughan,2004-06-17 21:20:25+00:00,1
c775d878427524b4059560d822711a29fea23649,Gary V. Vaughan,2004-07-15 13:04:38+00:00,5
252b7dbebecc9ab7a286254c26b2f2e8120c4a57,Gary V. Vaughan,2004-09-23 16:29:33+00:00,18
6d116cc3895acbfb443d0935fd041221133b385a,Gary V. Vaughan,2004-09-23 21:07:36+00:00,1
0ed86b0025e4a69bed0dd29a14e0fe8c4137baea,Gary V. Vaughan,2004-10-14 09:47:50+00:00,2
4cf63850d12f6c4d06e102c3294e06406081238a,Gary V. Vaughan,2004-12-24 23:07:05+00:00,0
7cdeb256cb6ccd2587de9cbd2ee8d89c3caf1047,Stepan Kasal,2005-02-08 08:31:37+00:00,0
1181f7ace365caa1850b8822e6bce0bcb97657c2,Gary V. Vaughan,2005-02-08 15:35:38+00:00,0
99a751aef1dabaa0d34de8607d920ec90e1a4857,Stepan Kasal,2005-02-11 13:35:21+00:00,0
46d49ec0c8b68bfaa5a882da0a746eafed8f84bf,Stepan Kasal,2005-02-11 15:16:45+00:00,0
b0ad754b860908cbdaa3afbacdb992e79553d72d,Gary V. Vaughan,2005-03-11 11:45:49+00:00,0
c0b3e14dd1b490588977e2f5638148a02e748895,Gary V. Vaughan,2005-03-11 13:35:13+00:00,0
e46a681a9fea0deb568d13b51f8b3fab4fa4e4a1,Gary V. Vaughan,2005-05-01 11:10:02+00:00,28
b7e52c2c182868e79d2ed6abe74608037011f8f1,Gary V. Vaughan,2005-05-02 21:21:43+00:00,1
0bed0cfbcc944a93edf719af0db3c8097fc8122f,Gary V. Vaughan,2005-05-04 15:45:43+00:00,1
4af1926b6ffa87041e3598ad39284e0e2f660011,Gary V. Vaughan,2005-05-04 17:08:35+00:00,1
77c202858b03ad1ce4abd8ed7aaedf2bd1273c4f,Gary V. Vaughan,2005-05-04 17:19:46+00:00,0
661c83ad669f47ad5a13c22438f3a8ec69d3787f,Gary V. Vaughan,2005-05-04 18:39:49+00:00,1
57ac45abd7282aa7973301f9e7db49c556d9bd97,Gary V. Vaughan,2005-05-04 18:56:36+00:00,4
a2a6ad14f82a942c36662264b58ffedc98af7816,Gary V. Vaughan,2005-05-04 19:36:30+00:00,0
10c4e28b9bcab11493149c9bccbed251cfd6f24c,Gary V. Vaughan,2005-05-04 22:02:05+00:00,2
c46066c0351aa72d42c8b9ed40eae60450493594,Gary V. Vaughan,2005-05-04 22:55:59+00:00,1
e1fcfb14f78c5aa6019ac0c2267918e2d2b9618f,Gary V. Vaughan,2005-05-06 07:46:20+00:00,0
c84e7260cb0ded995e20c89adbe6f9e52db2275f,Gary V. Vaughan,2005-05-06 08:30:52+00:00,1
61bb7a83b4e8b4864273ef19ff26c390dbf84080,Gary V. Vaughan,2005-05-06 08:51:44+00:00,0
a27777dd1088943520c2c8a8fd0f59a504a15dd0,Gary V. Vaughan,2005-05-06 09:05:44+00:00,0
c108d306d1ff4ed704a9f8a2515859a190eae62f,Gary V. Vaughan,2005-05-07 01:30:57+00:00,0
c84e45bbf6678205293436b2d97a2850913f0397,Gary V. Vaughan,2005-05-07 19:46:13+00:00,0
d845b8cf6d23d10415362c39399348f70b7f2722,Gary V. Vaughan,2005-05-08 00:37:43+00:00,2
ebefbf083e6544da53f5bbae3c054cf2cb8f39bb,Gary V. Vaughan,2005-07-07 11:14:21+00:00,0
cabc02b0b9fd64ed9c60d865f08dfd9bd33eb795,Gary V. Vaughan,2005-07-07 11:25:57+00:00,0
aa6db95da1d8fd7f5f72a8c07f3ab8a500619af1,Gary V. Vaughan,2005-07-07 11:31:11+00:00,0
a51552b2644b9281b65e93c9ea3d80c4369cc682,Gary V. Vaughan,2005-07-07 12:18:48+00:00,0
09e3eab41d670e2bab97a24e314a800db83d31d9,Paul Eggert,2005-07-07 16:27:54+00:00,0
729fd64aa48aff71ccdc8ed1e14200214843838c,Gary V. Vaughan,2005-10-20 13:45:20+00:00,0
df369c9870c89fca07ded2e43af870dde74da2de,Gary V. Vaughan,2005-10-27 16:04:02+00:00,4
a5cf4e2173ecd8f22b33f4513bee0f18dcd17190,Gary V. Vaughan,2005-12-04 19:53:15+00:00,0
f9630725baa381f5a1dd07f9399d5265f49caf76,Gary V. Vaughan,2005-12-05 15:08:39+00:00,0
d2134e51992617d50f0b4a6962294a59e2db5f47,Eric Blake,2006-05-05 12:23:33+00:00,0
fe283fc41da93a819ba1fbeab33d68f494debe3d,Eric Blake,2006-05-05 12:34:33+00:00,0
bc1e499b8e9181f2084c98c63a302696a6828438,Eric Blake,2006-05-05 13:30:15+00:00,0
ccb6836b47d47ef53521ea0b8f1ba7dd56bd3b02,Eric Blake,2006-05-05 13:39:19+00:00,0
d1637485cc65df95bb814390e99b1bc7aee9080b,Eric Blake,2006-05-05 13:41:14+00:00,0
a8733909954c2f5c007c35d4c046cba5b9d887c7,Eric Blake,2006-05-06 03:56:50+00:00,0
724f1cef3d1ea65a41370aebf55013c79f93f32a,Eric Blake,2006-05-06 12:19:07+00:00,0
793cceb44ede7aa98d58969cf686b784d336dac7,Eric Blake,2006-05-06 12:23:33+00:00,0
6a4b91975ff6e63e58947ad407759cc9cc242e02,Eric Blake,2006-05-09 03:28:44+00:00,0
f347d2784ee2118b4dec9e487b424ac28d282dd6,Eric Blake,2006-05-09 03:40:22+00:00,2
4a870ff12a94c8e5cd3738c6f5175948c45b1bd9,Eric Blake,2006-06-10 13:08:39+00:00,0
d33901859a72a5733fe70ce16f8934f10f768edd,Eric Blake,2006-06-10 13:10:57+00:00,2
28a9de2764c97fafa7b3a34a934cddd2d5a8bf7d,Eric Blake,2006-06-10 13:41:06+00:00,2
f6b6ef695c61d434b95db5cc2c883f4117ff3904,Eric Blake,2006-06-10 15:17:11+00:00,0
eea25e4e375623065eab757e08b4fee571df6014,Eric Blake,2006-06-10 21:23:30+00:00,3
bb6929eb95052e1e091154b409fd5f86952cebac,Eric Blake,2006-06-13 01:19:09+00:00,2
1e45f702423f0110e63be17ea3f9684fdcc2b93b,Eric Blake,2006-06-13 15:41:38+00:00,0
327a50e054354bd9722c72a049c89ca671b162c1,Eric Blake,2006-06-13 16:51:37+00:00,0
fa29e06f2ad724e547449e69b96937972fbec1b0,Eric Blake,2006-06-14 13:19:46+00:00,0
a0d7f4232980772f6ed46eb4df5c29d9e07ee3c5,Eric Blake,2006-06-16 01:32:40+00:00,3
082fe02159f1c7f4aad61a2393ebd7295d5973dd,Eric Blake,2006-06-16 03:51:28+00:00,0
381c384f82cea14de395fdee9c6336a334f9898e,Eric Blake,2006-06-16 05:13:18+00:00,0
31f6cd0e9d2ccd5bba13f17a5ad518aeac518e48,Eric Blake,2006-06-19 13:03:55+00:00,0
79d9ebdb654c173474727a3cf297d7615d1842f5,Eric Blake,2006-06-19 15:31:52+00:00,0
16c904433b7f50524181b8c7a49b8204571ceef7,Eric Blake,2006-06-19 15:43:35+00:00,2
8d1b7aa609f655ebca17719d88366fed4d4fcc0b,Eric Blake,2006-06-19 17:25:32+00:00,0
5c559d5bd771f22d6374ec17ba297a5e7ba877ca,Eric Blake,2006-06-19 19:10:19+00:00,0
d41ea5fea893c48cfd1ccc8a78a120a67256ba81,Eric Blake,2006-06-20 03:20:51+00:00,0
10d9ad5159858ad9b530a0b3c8773806354400ba,Eric Blake,2006-06-22 15:41:12+00:00,1
759b3b1b4105b71bc399c597ff1855116e87e867,Eric Blake,2006-06-22 15:52:18+00:00,0
b9f052893cadaa7a3e7c922dc94af09fbb89f588,Gary V. Vaughan,2006-07-04 16:29:34+00:00,0
c45f9230bb522daf39911da0c7f34354b2388617,Gary V. Vaughan,2006-07-05 16:56:50+00:00,1
a851fb255a708443d4f64d2dde6b97cc06b72393,Gary V. Vaughan,2006-07-05 17:00:21+00:00,0
3750522797d8c2923dd033b74b2b5e44b43fe7ab,Eric Blake,2006-07-05 20:54:15+00:00,0
3ef0fd84dcc74b1bb5a875d0b541129b125e25c5,Eric Blake,2006-07-07 13:07:48+00:00,0
b8ce09fc0389497c85ac770137cedeb064924b25,Eric Blake,2006-07-07 15:47:39+00:00,0
3ca6e144363bc8d69d16d59f73b407e9f3d37a06,Gary V. Vaughan,2006-07-10 15:08:21+00:00,1
43163f625f70acb59a1c05daa2bc33ae6993bef6,Gary V. Vaughan,2006-07-10 18:54:17+00:00,1
f4f931f9f6a0a6fb5b4844df9f9b0c34a1d6456c,Gary V. Vaughan,2006-07-10 19:21:02+00:00,1
d8403d611d233f78a54724a91133180c41cad751,Gary V. Vaughan,2006-07-10 19:41:00+00:00,1
89f1584571756de8384157ddd5284f8ac28bb8cb,Gary V. Vaughan,2006-07-10 23:27:43+00:00,0
7343fe5634c56d957851a6a8cbfafed8326f6cbf,Eric Blake,2006-07-11 16:34:16+00:00,0
2d8b924514a7dc5097a9420ebcf5b12a83424293,Gary V. Vaughan,2006-07-13 15:58:56+00:00,0
e7150c4405a670171e4f2985ad948a5638946aec,Gary V. Vaughan,2006-07-13 23:35:15+00:00,4
00534029c889de381dfa35ad1c0542462856b537,Eric Blake,2006-07-14 15:27:34+00:00,2
1dc39a90ae98e4a1b195b71e48dbaf5033e8e4c9,Gary V. Vaughan,2006-07-14 21:08:14+00:00,0
056ddcc19d6836ac4a891f5cae7fd852ba1887d2,Gary V. Vaughan,2006-07-15 00:15:01+00:00,0
dc3fa710e1a434cd14ee8c207fe63f83d79d844c,Eric Blake,2006-07-15 21:35:37+00:00,0
7036ace1954bb62b2683855aba411c818a02c6b6,Eric Blake,2006-07-15 22:11:41+00:00,0
7ba704ec5ac668044e936b60f3de5a67c878e88d,Gary V. Vaughan,2006-07-17 12:33:29+00:00,0
effb2c16f18b6a13394e8a35733ee1bc482f5d89,Gary V. Vaughan,2006-07-17 12:37:21+00:00,7
306ef6b90e323997276e13788feec4b6dfe2c4d2,Eric Blake,2006-07-17 13:26:08+00:00,1
425afb7d423355e8137bdb734e39f65caeabb63a,Eric Blake,2006-07-17 13:27:52+00:00,0
c0f1c4fbcd98e301bc3b8b41a9edce7658ef1f2a,Eric Blake,2006-07-17 17:55:40+00:00,0
1c8b37d234ac895f15ff29d4ab7769b2d096b3c5,Eric Blake,2006-07-19 12:16:52+00:00,0
fb8d35e3adbf2c38f774dd8e962c286f031efb7f,Eric Blake,2006-07-19 20:32:13+00:00,0
b48a5cab592a4a90ba9addc4465aa59bb0439ca4,Eric Blake,2006-07-20 15:45:42+00:00,0
1b3ff343e52757ea39332595a1fb5398e749a7e6,Eric Blake,2006-07-22 19:23:04+00:00,7
4f6ebdd6edb9143cc5668c24a87b84eb0e23957c,Eric Blake,2006-07-22 21:42:13+00:00,1
95e9095e3f500d947198d5e9a8e66222c5951d2c,Eric Blake,2006-07-22 22:38:14+00:00,2
9e21bce5cfd7c6adfccfa66a646ae572845a0b85,Eric Blake,2006-07-27 13:29:31+00:00,2
ba6c47df1de5e275dbe9dfa681347a8a9769a6ee,Eric Blake,2006-07-27 22:34:55+00:00,2
5d79b6fb1c696a52c7ffeb75a3c7742ba2a94a02,Eric Blake,2006-07-28 00:22:09+00:00,1
560127c0d0f61ceac28e560f33408789ab5810e3,Eric Blake,2006-07-28 01:49:37+00:00,1
960406e685795e8f437dd6183ac27230d3b464a9,Eric Blake,2006-07-28 14:06:10+00:00,4
894b3594e9c97da9594dbaef39ea427b552803c0,Eric Blake,2006-07-28 14:37:30+00:00,0
2c9149360ee50d4cafab78667835ee11efd6ebfa,Eric Blake,2006-07-28 16:41:28+00:00,2
a3e19806760c9ffb9f9ed205a19168b8d75bf834,Eric Blake,2006-08-03 13:15:42+00:00,1
ec5f6cc25495326ce288b04356c8c4ae00d9ba72,Eric Blake,2006-08-09 13:16:34+00:00,0
c38df922f5733575eb9de52883a4969f4bdc1c5a,Eric Blake,2006-08-09 21:33:23+00:00,13
965614e4d1d88659aa066944de66a52bc9d54da9,Eric Blake,2006-08-09 21:34:03+00:00,0
bf93a5bcc130068b76a399a303859521d37b617d,Eric Blake,2006-08-10 15:59:41+00:00,0
9b7bd9ef52b69e53287b95570d380d0f948d8550,Eric Blake,2006-08-11 15:42:58+00:00,0
46c750535d0508198398b326d7dd480ac2548dd6,Eric Blake,2006-08-14 13:07:49+00:00,1
2ce845c570ca2c25e2fbb9f349d6720407256fdf,Eric Blake,2006-08-16 12:23:04+00:00,4
98c3bc603d27ae511346ec22036095019b870da8,Eric Blake,2006-08-21 00:14:54+00:00,1
97c9af8ea88b1416c0ee9c0e55a0495d50e5f38e,Eric Blake,2006-08-21 02:37:45+00:00,2
9d699e7c5c65d04eb2d402c52b06427ab7709b52,Eric Blake,2006-08-21 12:46:24+00:00,2
434c42d9658c7b3322f3d067b95ca3c2cbb85b46,Eric Blake,2006-08-22 13:44:22+00:00,0
8a80617bdad5193292c953b45a17391530044fa6,Eric Blake,2006-08-22 16:14:10+00:00,2
f6cac26a08f20d283d5f2442088ffb0119dde2ef,Eric Blake,2006-08-22 22:36:28+00:00,3
171d767a438db6d003cf94044a02a2a4bc943388,Eric Blake,2006-08-22 22:36:54+00:00,0
d18e81578eb5520b473637a40d02ff412ecd9ae8,Eric Blake,2006-08-22 23:48:23+00:00,0
c2e093a955214b8aaf4da8dd44bd595b06fea235,Eric Blake,2006-08-23 11:39:26+00:00,4
0a83e19ce2e0d7abf68842e09576e26c2185b818,Eric Blake,2006-08-24 00:25:04+00:00,0
c0760659547771e244782e93e8ceb3f40c3b9757,Eric Blake,2006-08-25 15:34:09+00:00,0
12b5402bed47c0cd1ac6bace73d30dccf70b7738,Eric Blake,2006-08-25 18:02:17+00:00,0
26a80b5b3d111da71774d426c330c7310b4ce640,Eric Blake,2006-08-25 19:23:01+00:00,3
397d36e80cd39461bb5b2b3f2bb8879ea8d4e99a,Eric Blake,2006-08-25 19:23:22+00:00,0
832c5ebd68485d063867639f987fec7a8a4f58aa,Eric Blake,2006-08-25 22:06:41+00:00,14
4c4b73d2d993867b0e5b6b72246fc83120e7f96f,Eric Blake,2006-08-28 12:48:53+00:00,3
981dcee68e067f3c5ca251fa0577c5a3dfe4171e,Eric Blake,2006-08-29 20:38:30+00:00,3
f86dce2eef61a240ca3d3cbdd357391fbe54dbda,Eric Blake,2006-08-30 04:25:42+00:00,2
791c9adbe9da707df0927cd8194029fc0de26590,Eric Blake,2006-08-30 13:35:20+00:00,0
311fdd95504bdeb25464ff9609ee11c31019f77c,Eric Blake,2006-08-31 03:21:35+00:00,4
daa2edf98ccd6a23cdc04ad1d5ca75026a2ee5a7,Eric Blake,2006-09-01 23:11:05+00:00,3
c1477b8e65d2a7056b8f8f4e9387bd2aaafa23c1,Eric Blake,2006-09-01 23:12:33+00:00,0
b0c19f2819de9d05399fe1bbaf50f21888b3098a,Eric Blake,2006-09-05 13:25:24+00:00,4
46bd2043cdb97cfb086d291e6fbe7225c30e0d3e,Eric Blake,2006-09-05 16:58:02+00:00,3
ec8e5267ddd6531a77e13cfddcc1714dce5256e2,Eric Blake,2006-09-05 17:28:45+00:00,0
2bfa4bad6682769f3b1a4a0324b43c7cbcd72d1e,Eric Blake,2006-09-05 23:16:39+00:00,5
e3d61465c11192eb70a6f220be97be490eb9b2f3,Eric Blake,2006-09-07 16:41:24+00:00,0
59bf11efafb98d9a96a57ccf95263e876852bf17,Eric Blake,2006-09-07 23:53:04+00:00,5
be70d90cd3f093df4e7e2ea8b185d2adc3ddce31,Eric Blake,2006-09-08 15:47:13+00:00,0
f3bc75d20d653ebbcf92316d9f123ec476493125,Eric Blake,2006-09-14 00:37:26+00:00,1
4363c35fd62e113d295c50a237790cfaf9e16a6b,Eric Blake,2006-09-14 00:37:58+00:00,0
68842e3860fec5f2346b9e0f92c66f28d7cf7fea,Eric Blake,2006-09-14 03:37:47+00:00,0
055a40f1a53a5e64e9c2a1c86afa166cb372d771,Eric Blake,2006-09-15 03:37:53+00:00,3
363f8cd01a83bdc38f52fbe48b30d167cc25fb2f,Eric Blake,2006-09-18 13:16:42+00:00,4
585036394c3f62f8d111e46d6dbe42f86f2c5b10,Eric Blake,2006-09-19 11:41:25+00:00,2
52febf6cc7a222b9d92084ce52d16e1f23730c5c,Eric Blake,2006-09-19 13:16:08+00:00,2
4deeba96fdefa980aad0d2554615404e458eb432,Eric Blake,2006-09-20 04:04:29+00:00,1
a4c63a30dfd0a1f1304dfed3bfd46b3a98d1a0a8,Eric Blake,2006-09-20 13:05:51+00:00,1
6f88787445428c495923085ec9418e517355e615,Eric Blake,2006-09-21 04:12:55+00:00,1
9c3518f987239b4b7af77dd4a5b788643d56d3f8,Eric Blake,2006-09-21 13:05:26+00:00,0
78db0b04e8977e1428801f5a33bbaaae0220cb01,Eric Blake,2006-09-21 16:40:03+00:00,0
a389e04c48b089fc4956e64e190486c20a44925b,Eric Blake,2006-09-26 13:12:58+00:00,0
92a30082b1206bdbba27fdb8bd3f62625d67e89d,Eric Blake,2006-09-26 13:19:26+00:00,15
898ebd3a478e183c67fc1e0a7e91782edd9f8ce0,Eric Blake,2006-09-26 21:21:49+00:00,4
6ec3170c49321946c958960b4311ad3a57631ecf,Eric Blake,2006-09-27 12:24:53+00:00,11
02e9250816ec4677c5446f7a47935bdf2e30d03d,Eric Blake,2006-09-27 13:21:04+00:00,3
fcb87931d98c4210f24222066def6ede6e9989ab,Eric Blake,2006-09-28 04:22:33+00:00,3
eb47b42b8952a9d628cf901c0c756d93475a69a5,Eric Blake,2006-09-28 16:14:09+00:00,0
cda2678e0595521a55eef1448842da537d1a67ed,Eric Blake,2006-09-29 12:26:06+00:00,2
90c32d31702e770b5a30b786da51178c07015f32,Eric Blake,2006-09-29 13:33:13+00:00,3
7591adfe2fbd50dfbefb3debe0e1ccbdf10d4106,Eric Blake,2006-09-29 15:14:24+00:00,0
00d057565b6e82886fde7199b70d0337855e9371,Eric Blake,2006-09-29 18:20:12+00:00,2
71fcb4614d75f1afd0babb93e1389077e7e82f97,Eric Blake,2006-10-03 12:57:18+00:00,1
cb0876cdf638e21274b5d5ccd8c00da9ba73fd46,Eric Blake,2006-10-04 03:57:00+00:00,7
eafe1d634c405999b40d67fffe6d7d61a6af702c,Eric Blake,2006-10-04 14:32:36+00:00,0
f9382d64c516d723e9f24443de89a3497ba20560,Eric Blake,2006-10-04 23:30:46+00:00,0
a7fd1e01f7d6214bf1afc2b600c9be8bf5cba938,Eric Blake,2006-10-05 23:07:27+00:00,3
b75ce895dac5cddfcc93b76f2a69250dd391b44a,Eric Blake,2006-10-06 13:13:15+00:00,2
0836ac002d5603d3de494f7d1e296b22a3337f5e,Eric Blake,2006-10-06 13:31:41+00:00,1
310ea9dc1f946f3486a77b9485d193c685b9494a,Eric Blake,2006-10-06 15:24:10+00:00,3
2cb4aa350a1dbaa2073446ae6a9900523ffeb317,Eric Blake,2006-10-06 18:24:31+00:00,1
2167d449a5adba3f52a380a607c2ed09dcfca903,Eric Blake,2006-10-06 18:27:19+00:00,0
b8d3434875a1dfd4d7e6350b9e73694f190fdf11,Eric Blake,2006-10-07 05:02:56+00:00,1
247aca2de49e7db094601a91bb30b874e9803a8d,Eric Blake,2006-10-07 17:33:28+00:00,2
23b5e7571c2afd7c168b0718bb86466fbbddfbb9,Eric Blake,2006-10-09 21:00:32+00:00,1
73d98ea0eb367b894976266ff8d1141cf823b405,Eric Blake,2006-10-09 21:06:33+00:00,1
987f57d285283881013f7131adb7f2acc020fd54,Eric Blake,2006-10-10 12:47:23+00:00,4
45eed86462d9782a359d0873641012a88ca4d085,Eric Blake,2006-10-12 02:44:26+00:00,1
00619f6150e3cc9252725e62fdb231de51e6cf32,Eric Blake,2006-10-12 21:14:49+00:00,5
42c9fc34d5c0345f5955dc33cf1306304829277b,Eric Blake,2006-10-12 23:21:34+00:00,1
ae3382c886067730fbd1ba674a7bbf41a9ecefdc,Eric Blake,2006-10-13 16:46:47+00:00,5
e36dac4d216476f1e4065a0d01663ffa2342b69d,Eric Blake,2006-10-14 14:16:23+00:00,1
6d4dc67718ce91c20278f9a31eef1036702c5943,Eric Blake,2006-10-14 15:23:08+00:00,1
3d01c0716c6099c88f59fd787f4d82b6369f0952,Eric Blake,2006-10-14 16:34:55+00:00,0
54a4df5460f5d5784682f762ad5275d329186842,Eric Blake,2006-10-16 13:17:50+00:00,0
371443c5734f62ef402725e366cbc667eadc9e83,Eric Blake,2006-10-16 22:12:07+00:00,3
4f67b8f64e56cca016a57ea7e637417ac9e83a37,Eric Blake,2006-10-19 13:38:46+00:00,0
b9d7924e31f56d22f9348c7ea7ee29b9f5feff26,Eric Blake,2006-10-19 16:19:20+00:00,0
edb550bff4010c3bdb2f79f8e8b182db5b8cba55,Eric Blake,2006-10-19 23:13:45+00:00,1
667fcc84189ba8ea098a05271f27db15fbb8b0c3,Eric Blake,2006-10-21 12:49:57+00:00,1
0dd37af35595c39e280a0697aaad6773255705dd,Eric Blake,2006-10-21 15:23:56+00:00,0
935b9801aa256c1e18c54f4cf5c4d9427b124fba,Eric Blake,2006-10-21 22:15:52+00:00,2
4376a0a72d5353a006653adf85390ab4a262758a,Eric Blake,2006-10-23 18:16:08+00:00,1
13545a5380244b5fbf96d1f69316b5db530dccef,Eric Blake,2006-10-24 03:46:41+00:00,0
9f53c62bbd3cf89cb5449951ec22e3475dd6076e,Eric Blake,2006-10-24 14:14:13+00:00,0
d9152785c7f633a05a9d2383c85c644a9ab49787,Eric Blake,2006-10-25 12:45:45+00:00,1
ed56667ad784ce4652ba68cd318c53cd36f948cb,Eric Blake,2006-10-25 14:53:23+00:00,0
3883a86295b7f664cdc91e0b39f768b045474ae5,Eric Blake,2006-10-25 23:19:19+00:00,2
0b0f9b371728717b30e2c846978441f085000a09,Eric Blake,2006-10-26 23:11:41+00:00,1
fb1aef142de0ba4224eb7f4c7fddbe9e96027237,Eric Blake,2006-10-26 23:19:12+00:00,1
ff19b729c274364fc4883b338379ee84e33ff2f7,Eric Blake,2006-10-27 04:03:27+00:00,7
fa75682c7754674653971d4b2203827c9eb01c56,Eric Blake,2006-10-27 12:12:12+00:00,0
9116ddeaf509835fcc718fd92c3a95076f742719,Eric Blake,2006-10-27 15:16:31+00:00,1
4941a1a9d20b7c22cfd71df63282770b4e6e58d4,Eric Blake,2006-10-27 15:17:29+00:00,0
36a89bf3c980f13b0c0b76325f9cc69e7b9c8d94,Eric Blake,2006-10-27 17:03:51+00:00,7
d948ee13f9b8920e87da8bc6b108e4d277eaa6eb,Eric Blake,2006-10-27 21:10:15+00:00,0
43dd548236ee28f5afdc358800eb1dada6d3e770,Eric Blake,2006-10-28 19:37:47+00:00,0
2d8e4238eaf6c4fa592d02c38aa6c464b1b39e69,Eric Blake,2006-10-31 02:05:37+00:00,2
52f54e3e62b66ae6551df458b87ac8d79f055f65,Eric Blake,2006-10-31 02:08:55+00:00,0
5843469fff768726ec0dd2fc7d3d6d892c7255c5,Eric Blake,2006-10-31 02:24:50+00:00,1
79cd537a49006cc6f768115a62e32c2279b17ddb,Eric Blake,2006-10-31 14:14:18+00:00,1
78ac8cc38716d9db8e4347bd779e1ef2d10b3859,Eric Blake,2006-10-31 14:14:39+00:00,0
84bb69567e52206981eb490d3214a242299a4afa,Eric Blake,2006-11-02 13:42:23+00:00,0
acb0cd75c179832886c84eae40fbeb8ac36e2806,Eric Blake,2006-11-07 19:18:10+00:00,1
2c7b5e5410536f7fe4c81be2d639ca8a029ebdc3,Eric Blake,2006-11-08 04:26:53+00:00,1
d97ac4b809a198cf324beb8f989cb0612b8ec290,Eric Blake,2006-11-08 05:11:47+00:00,1
1b6af058955698bbe97dab699a208ece8c0493ca,Eric Blake,2006-11-08 19:06:00+00:00,1
3c4c6bcdbe34149a31d3b15ab98e924709241f1d,Eric Blake,2006-11-08 19:18:26+00:00,0
3ed8e5e7bc3b8919a76c0f3276583e7c0ab53432,Eric Blake,2006-11-09 16:39:15+00:00,0
3c063157247f849f341a8101d5a85d6b1be3001e,Eric Blake,2006-11-09 16:40:36+00:00,0
23a13c95dfce10efaa9be6f24ef77a1ebce36c4d,Eric Blake,2006-11-11 14:00:28+00:00,7
e8a13d29c5459b6023c11784647d45fe243afce4,Eric Blake,2006-11-11 16:21:25+00:00,6
5e96b6de8f7619592d0bbedeedc0de887f56de1b,Eric Blake,2006-11-14 05:58:00+00:00,4
3f8984a8ae0d36768acf70d9b23db499dd570a3f,Eric Blake,2006-11-14 19:40:12+00:00,1
0813dcfc0d5945c80e1440d779e8f7f592a1f0ea,Eric Blake,2006-11-15 00:45:07+00:00,1
d581871908e0c97c4c912c03de82fb550522610c,Eric Blake,2006-11-16 14:42:37+00:00,0
40f522121538ba97a1dc3967f19670d37e5be213,Eric Blake,2006-11-16 19:01:15+00:00,0
3a7c6db01afdbdd863eb1231c8c33b03aa9f83ed,Eric Blake,2006-12-01 16:38:32+00:00,0
f98a80a450336eb52478d2a2b8ea3360e668f722,Eric Blake,2006-12-04 13:57:22+00:00,0
9ef2369e3dea5d621ae15e8e4efd3266b5064c62,Eric Blake,2006-12-09 16:53:27+00:00,0
4fded6a134b62b8c1dba38794f66d16cd9151f36,Eric Blake,2006-12-12 20:19:04+00:00,0
3015ff90bef2b98f98912d496110ccade8f93cc1,Eric Blake,2006-12-15 04:23:48+00:00,1
c56a755457e1d7e5ce71341e41a1a07f74cd3c25,Eric Blake,2006-12-17 04:21:15+00:00,2
7261687f93bbde249493e49ceb3d1de2a8c1a226,Eric Blake,2006-12-17 04:34:32+00:00,1
d3f0888d5076d781c458812811f4b04d8745afcb,Eric Blake,2006-12-18 23:11:03+00:00,0
36b52dd4b165e7dcfb8e7e32fc5b555aa88e1604,Eric Blake,2006-12-19 17:23:46+00:00,2
63eafb7edcbd96913f40d1ce50da92fb1125ad07,Eric Blake,2006-12-21 14:17:17+00:00,0
9444270328cd42ec48b62b0cb14290cc62d41cfd,Eric Blake,2006-12-22 14:18:23+00:00,0
77755394e82a671807791c7bdc031b2b5cb12f5d,Eric Blake,2006-12-22 21:42:42+00:00,0
bee5be2a294ef7b1b1aea0d6ebf6dddb8de5919a,Eric Blake,2006-12-23 00:02:20+00:00,5
72832a224019f599522e6c591c6c69fbd44ad677,Eric Blake,2006-12-26 21:05:53+00:00,0
9a8f3bd8964c0b6f64a0ee979cd9bafc44eef6ca,Eric Blake,2006-12-27 14:14:27+00:00,1
b259fc5dd95613b7fcc052027e60046d3d2b3fdc,Eric Blake,2007-01-03 14:44:11+00:00,3
5107f0c95904fb114f96d21e7dffdfdb45f99605,Eric Blake,2007-01-05 03:00:59+00:00,0
34e1ce1d7285d8b94834ad82487c472cac0d6bdc,Eric Blake,2007-01-05 04:07:51+00:00,0
99a8d4311ec4c42a4a51a96b29284f8f322ff166,Eric Blake,2007-01-06 19:56:53+00:00,4
b8e2923a3902b7e32cc68db7f3586eb9c2813d08,Eric Blake,2007-01-09 05:05:20+00:00,0
7fac8ab7fca5d225c592317c598c8e7302cc9b54,Eric Blake,2007-01-09 05:07:18+00:00,0
a51df5185676e4c095603eca3f8d7fbc032167fb,Eric Blake,2007-01-09 05:10:19+00:00,0
2985bdaf4e577ce8c6f690b8705ea1e57daff01c,Eric Blake,2007-01-12 23:07:27+00:00,1
3a5607a0170e0bf784d95b7870d03bb355156d01,Eric Blake,2007-01-13 13:55:37+00:00,4
9bdb9e740307c63e53217b4ce4ec41405e1ff28f,Eric Blake,2007-01-15 14:04:26+00:00,4
99fd9856fe0051edb4209ae1e6da967df262c051,Eric Blake,2007-01-15 14:05:30+00:00,0
541074d3261d85fd29b6ef0fe94f51548746a878,Eric Blake,2007-01-16 20:23:32+00:00,1
77cb4e9ea0bf6dec8eed1696ec411d54dc4fb434,Eric Blake,2007-01-18 16:37:45+00:00,0
515426b6599db6d06cfa8c795644d898475c19cc,Eric Blake,2007-01-21 04:09:06+00:00,1
687cc3733e3a8b8aca58859cddc3f249d7e94abb,Eric Blake,2007-01-23 14:28:22+00:00,3
83328119d273bdee04dc6f0ce628559ddee94b02,Eric Blake,2007-01-27 00:25:13+00:00,2
f3190e2350bd9f763bd706b634a8e5a80450644e,Eric Blake,2007-01-28 02:54:51+00:00,0
a5ac7a1e6ad3b1c25aa7a4aad8d11e91fa20e298,Eric Blake,2007-02-01 05:43:09+00:00,1
22236e35f60c23622af6b4eeabf5ac9a19f2adcd,Eric Blake,2007-02-01 05:43:45+00:00,0
5cf13a762b6f301cd1b7714042055a8b4f1b9cd2,Eric Blake,2007-02-03 23:45:43+00:00,0
d7983931fcd4575dfdee6bffdb6f02873e6b80e8,Eric Blake,2007-02-05 13:48:11+00:00,1
7991d700efd5b1418a0c87ecc87e46908be376b7,Eric Blake,2007-02-05 16:20:25+00:00,0
bf051e7ac89c18f003dca9e398b3522b7ed30e1e,Eric Blake,2007-02-05 17:31:10+00:00,2
64034d1fcb1ec2c24683a1ab0eaaec90a5a5d4c9,Eric Blake,2007-02-06 13:46:28+00:00,0
5f6ae9178ec9a852aa0ce99e0b1466fb12e0dcac,Eric Blake,2007-02-25 15:53:39+00:00,0
7aaaa77c75ecfb86f2b19eee6aa2b8ece321c7b0,Eric Blake,2007-02-25 15:56:09+00:00,0
9dab356f81833bbd0a28172142876070d80e2ccf,Eric Blake,2007-02-25 22:43:54+00:00,0
f86e50deb0aa0c476e214b83f0300a6186e3064f,Eric Blake,2007-02-25 23:19:32+00:00,1
99b4464c8106a77ab67bea43f5935eb736f13efb,Eric Blake,2007-02-26 21:44:10+00:00,0
083f98f05fadf5b6256b7facb37a120955f58c00,Eric Blake,2007-02-28 14:36:22+00:00,1
37cb2a3e79c237941583ef92d7ffe834c31967b2,Eric Blake,2007-02-28 21:31:12+00:00,6
dcf969ac068b2082c3f524c468bb37cba4739201,Eric Blake,2007-03-01 14:30:24+00:00,0
90bf006c65e0fb7d07d5f01df855ce97e9b4d1dd,Eric Blake,2007-03-02 03:26:30+00:00,0
c4f02fd49a2c86eaa0dc5707936c112d31efe908,Eric Blake,2007-03-03 21:10:24+00:00,1
c7bd39310be5c6008087faec8809d2ec675f5c3a,Eric Blake,2007-03-07 15:31:14+00:00,1
2654772eff9c05fae432b715dd4ff5a1d9b42f2b,Eric Blake,2007-03-07 15:34:07+00:00,0
23510d8e6f3cbddcdd85cd6b2bcc3919069c2fbf,Eric Blake,2007-03-07 15:46:52+00:00,0
66497f41ef08e7571b6581a6938494ed2ac4ba70,Eric Blake,2007-03-24 21:29:41+00:00,1
cac684add6ead8a4e36ac45435a7bfbc53c0fc88,Eric Blake,2007-03-28 11:42:04+00:00,0
fb9bcc1c7c289acd124d4aa6d6ffbb86d2490791,Eric Blake,2007-03-28 12:19:35+00:00,1
777142456c1f3fac259fb25af6514980229af818,Gary V. Vaughan,2007-03-28 14:37:33+00:00,0
1722215a83e85c5d0edf5e5431925b0a08d1a334,Gary V. Vaughan,2007-04-02 12:06:23+00:00,21
5b76db460e57b65caa2ad5ebf52817cfe50524e4,Gary V. Vaughan,2007-04-02 12:28:08+00:00,2
8b29cfdba57ed8308fcf6cebe8fafffe5f483d9d,Eric Blake,2007-04-03 11:38:01+00:00,2
0272fa99f3cfa800daa5b8a8222611ad8d315937,Eric Blake,2007-04-03 21:06:16+00:00,1
3cad9b0aaa0c2343d37ba52ee5dd0ff228693ed5,Eric Blake,2007-04-08 05:06:42+00:00,12
374ac63e113433bdc1fb02e2b9c0b283a54b8255,Eric Blake,2007-04-10 03:45:23+00:00,0
4c05d5643442a9fa6ad02ce7b62bc8bf032caa26,Eric Blake,2007-04-10 13:56:20+00:00,0
9ea788db76b1c638edc23529d970066ec712de6a,Eric Blake,2007-04-10 14:39:40+00:00,0
84bda7dcc6e07958de84fbe494af9b48e5310aeb,Eric Blake,2007-04-11 15:48:09+00:00,0
ca610f04659f5f33e8a883b929dac2f52f1e8eee,Eric Blake,2007-04-12 12:30:20+00:00,0
fb204c39c80adf990facdb514781269f70166ad6,Eric Blake,2007-04-12 16:27:20+00:00,1
f6938754a664d2a924d0b01858ebe188ddeb49e8,Eric Blake,2007-04-12 17:38:28+00:00,0
4e7e4b8be694e3437dc9473d590711f617ce4b4a,Eric Blake,2007-04-12 17:41:34+00:00,0
39cb0bba1e8c57b0f74c3431964be154b981cf45,Eric Blake,2007-04-25 14:16:21+00:00,0
4d05335d92712013aab2010fd8bd85be1d41a3bf,Eric Blake,2007-05-24 12:54:12+00:00,1
65bedc1cbd322db74e0f81f73d6a246ba709d97c,Eric Blake,2007-05-24 18:02:54+00:00,1
fa8768bc7aa3153979a6a5295baa84f138fd0d9c,Eric Blake,2007-05-24 20:13:44+00:00,1
604065529af5ca84448f4c15ef31b0e279ccddeb,Eric Blake,2007-05-26 02:47:06+00:00,0
971da169f5773ac79913f1abc8092058d839a276,Eric Blake,2007-05-28 18:52:41+00:00,0
0d558ad94060c4573d2c2640444d6dc82103ff52,Eric Blake,2007-05-28 20:10:01+00:00,1
68e5fa96a5a8965b49141f877a4d162f7b0a5a52,Eric Blake,2007-05-28 21:48:40+00:00,4
5cf38c3f50ff7aa62e3951276ded232069d5f400,Eric Blake,2007-05-28 22:08:44+00:00,0
e12ff51c9cfbc0966d680a2805c596182dc4f84a,Eric Blake,2007-05-30 13:36:58+00:00,2
4f82b1e37666722c57e9e6fd2495d9c1cd694db8,Eric Blake,2007-05-31 13:26:38+00:00,2
f3859b48dac6236481b3839dace9c1c7372c49d9,Eric Blake,2007-06-26 11:31:54+00:00,0
008c842eb846a05ffa714efb084b20be0e9cb7b6,Gary V. Vaughan,2007-07-01 19:49:40+00:00,0
b72bd79d0b38ccdce3083b6fa4c942b2cbaac8d4,Eric Blake,2007-07-09 13:21:56+00:00,1
4755abc0ee9919c070345861cefd96380be2e2f6,Eric Blake,2007-07-10 20:48:06+00:00,29
3081f29cb6652e38b06df9c71a1ca3750f5b63e9,Eric Blake,2007-07-15 04:26:45+00:00,0
d6dbc1955084bda1426116253da8389bfbece75a,Eric Blake,2007-07-16 13:09:20+00:00,0
43a54faa7607e88ea67d6785c36096705f11cde9,Eric Blake,2007-07-21 03:41:12+00:00,0
656f1a04a8d5a24697ceb2be6f8d57772715518a,Eric Blake,2007-07-22 22:53:35+00:00,1
5ced71a68dc08d609d56db45882d89279df0c9c7,Eric Blake,2007-08-07 03:15:24+00:00,29
b0812dc1b4b617b289a6cde9f59c219b9c8cb5fc,Eric Blake,2007-08-07 20:59:23+00:00,1
53de61c254851eef36e693c1e25063bf1c3763e5,Eric Blake,2007-08-10 15:09:45+00:00,0
dfdfa966bc5608e3987f7227313f79648a2d6bd8,Eric Blake,2007-08-11 15:50:58+00:00,1
56353f536d22753ae2c87e0bf947c293a037fe30,Gary V. Vaughan,2007-08-30 00:51:32+00:00,0
b6a37e1a9940fed2e931d5ac51a3077350b947bc,Gary V. Vaughan,2007-09-03 22:05:12+00:00,0
c6e5f016bf148e28dc6907a07b271a080ba4792d,Gary V. Vaughan,2007-09-03 22:11:41+00:00,0
4ebe196152aec5144a84dda60ccfcc5422945907,Eric Blake,2007-09-06 22:58:25+00:00,8
c0e66b058bc953b285e37adf901431507d6c4795,Eric Blake,2007-09-07 13:07:59+00:00,0
19e35c91ebd53b2e4caba8e631fef499a3edfd4e,Eric Blake,2007-09-07 20:59:36+00:00,3
7b41678d9745d1bcab2aa85ef903d805971ef294,Eric Blake,2007-09-07 22:37:46+00:00,2
b7604d14c003a7c6ad286ab49f092a014d40d92c,Gary V. Vaughan,2007-09-12 01:14:47+00:00,10
10355982b07e7f20b85f4e9250e72f931db8e85b,Eric Blake,2007-09-13 14:03:42+00:00,0
b9ade95dc1cf8145f965d02be379bb4fd2e40b9d,Eric Blake,2007-09-24 16:36:47-06:00,0
d42dc52fba1d4afbd47a2cc352d5a1b85bc1241e,Eric Blake,2007-09-29 13:06:26-06:00,0
7dab2c5188d40c608afbe0df61d893e1019d8bfa,Eric Blake,2007-09-29 19:31:06-06:00,1
22f445f46540022e6251591aa698f8234a14ae83,Eric Blake,2007-10-01 16:40:12-06:00,1
ce70fa8eddb995fbf062bdaec5af83ea92f53b93,Eric Blake,2007-10-02 14:01:51-06:00,0
06ff2073f88f397ecdab5f2b095c98f3a4cf9f9f,Eric Blake,2007-10-06 15:58:57-06:00,0
2243fca7d2467700d05ea05c650115702cb49ab0,Eric Blake,2007-10-09 12:16:29-06:00,1
394083c7c6df499eedb10173ac838aced7d00a34,Eric Blake,2007-10-09 13:55:37-06:00,1
8cdf04b3b237b97163652f52b32ecb17679e2a27,Eric Blake,2007-10-18 10:45:16-06:00,3
f9d8c9ac448afd144085adb30ca5d23c3a0f1351,Eric Blake,2007-10-22 14:57:28-06:00,11
e8bf3ba075c1946f66e302f187b9012f26a742a2,Ralf Wildenhues,2007-10-24 15:43:51-06:00,0
85920dd1b26a268744d8da4d4e6d52843b77a36a,Eric Blake,2007-10-27 06:15:51-06:00,0
63e4aec38e5573ec8a774f5a6e467332826f5d95,Ralf Wildenhues,2007-10-28 17:20:30+01:00,0
d9274c9c964e7c610833e77eca4fb9fd37b00200,Ralf Wildenhues,2007-10-28 18:27:38-06:00,0
91b8f5afc665a8ba0cc2b0f06f371d4ae475809a,Eric Blake,2007-10-28 21:26:41-06:00,0
8cf99d7ccdace1cddb3db6a127634afc6dcf06b5,Eric Blake,2007-10-31 08:50:30-06:00,0
7c180fa335356cd55727a75979554b0d6f1e2c2c,Eric Blake,2007-11-01 07:08:35-06:00,2
26e81bffc9145212893274b1c55779d395bb16cf,Eric Blake,2007-11-02 17:03:01-06:00,0
4ccde147dd426daa27b2bbaa9bfc6d3587e9ddd4,Eric Blake,2007-11-02 18:42:16-06:00,0
270995012df7ec0ba36116e760ea5e08a65db4ff,Eric Blake,2007-11-05 13:11:17-07:00,0
639eaea0351edb82552a5ddce2103207b5e40e08,Eric Blake,2007-11-05 13:14:03-07:00,0
67f198b7abacaa5e7958ad8892b82de32d7c75cd,Eric Blake,2007-11-06 06:14:37-07:00,0
5318dab180e2d652f64f928a405ede32539c7f57,Eric Blake,2007-11-06 06:29:27-07:00,0
e339c7dd5269ea4f5da63606ec6348ee3e6fe7c8,Eric Blake,2007-11-07 08:13:43-07:00,0
b4a3bec5f9cfec145db6f4cb281ba1673ca6bfc6,Eric Blake,2007-11-13 14:08:16-07:00,1
969296fe02fb61b739d606b3144d6410ed5cd793,Eric Blake,2007-11-14 16:39:43-07:00,1
f6e28cf9c7345716927f6279f22f085ccfbcde77,Eric Blake,2007-11-23 15:18:40-07:00,15
b6c03a0e43954549ed8724b770648678d6cf4edb,Eric Blake,2007-11-23 16:14:17-07:00,4
32ab6f9f819643ec7187bf1680d582eb8f131774,Eric Blake,2007-11-24 07:04:18-07:00,7
14b2ffbb82eb22cd36b1703a5501ee87ea51c45c,Eric Blake,2007-11-24 16:23:47-07:00,6
5d2ce0f461d5d77cf098fefddaa2ac9c15a95a4b,Eric Blake,2007-11-27 10:15:48-07:00,6
8e1fad3c14b6308edd5f61c1f8f0d5a0e6591547,Eric Blake,2007-11-28 06:45:20-07:00,8
17a806c25764db643660d374bc6263a7e42d93ab,Eric Blake,2007-11-28 14:03:48-07:00,13
6128996ce3111b5fe1f7d879e11af37c44ee3a92,Eric Blake,2007-11-29 21:26:22-07:00,5
38cd6cb274a8766048373d37b89163fb5d4176ff,Eric Blake,2007-12-04 06:43:29-07:00,0
edff3edfb0438a3047fb7208a34404c3b76513e5,Eric Blake,2007-12-04 09:00:30-07:00,0
bcb92cf23ae09a5e3a0c8f5f8d2a991245918ede,Eric Blake,2007-12-06 22:14:22-07:00,9
b8122b55893c4f55a4a64d65744ee78b67b5b6a5,Eric Blake,2007-12-07 14:11:21-07:00,1
a9d31f373b211f8790ee4b79c5e85943bf9fab9e,Eric Blake,2007-12-08 21:05:11-07:00,7
8f276ee65769eae767a638b98d354fe1c3b2700d,Eric Blake,2007-12-11 09:36:08-07:00,4
47601130776e37dde6f06d9891a1b3d8179cf423,Paolo Bonzini,2007-12-13 10:53:14-07:00,0
73b09111770c4e712b08e08f412ccbdc4e476139,Eric Blake,2007-12-13 10:53:26-07:00,0
81c857b17c954573a75f702ee38fb9b45e799942,Eric Blake,2007-12-13 11:47:55-07:00,0
fa34c3f77687fac1d5264955e11a7c704a89e875,Eric Blake,2007-12-17 09:28:39-07:00,5
e38bf1ca50e3c5038fab27266ecb3ce3d1a0296f,Eric Blake,2007-12-20 10:56:29-07:00,5
0706b4d0de3ff3d43661911899f8eaf25498adb7,Eric Blake,2008-01-09 09:37:50-07:00,0
1cb7815415079b947f6974d7708d6da4a659783a,Eric Blake,2008-01-14 21:43:02-07:00,0
e173b6eba5a368103502f281805dd38489475447,Eric Blake,2008-01-14 21:55:45-07:00,0
782e3ac755755787d87a5057a6631329661be3ed,Eric Blake,2008-01-16 07:28:32-07:00,5
5307d448bacdf7f588a95f7bc44c520ce80827a6,Eric Blake,2008-01-21 12:04:45-07:00,4
28cd2024b5c84141f2c3cf08602141b33eadd85a,Eric Blake,2008-01-22 11:53:46-07:00,0
bf389f4092e0b674a521291b2c6f5862fd14072f,Eric Blake,2008-01-22 13:35:00-07:00,0
12bef65fbdfe4bca86718273e61a70e4828c620f,Eric Blake,2008-01-23 18:10:40-07:00,0
29a7a47303ce73626300a1e3fd09f623bbd57e60,Eric Blake,2008-01-25 22:45:17-07:00,3
726430fec6c0f3807f8f9e4d2c681f5300dc7694,Eric Blake,2008-01-25 23:49:38-07:00,7
88382ff9ef2efddf6279fb8af908ddd07210e70c,Eric Blake,2008-01-26 00:08:48-07:00,5
ccc250d2238b57b313c54921b57fc078e5bb8220,Eric Blake,2008-01-26 21:39:25-07:00,2
71c6a7d82b7519b73b43671187419c9d5d0a7676,Eric Blake,2008-01-28 08:03:16-07:00,0
7716bd11c4d8c59919568c5dc9f787c3a1c0eb40,Ralf Wildenhues,2008-01-28 19:23:19-07:00,0
c2f1e561a36e39a2fad6655cfc3ca7a87782934a,Eric Blake,2008-01-31 21:35:27-07:00,0
fdc33823e6a6e77d38d44c31a3ff3072509a2445,Eric Blake,2008-01-31 21:44:38-07:00,0
410176a44990a565e22770e7d66bbc739cf0dcb4,Eric Blake,2008-01-31 22:22:32-07:00,0
89ceca3d1d57ea666822040018b5036d84c087cc,Eric Blake,2008-02-02 07:33:34-07:00,5
7fe816278fe35846cf4f02e8ca38e050fd10506c,Eric Blake,2008-02-02 07:34:08-07:00,3
9123df1a730177cdfcd9cbbe17c5275c9473bccf,Eric Blake,2008-02-02 14:55:08-07:00,7
74f73804d6c375516ad834a9db980afea286fa4c,Eric Blake,2008-02-06 11:17:29-07:00,0
4f1f438e49632dbd5c5061d8992498acea8cf4b3,Eric Blake,2008-02-06 12:01:29-07:00,2
5e49a742b46299c471ad3d54faa487f073a51538,Eric Blake,2008-02-11 11:19:18-07:00,0
7a7a1413755c74b416295b13fe90eef3bffa7345,Eric Blake,2008-02-11 11:32:12-07:00,1
4af40c4d6f65e3d311ef4643b6b3bdb9729a9db6,Eric Blake,2008-02-11 07:14:20-07:00,8
e3dce8bbfdf9b917089814b081c80fb40958e1a9,Eric Blake,2008-02-13 19:02:33-07:00,0
7f0b47b96e8872513aae3a4e3819aef6d799e6bd,Eric Blake,2008-02-15 16:46:50-07:00,1
5d083e4726ed578b093aaf82e2a5a542f5815dcd,Eric Blake,2008-02-15 22:12:03-07:00,4
06991b51ef43dcbafa3d878b2beefd1dcc00adc0,Eric Blake,2008-02-16 14:39:41-07:00,0
2e81b080376fcc4f3362a0c4810de084371c87d0,Eric Blake,2008-02-18 06:24:08-07:00,4
daed50d635fad7a37f7d050926dfe04d96af5ebb,Eric Blake,2008-02-19 08:59:45-07:00,1
b5b24ec23ec1f242e8d4f3571ec288d9d03fd58d,Eric Blake,2008-02-19 12:18:05-07:00,0
85a18b6adec624c57168a04f74eca94f5a53d721,Eric Blake,2008-02-20 07:57:41-07:00,0
3ec47b1812dfba17c1f34992d74d1ed7c6e7950f,Eric Blake,2008-02-20 17:11:02-07:00,1
50fe32db83b154f2dae2f03a71a1049050a43ebe,Eric Blake,2008-02-20 20:07:14-07:00,0
def1f82375ed7f310bdd8d8e1ce0c2cd9c64e2c6,Eric Blake,2008-02-20 21:37:30-07:00,6
47f7469edbec86cf88d98f448c58ce1916bab812,Gary V. Vaughan,2008-02-22 00:15:28+08:00,1
2cdf327333be152135f021988c8e0eb6f3e10b51,Eric Blake,2008-02-22 05:43:04-07:00,3
ff7e7bf197df21b3e98eb54759ecbc8f8448dc8d,Eric Blake,2008-02-22 12:57:57-07:00,0
cfdd338da41015cee1ec0691fae84607d145e2ac,Eric Blake,2008-02-22 19:54:48-07:00,1
a3952d3933e72d8bfd77b2fc31b911e9982e7ee0,Eric Blake,2008-02-29 08:28:17-07:00,0
9eb0ac9c38938db0de84f77b2d062c55cb7817e3,Eric Blake,2008-03-04 17:22:55-07:00,0
2510870d46c28568affaa04f31462cd77fcf36f8,Eric Blake,2008-03-06 20:56:44-07:00,1
951a9ef5bbd7eda50bba0ec8b28d57bfbf85c87e,Eric Blake,2008-03-13 12:06:23-06:00,11
d621af1bae17e8f6dc2384b71acab9ef21ef51bd,Eric Blake,2008-03-13 13:43:15-06:00,4
2f49d755e50a574e5a772893f3f5d683495084bc,Eric Blake,2008-03-13 13:48:49-06:00,14
a2df6b461c098df5a505d79d119538b3a294e301,Eric Blake,2008-03-13 21:01:39-06:00,7
6b1c5a2cbd84a5eb48fe352b7bc8c0568a020d62,Eric Blake,2008-03-15 20:52:36-06:00,0
44c6706b4fa8c438df0f1ff44a5da6e2b3f8b294,Eric Blake,2008-03-17 08:16:45-06:00,0
1761b0d68f12c701abfdcf0a36d955f787849e3c,Eric Blake,2008-03-17 16:03:57-06:00,1
6608fa6d084d320401f049b259adcf6b383eaa43,Eric Blake,2008-03-18 14:00:39-06:00,3
359f9f0c4c790aeceedb395eb11813b388cfe60c,Eric Blake,2008-03-28 06:44:20-06:00,0
0b8410450c789102f46f2ee21aaeb304737e828b,Eric Blake,2008-04-08 12:12:53-06:00,2
d77ce2bf23c81091d9844c7052f50ba80005e6f6,Eric Blake,2008-04-09 16:51:52-06:00,0
e098cd5590ef999997130522698cbccc9e083930,Eric Blake,2008-04-10 11:09:03-06:00,0
38f06945a35f382d5f7ab12d8d32184d544ba234,Eric Blake,2008-04-10 11:51:27-06:00,2
49e254060b37619143095d979c9ad087ca57bd05,Eric Blake,2008-04-14 06:31:13-06:00,0
eef195f8cdc361d819914e82fcf2b0bdf559000c,Eric Blake,2008-04-10 16:27:47-06:00,0
03c4e545afedafff51cce3a73aec5172482c0120,Eric Blake,2008-04-14 17:14:33-06:00,1
b6964b5f0e6b81833bfbf1aee8bb49c35b09c3f3,Eric Blake,2008-04-14 08:16:32-06:00,1
0fe33c9c7dbdbbf98255a8779bf179854753df61,Eric Blake,2008-04-14 17:02:36-06:00,6
ce0c0b372d8f63ba391fe099a7f145d3c7b2ed2b,Eric Blake,2008-04-15 11:20:30-06:00,0
404e78ea543a099810bd61e42fe5623c50cff370,Eric Blake,2008-04-15 13:41:21-06:00,0
693e6ecc7448f782c2db9fc148c6876178d8b199,Eric Blake,2008-04-15 22:19:00-06:00,0
97a7769765cde8e9bbff022001e475b07f7bbaf2,Eric Blake,2008-04-17 09:06:12-06:00,1
5b54035664c95dbd4adbce0bdefd48eb3aa7bdd3,Eric Blake,2008-04-21 16:27:01-06:00,0
118acde8f302a12d6d11cd8fb63a79e221aaf8bb,Eric Blake,2008-04-21 14:57:23-06:00,0
e6db1ee757abb49a7e739dc70a34dc8a14562e87,Eric Blake,2008-04-21 20:57:45-06:00,0
c3e7dc183995ae374f6aedec21893b23196a5b39,Eric Blake,2008-05-01 06:53:47-06:00,3
6abccf89a8f468530209cf5b2f6178ab343af2a4,Eric Blake,2008-05-01 08:53:18-06:00,0
1dd98ea10e065300cfa110b7305362c1f12ed00f,Eric Blake,2008-05-01 12:05:03-06:00,4
bc9b4d7bf16c7571efe03debaf2c6f1d52a6a08d,Eric Blake,2008-05-03 13:31:14-06:00,0
c2a2811a8b81dac7b090dcd6f584742fed6dd085,Eric Blake,2008-05-03 15:22:23-06:00,4
d74cecd6377345903ba25c9d9b82729324fbbcf8,Eric Blake,2008-05-07 11:22:07-06:00,0
b9738adbaaf9c8f02c97c6179b9e595a0d28121c,Eric Blake,2008-05-08 20:39:16-06:00,4
c152c4f99c322d676f61732c6e28e8b19b56b736,Eric Blake,2008-05-09 06:17:16-06:00,0
43173c1ade54a595a488e750dfba700c89b9fdb8,Eric Blake,2008-05-10 09:16:04-06:00,1
4fab2788576b9e10374138be453620a05c95c7be,Eric Blake,2008-05-13 06:25:46-06:00,1
9f8edd91d4dcab4e1735f02253c32a55c62f2aac,Eric Blake,2008-05-13 09:30:04-06:00,2
4bf9e9424e244e2db1fe28bd8d7f73ce56c0dee5,Eric Blake,2008-05-13 11:42:10-06:00,0
91ba13aceb917fe33fe652fcd3a407d220fe297d,Eric Blake,2008-05-15 10:59:53-06:00,1
63274fef7a86432e88938c6787b6e7d4deb4dbf2,Eric Blake,2008-05-17 21:48:41-06:00,1
19c823f477a093cf19c9d79886e73eb0c0e2edd4,Eric Blake,2008-05-19 06:19:07-06:00,1
28b96dbbd1eeb0e1fc1b0678735cacaddebe3595,Eric Blake,2008-05-19 06:57:38-06:00,0
a8e726e4bf47514e770f5885e416f92f150419a9,Eric Blake,2008-05-19 21:58:16-06:00,1
ee816a2224adb2a9eb20c4e5787875cd385437c3,Eric Blake,2008-05-23 06:20:40-06:00,1
cee1cf959014278f8efaf02c251c69b8ad577747,Eric Blake,2008-05-23 15:03:46-06:00,0
a858ceb9ba54912fce6ab53706c719385e41f415,Eric Blake,2008-05-27 10:57:01-06:00,0
619ee3771a036189a4a2a7372062d7bb6351a0f2,Eric Blake,2008-05-27 13:59:24-06:00,0
19b3394db9c5c2f7087b5398a2319981d3f3544f,Eric Blake,2008-05-27 16:38:42-06:00,0
b365ac707f78650ff719f3a295ac0d4c1a6521a2,Eric Blake,2008-05-28 20:16:23-06:00,2
c41ad82fe554e33048e1ef60c4600e602c7207e9,Eric Blake,2008-06-02 06:41:48-06:00,0
3e33a6b3b9b2529939136c34b1e88bd3ee87a172,Eric Blake,2008-05-21 06:59:01-06:00,11
a3aa897fc496179ff7bdd0fe6cd42a9e298e8473,Eric Blake,2008-05-28 06:41:53-06:00,9
50c5eb094704ebfe272b695a89ad35280a40a716,Eric Blake,2008-05-29 07:24:16-06:00,4
e8a049d48816579cd04d339724779f414077fec3,Eric Blake,2008-06-03 14:16:14-06:00,0
f3979adfaa91df2a36e75dda11f6aae84149ca85,Eric Blake,2008-06-03 09:08:29-06:00,0
ec19d062daf1e3402fefa1f81f59a9460a878e9d,Eric Blake,2008-06-03 09:17:42-06:00,2
33ac212bed1448f8fd9b87f94f4c1c79461f2eaf,Eric Blake,2008-06-10 07:00:29-06:00,1
b4c7d8547c2072cf84237d2abd3474c17b009081,Eric Blake,2008-06-16 07:09:24-06:00,12
c05ce945d2a377eb37365eada8f0dc402479a94e,Eric Blake,2008-06-14 11:02:12-06:00,4
7ae3299164295bb67a1c8ba46d64e01e7e82d4df,Eric Blake,2008-06-18 06:31:44-06:00,5
488e0594caac30004bad8ec4e6ad61b749a8bd20,Eric Blake,2008-06-18 06:33:22-06:00,0
ea86620b156b2b008bcedacf1eeb9696f21bfa3a,Eric Blake,2008-06-19 07:20:32-06:00,4
fd01bdc92e3f0c6de53ad8d61e44e3a81d520577,Eric Blake,2008-06-23 08:48:14-06:00,0
1fa16dbcc735a46778cd4cffb48dcf507fb1ab3b,Eric Blake,2008-06-23 16:21:27-06:00,0
46b57220ee19890aea59e790c7e03f7291f13f07,Eric Blake,2008-07-11 07:34:30-06:00,0
3f65aa84e013948949e674e3970b5569383e7455,Eric Blake,2008-07-11 07:43:03-06:00,0
02a5291b279c2523ef95f39c12bc07bcd9fdd177,Eric Blake,2008-07-18 09:43:22-06:00,0
9ede0e4cda99d061ba9cceb07a8b11efb69a7049,Eric Blake,2008-07-26 16:42:15-06:00,0
10c8443af9ee9497b9bb896cfd0475208aefe9fc,Eric Blake,2008-07-28 16:38:17-06:00,0
0db7c1504d4bec63381e1bd6385d8a8ded8f309b,Eric Blake,2008-07-30 11:23:21-06:00,1
aefa7adecf8d255496f5d06ffa35491c86793d47,Eric Blake,2008-08-03 17:51:31-06:00,2
acb5619a320c331d846e1a4ad51cf9b72829e5c9,Eric Blake,2008-08-03 22:23:11-06:00,5
2231a48eb7d4a068eae671542ae256f850a60c01,Bruno Haible,2008-04-04 06:15:34+02:00,0
39e9b179978e9de63c42f847ac55da88c4ca29c2,Eric Blake,2008-08-18 14:31:36-06:00,0
c6142860f91580baeeb594d56dbcebd5c8a25578,Eric Blake,2008-08-18 16:29:30-06:00,1
67b3df0525590a61db71bab023d11cded89a024e,Eric Blake,2008-08-21 09:14:29-06:00,0
8eb70fbb1969717d7cfefea93ee9f117fd3933cd,Eric Blake,2008-08-18 07:22:44-06:00,4
c70fbd65dd345fa4c96b9ca631d70424c644cbc7,Eric Blake,2008-08-23 22:51:03-06:00,6
279e3c2077bfc53546d1c1b526ab454e04cac239,Eric Blake,2008-08-27 11:48:57-06:00,0
1403acf46f9ecac8ad796e8c618f33082667f840,Eric Blake,2008-08-29 06:38:21-06:00,0
0052651d855f65a3b22f05a580d9003d616bd260,Ralf Wildenhues,2008-09-01 06:42:52-06:00,3
1948a3f2b75f967d540b37bea3485282e407c922,Eric Blake,2008-09-16 05:51:41-06:00,0
d46d4cdd7e8c0edef237818f7f254130d346cc97,Eric Blake,2008-09-25 07:17:25-06:00,0
4a5040d239a6afca25f52b4fc8e37c0aa020eb6a,Eric Blake,2008-09-24 22:02:45-06:00,1
21d7d8d495676649673124f16448b6576818fc1f,Eric Blake,2008-09-25 22:16:57-06:00,6
22f0a1243d291d8299c210417192ee4ecd707abb,Eric Blake,2008-10-08 22:00:39-06:00,0
e21aa9fbd79d2080084ce108b8d5e3569f19756f,Eric Blake,2008-10-09 17:08:01-06:00,0
85848c00f2f6547c1f6416b0441c749e7658471c,Eric Blake,2008-10-22 05:49:47-06:00,0
4d5741bdd992359d147b491ccded2d65c887425d,Eric Blake,2008-11-04 09:48:27-07:00,0
d57af1812ef0a22dd4c40e36c1da2770515dc75b,Eric Blake,2008-11-26 06:59:27-07:00,0
b208b7e04a6a208fd74ce0eab0d28eee6c1a4f53,Eric Blake,2008-11-26 11:24:19-07:00,0
ab130a12adda799e0115b6bfea07b32750f49cfb,Eric Blake,2008-11-26 13:10:42-07:00,0
c6628fa51d6c7756f38d1dfaa2055656446ee93a,Eric Blake,2008-11-28 08:01:59-07:00,0
41d0c77062c8046730101d82b56f682edc70957e,Eric Blake,2008-12-02 22:51:14-07:00,5
789d06f131983794a089ad6c09e79e3613ac132f,Eric Blake,2008-12-09 20:56:37-07:00,1
50aba86fb9b76d2371385d2a042101ee30fda337,Eric Blake,2008-12-09 21:23:44-07:00,1
01c5807a56be04620dbe3ff50f72358ef1ed88ed,Eric Blake,2008-12-13 21:59:57-07:00,1
c28c0d455f7e28ee1bac21ab398dbe3d010b502a,Eric Blake,2008-12-10 06:15:53-07:00,1
64df649442038cace6b063fa5bd36c7007193dcc,Eric Blake,2008-12-10 07:16:51-07:00,1
dac0f533e2fdd06e0ff5948b6f03042fea3d9402,Eric Blake,2008-12-18 11:02:39-07:00,0
c8b753e292542bcda27b335a6b4d2e7f4eb85c9e,Eric Blake,2008-12-22 10:16:58-07:00,0
180376508cd4345812278d896024a3f3cd5746d1,Eric Blake,2008-12-23 07:32:28-07:00,1
268aa74a4cd66160d4c589572294e50f455c2069,Eric Blake,2008-12-23 14:40:57-07:00,4
c557201fd9771b93dd5b3193af322d7d86a4cf45,Eric Blake,2008-12-24 14:34:06-07:00,2
e6819ca240b76700f07c31ba157f7795caada02e,Eric Blake,2009-01-05 15:38:45-07:00,0
ae9dfa87a514d290fe349710a9f643d52856f4ba,Eric Blake,2009-01-06 22:03:27-07:00,1
6502f317d49a62e0fffca97793bf923cf7897918,Eric Blake,2009-01-07 07:21:35-07:00,1
3998b3ad447a3200ce8a040b860a8fd0e109850b,Eric Blake,2009-01-24 13:13:40-07:00,1
3aa86615d46144acfff9b7ff60cdec4f7cc2a43d,Eric Blake,2009-02-09 11:22:57-07:00,1
052319b635abea0efba90930031d9c0899dcb0a8,Eric Blake,2009-02-11 08:49:43-07:00,0
185b10ba33786707f6478b8315e9527151f60902,Eric Blake,2009-02-05 07:47:32-07:00,6
5b4325856360a5d8836f13f17938b1acccd422cf,Eric Blake,2009-02-07 18:50:21-07:00,3
3e12364a5a32e5947b0c31a2ee6dc5351b7af5e6,Eric Blake,2009-02-10 14:24:11-07:00,8
8c26ddfb1acdeb708111c2f410027af0dc25978e,Eric Blake,2009-02-12 15:29:53-07:00,0
efb88298e6f6933335f9cdfb1d96753271052efb,Eric Blake,2009-02-13 06:02:22-07:00,1
a2cdd6be73989df7e62caa8bfc55327fee3c9fac,Eric Blake,2009-02-16 06:21:20-07:00,1
1e2cb352077020f928c9e6c700880276ea79d729,Eric Blake,2009-02-14 06:58:08-07:00,0
e5632a42071a39b1e6988533aeb2aeab16188b85,Eric Blake,2009-02-14 10:14:34-07:00,2
267f56e7699f2e506cc977fc4c96b4dea6626fd4,Eric Blake,2009-02-16 07:02:03-07:00,2
0e14ae3e78f06cefeabb61ca23ddbdf00afc2a00,Eric Blake,2009-02-13 07:10:36-07:00,1
047d480cdc9ff71e4e3228017ca24a83737cbf1f,Eric Blake,2009-02-16 08:52:48-07:00,1
10fb79cb4f4a4cb6a174d628c3304fee61596ff8,Eric Blake,2009-02-17 07:13:51-07:00,0
cc55111948ac37d1dd492bbef85364bf08ed2d2d,Eric Blake,2009-02-18 06:56:38-07:00,3
7c675b594080836fde2aa524ef7aa504c46e5069,Eric Blake,2009-02-18 14:20:46-07:00,0
4cd6b69ea7747052d12c0f2c4c28be082b030b00,Eric Blake,2009-02-18 12:03:03-07:00,1
028f5c5976a35256f5fa3804f33292a75ba56c6e,Eric Blake,2009-02-18 11:38:54-07:00,1
d8726aac7acd47435ad3e4dedef44d01cd828dc1,Eric Blake,2009-02-18 13:36:15-07:00,4
4da8364d3193dd976df9b89f87fe63bb2c82abd2,Eric Blake,2009-02-18 17:07:58-07:00,1
15d8d148b77d5b94a1999a7223fc718f374a1b04,Eric Blake,2009-03-04 06:29:28-07:00,0
dda0922ce08566dc37d4521495f78a0fbc9bc5f7,Eric Blake,2009-03-02 06:53:23-07:00,3
54a1ab447fc79ed0f817e6b8e140ac2fd49b6e62,Eric Blake,2009-03-02 06:54:28-07:00,1
979fcdc4cfe76c0df7e3ec6450df03a366e5f3b7,Eric Blake,2009-03-02 15:08:31-07:00,2
2eb2fe897ad172856543e09aee26db4f52090904,Eric Blake,2009-02-26 14:27:34-07:00,0
59344a14f7d2c95b185c8a7f9a79e63968e7879c,Eric Blake,2009-03-12 19:25:01-06:00,0
5d63e9d0496586df3f7054802463fc7c5631cd0f,Eric Blake,2009-03-13 16:36:07-06:00,0
44a3615b7b82cbe0fd1c4743ff4d593f00796261,Ralf Wildenhues,2009-03-19 20:18:54+01:00,0
993cc5e94d2546ae7bfcb99cf749edb61a13efaf,Eric Blake,2009-03-19 13:51:31-06:00,1
33434cee444ebefb51734ec286857e7639500ad3,Eric Blake,2009-03-20 06:54:12-06:00,0
566a4c43721121f1f6ecd7c40e3c14a5bcad74e7,Eric Blake,2009-03-23 10:28:56-06:00,0
bef627e9958aeaebbd6c00fc7be9b18bdc2c902a,Eric Blake,2009-04-16 06:32:23-06:00,0
440f0586e336c7f441e1c51237dade20b2d34b22,Eric Blake,2009-04-16 06:46:28-06:00,0
9911d26bfd1b962cb3f1a8faa9f456d1a2499bd4,Eric Blake,2009-04-16 12:02:35-06:00,0
df44f13f5e4722cf9bae00e906e1c69fd3354e77,Eric Blake,2009-04-21 21:55:57-06:00,0
ab014edea195ad492846d916e7a8eddcee42d9dc,Eric Blake,2009-05-04 14:47:25-06:00,0
8bd67d9a23c7189e0cb9cccc1dd5ad4a166c4f6c,Ralf Wildenhues,2009-06-12 12:20:14+02:00,1
e6a31a7b140bc717b5320e1dcb588eea46a6839c,Eric Blake,2009-06-13 08:04:12-06:00,0
db30dc297c6c4ba4d333120820d935304d804c46,Eric Blake,2009-06-15 09:46:34-06:00,1
f34670cd27a43e50989558c33fc0cb5f6429efb7,Eric Blake,2009-06-15 10:12:51-06:00,0
815b5191f5a984d8d5c62d94dbb6e1f5768d2adf,Eric Blake,2009-06-15 22:13:40-06:00,0
6033d89900055dc73c1f2f7dbe5c956f4cadc334,Eric Blake,2009-06-17 20:04:15-06:00,0
14b8a31efabcfcd3add902710063d1381576fda2,Eric Blake,2009-06-26 19:27:48-06:00,0
724c9cba4f9e8f7925d93f5aaa9899de8fa37f30,Eric Blake,2009-06-26 20:35:39-06:00,1
db2b33bf92064729e8efde7f3342c3ee8014032d,Eric Blake,2009-08-17 11:58:32-06:00,1
f6e75bf0240fbf2b4e7f5dfc7d70de546241bbdd,Eric Blake,2009-08-17 12:09:04-06:00,0
7873c5c3cd64575aec4b69de326aa683309d4ba4,Eric Blake,2009-11-26 12:58:05-07:00,2
29164ffd1488e4943494d25f79b35836d6b91231,Eric Blake,2010-01-04 12:02:04-07:00,0
652c73271aa3feeb9ca1524ba2af8bd48929b931,Eric Blake,2009-12-14 14:11:22-07:00,1
dc9d4612150ed7f515739af6d8dc777744c528e1,Eric Blake,2009-12-28 14:09:35-07:00,0
2464644c1e3359a7abe15c3f28c0948be612c8e8,Eric Blake,2010-01-04 14:04:03-07:00,0
1270f0e114d5b7f442362a4952f185920886045e,Eric Blake,2010-01-04 14:12:22-07:00,28
cdff6b56f2f9e848722f93e45803be19609641b5,Eric Blake,2009-12-14 13:52:15-07:00,25
2dd310abfba78bf2614ee8d5e9e77d95145f5e01,Eric Blake,2009-12-28 11:51:58-07:00,0
f224a4967f21b643b79bf79b61d4ca6853203f28,Eric Blake,2010-01-05 16:17:02-07:00,25
3117f7ea6a22ea5b32877180b460beffba5ca83f,Eric Blake,2010-01-04 15:14:55-07:00,3
d9b1e85c32afae7cd1fd11d1d920e8d8dc196c21,Eric Blake,2010-01-04 16:56:22-07:00,3
26b4e1ec676c285bef3209f85e82dc23143b1211,Eric Blake,2010-01-07 06:25:50-07:00,0
8b8afe81fe7dbda9cf1dea6c18a1b4d56e871c7e,Eric Blake,2010-01-07 15:57:38-07:00,7
2bedb20e510295151457d8759bcd1e34d97af561,Eric Blake,2010-01-07 10:25:33-07:00,0
747b093a76d4934534994ddb8c0ddbb33b593f8c,Eric Blake,2010-02-24 16:20:45-07:00,0
c2c3cad235534230e9287770c0db4652d3b4833a,Eric Blake,2010-03-01 23:12:37-07:00,0
861325a84f231a2a2da307b53ef5ff527d67e876,Eric Blake,2010-03-01 23:35:57-07:00,0
95e4dd3ece5900b60f3b8f1ca5dc891e1eb66325,Gary V. Vaughan,2013-09-15 15:31:18+07:00,0
6acfba742fe0ec50cf76903f442eac7a19638ece,Gary V. Vaughan,2013-09-15 14:04:21+07:00,0
4b680592787adc2c3dcd0f56d3cb0aada7590430,Gary V. Vaughan,2013-09-15 17:51:25+07:00,0
e0ef76d17a1380ccd412ae191ecbf3e63b88531e,Gary V. Vaughan,2013-09-15 17:56:45+07:00,0
f8a843fae07daca14262242638e4d3be9445dc01,Gary V. Vaughan,2013-09-15 18:09:14+07:00,0
fd5af29d49ea6fd34b626557e3264f0ba9ea443b,Gary V. Vaughan,2013-09-15 18:50:02+07:00,0
6bdb0a4b75b44bf8e809b874006ff1975eaa690e,Gary V. Vaughan,2013-09-15 20:51:11+07:00,0
c81cfc2881f76fe9d03bdcba7dbf2825120aa023,Gary V. Vaughan,2013-09-15 23:24:11+07:00,0
b2ab4cfa23e3c21273253dfbe68b3b446431b6b4,Gary V. Vaughan,2013-09-15 23:34:34+07:00,0
096d5ffe33d14184e64dad2da9741f3d3138763a,Gary V. Vaughan,2013-09-16 11:07:23+07:00,0
076b2ba6c0de5d11cea357954c9a7d7b9e1a9419,Gary V. Vaughan,2008-05-06 14:34:08-04:00,6
43c26686a1c9c8ddfbb440585120a0f1f69284f3,Gary V. Vaughan,2013-09-16 15:45:04+07:00,0
4fd283fbe2fc63950fb615c6f25d817709146fd2,Eric Blake,2010-06-04 06:07:38-06:00,1
582164eea092acf5a9f361df0f48fc469b89a82a,Eric Blake,2010-06-04 09:18:08-06:00,0
795022805e28ef82860d99f028235597c6a42f36,Eric Blake,2010-06-04 16:44:37-06:00,0
937ad974a4be5801fc9d29b10bd780afb44b02b3,Gary V. Vaughan,2013-09-17 20:08:27+07:00,0
9f4537ee1c703e7498f9213bf96b2163b0892712,Eric Blake,2010-07-29 07:25:33-06:00,0
20fed4bd1a58faf82c06ac9864db82a9dc74f0b4,Gary V. Vaughan,2013-09-17 20:21:28+07:00,0
37ea22baf81a4e3fc0896e3d6ac23d821ab1aa76,Eric Blake,2010-08-30 12:08:47-06:00,0
95d7405a7540f91f67a505fa6458bde3d8e31f79,Carlo Teubner,2010-08-28 16:19:16-06:00,1
2fb0cd6641e3223474ac2487605938cfafc7f540,Gary V. Vaughan,2013-09-17 21:26:23+07:00,1
0fefaa2219724ceaa56c4eb30a9ce99a635cc071,Eric Blake,2010-08-30 15:52:27-06:00,2
0deacea8902c00062fdc91ee67ce137a87a647a1,Eric Blake,2010-10-21 11:44:48-06:00,0
e651af07a6e61976af131dba3d028bcf73312a6e,Eric Blake,2010-10-21 12:24:30-06:00,0
fbcce6f63f9c2dc2f0a54f5217cfb4c4ed4d8a28,Eric Blake,2010-12-24 13:17:32-07:00,0
f59ca8a7e78ebfebb6be24e6b731e7da795ae7aa,Eric Blake,2010-12-24 13:20:48-07:00,1
cbc2d84210a693a84e74f6524f754673182374c6,Eric Blake,2011-01-03 15:58:49-07:00,0
e926b57609bc28600396e482d6f4598816d0dc87,Gary V. Vaughan,2013-09-18 13:19:16+07:00,29
aef4d681e405d840aa2b6c5dcebdcd809dbf6c79,Eric Blake,2011-01-25 19:33:53-07:00,0
d3ac3947560b01e468796e4160b57b12970c4eb7,Gary V. Vaughan,2013-09-18 13:38:55+07:00,2
6d0394c1c23957e387e4d860478ed06a3f5f5fed,Eric Blake,2011-02-07 09:48:11-07:00,0
ab19c9ba16801de7dbb6b94cbd3af427d46461e1,Eric Blake,2011-02-05 15:55:17-07:00,0
f9abad38cf4bf42d32c6c8b48250f1483374786e,Gary V. Vaughan,2013-09-18 15:00:52+07:00,0
0585a54b4a126cdd35df9e4a9a234cce94a17ff6,Gary V. Vaughan,2013-09-18 15:12:19+07:00,0
f9cece52f95847352a2a7e3bf9e3f59a5ae90816,Eric Blake,2011-02-26 17:07:33-07:00,0
2f206e2b7a583a8d2df39156b481a641d9393439,Gary V. Vaughan,2013-09-18 16:27:34+07:00,0
deda5d4549291f15579b9c8ae4f9b1f862bc73bb,Eric Blake,2011-04-30 17:50:21-06:00,0
390d259efe8e1c7e4b6babb4738fef7427416857,Eric Blake,2012-06-25 22:03:04-06:00,0
2bacbb871b9dd05362405cf2ceedb32a0f6d14e2,Eric Blake,2012-09-01 10:46:38-07:00,0
4c0e23155dbd417bc6ede1d03107e8870aca60fc,Eric Blake,2012-09-04 16:53:19-06:00,1
32e2df2076b380916a3cb0d3ec2b0478cce38c21,Eric Blake,2012-09-01 12:35:00-06:00,0
2695c2e9865c662667a96dc653317f729c1ea461,Eric Blake,2012-09-04 16:18:59-06:00,0
b3c0e2e14e34699b513661ae07dc3aba1628cfb5,Paul Eggert,2012-11-14 17:39:28-08:00,0
845013907b194e5de4d30e777b21d6e9708e7b4c,Eric Blake,2012-11-19 14:17:53-07:00,0
fac1526740ee9b4b9c1e44b52197586e5cbef42c,Eric Blake,2012-12-22 07:18:15-07:00,0
ddcce81a92b0fb9bf03fa7ac26dd6276b2f8d850,Gary V. Vaughan,2013-09-18 20:05:20+07:00,5
0b85e7900bcb0fda336c7516f76ad205fbd1d864,Eric Blake,2013-03-09 18:04:59-07:00,0
7044c45b704482ee62d1edf3a2f3dc81c6115d60,Eric Blake,2013-03-12 17:23:30-06:00,0
425b0ac01f3bbe0a8cfe6ed53018972edd2117a4,Michael Witten,2013-08-08 03:34:15+00:00,0
0f5ffbe4092b0fdfe88954daf2c99ba0bb84472d,Gary V. Vaughan,2013-09-18 21:31:45+07:00,0
8cb4718e3308c3bc0d917403132601fae3d428b7,Gary V. Vaughan,2013-09-18 21:53:39+07:00,1
9114cb2e988dabdf4c8561f62eb448aa24117574,Gary V. Vaughan,2013-09-20 09:52:03+07:00,2
aeb92bcb25e253b55650961f341640f93ec3b54e,Gary V. Vaughan,2013-09-20 12:00:02+07:00,9
b466ccc6137f2255220c87f74baf86a67884a3d8,Gary V. Vaughan,2013-09-20 16:01:31+07:00,10
1d0cc3149668703ee990fdd562582dccc73c8864,Gary V. Vaughan,2013-09-20 17:26:42+07:00,2
af658bcf69e62f75ec6ea084ccd84fe052e8e367,Gary V. Vaughan,2013-09-20 18:17:02+07:00,4
7b5142a2fd0939e5209e1d375843b8e9d94eb114,Gary V. Vaughan,2013-09-20 21:20:05+07:00,3
7781a595d8236fe0cc6bd2f2fdd2d67c5707eb50,Gary V. Vaughan,2013-09-20 21:54:01+07:00,1
64d44150bc5c9af45051371550f9917027e0fa41,Gary V. Vaughan,2013-09-21 23:11:09+07:00,12
511bd418f72182fe5b8a13990c981de787c99f0c,Gary V. Vaughan,2013-09-22 08:04:18+07:00,0
ff8ad823dc940958abf4dd20ac656b5aa45ad8d3,Gary V. Vaughan,2013-09-22 08:05:48+07:00,0
ae436983cbae0afe4c8c07f9d65f89e6d446827a,Gary V. Vaughan,2013-09-22 08:32:25+07:00,0
0cf73963cbcea634d2f854b27910af7587cbf44d,Gary V. Vaughan,2013-09-22 09:13:35+07:00,0
1eacf10370529972a7407bdbb368f5f69f87a1b8,Gary V. Vaughan,2013-09-22 09:23:34+07:00,0
578bd023ea85d57d8488b8cb88265fbe3a3071e4,Gary V. Vaughan,2013-09-22 09:49:06+07:00,0
c906f15d5ead18a5e848f11391e48f05b7868268,Gary V. Vaughan,2013-09-22 10:49:34+07:00,0
bf8486051c22115173fc138f95d02221c5ec8806,Gary V. Vaughan,2013-09-22 11:56:05+07:00,0
a43fd66dc18e39ce41a699c93710d434c1c38509,Gary V. Vaughan,2013-09-22 12:10:14+07:00,0
c09a187c50f2f74e89d4d0991bdbd2c6846cc707,Gary V. Vaughan,2013-09-22 12:22:43+07:00,0
14a0629ba3b954f647bfaa2a72e18dc6a24b2d1a,Gary V. Vaughan,2013-09-22 16:22:06+07:00,0
5756e9af9addf1891b92c50f8bbb12ef08ca6334,Gary V. Vaughan,2013-09-22 16:54:41+07:00,1
22b46f4ab25c345937d656a91adfe0c2a433a1f0,Gary V. Vaughan,2013-09-22 16:57:49+07:00,1
25f5825272d2e2aa17c0c626026c5b7ba6dbd6f5,Gary V. Vaughan,2013-09-22 17:22:40+07:00,3
aec80873100b4cb0fc7abc9585822b7041fcd1f1,Gary V. Vaughan,2014-11-19 13:42:27+00:00,0
e98114fd72d4b2dfee68851efed5ede8021e8ab0,Gary V. Vaughan,2014-11-20 19:28:24+00:00,0
9b05f560559e00ec19064339ff2a4c6c54d954c0,Gary V. Vaughan,2014-11-20 18:37:04+00:00,0
4b572bfb5da0d48c5a57f83d20c0f1bee8866ee2,Gary V. Vaughan,2014-11-20 18:44:15+00:00,0
2590c2dcf1db82aa46e5f81a8de214c21fb9a8a9,Ko Myung-Hun,2014-11-19 14:06:12+00:00,0
0ea9ccbb6e77ade9956d951cd2d206ef67acd2c3,Ko Myung-Hun,2014-11-19 14:58:22+00:00,0
8991a6cc3d4ad073c9fe479bbff0e6e217be0a38,Ko Myung-Hun,2014-11-19 15:13:58+00:00,1
bb0bc2920c90f7c7e32b697b52e4a84cfbabf1a9,Ko Myung-Hun,2014-11-20 22:11:02+00:00,2
1d887c9b5002d8e9a4e65c192c8a1b7355cc356a,Ko Myung-Hun,2014-11-20 22:15:11+00:00,1
1117977cc5c466546f155bacb82e9dd9a2f5b049,Gary V. Vaughan,2014-11-20 21:50:48+00:00,1
4e9147c19130312b6ae4e93d7982393b78dbfc3b,Gary V. Vaughan,2014-11-20 22:09:03+00:00,1
1b2390f2be02bcf31d9112034de33584596f598e,Gary V. Vaughan,2014-11-20 22:37:10+00:00,0
9f19b5b5d14c1aba2dcd7e0d84a9d12c39dc4487,Gary V. Vaughan,2014-11-20 22:39:01+00:00,27
3285293706f3a2af3a3c5c97ec48c59a0b8bf63f,Gary V. Vaughan,2014-11-21 13:41:01+00:00,1
2c19e82d5d813565abfc2aca0085e1da339416fd,Gary V. Vaughan,2014-11-21 18:39:23+00:00,1
6518b81d286f9f57169d68af68567be21a359189,Gary V. Vaughan,2014-11-21 19:28:00+00:00,0
f70f0564a3a3a0c7c4590107e1a4107465efabb9,Pavel Raiskup,2014-11-21 19:47:26+00:00,0
3834539812ee0415494f2bfd1aa1d67745b1b293,Gary V. Vaughan,2014-11-26 15:10:06+00:00,1
0e0b031066a7974c19a48f87ff51fcb5c7502fce,Gary V. Vaughan,2014-11-26 16:04:45+00:00,2
f5a6f25daf08a02ff0da13b64de999778f98189f,Gary V. Vaughan,2014-11-26 19:46:02+00:00,0
15ed81cd88deaeb83b6c6f60d6fd0556aa5b96c7,Gary V. Vaughan,2014-11-26 20:25:47+00:00,0
e3740596954495555727057bd0486241cefdd4a4,Gary V. Vaughan,2014-11-26 20:33:27+00:00,2
64a09a29e335b68d1996d36c95cd95a1f85b2bcf,Gary V. Vaughan,2014-11-26 20:42:14+00:00,1
bb68bc18379fb91f9ea39a5bb4870a05e1f7516a,Gary V. Vaughan,2014-11-27 12:45:44+00:00,0
312695e1ebb4e9807289f4b9d93b263a61a381a8,Gary V. Vaughan,2014-11-27 17:06:45+00:00,0
c320252821e5d9fd6f3a6c26bcc53730aae2a9e1,Gary V. Vaughan,2014-12-05 21:13:15+00:00,2
fa1b673a452f5c7874cb5dd2610b5238cedc4d65,Gary V. Vaughan,2014-12-05 14:22:38+00:00,0
bef10ccba44e1689551324d68926444fce39b455,Ko Myung-Hun,2014-12-09 20:46:11+00:00,1
d33357e20db8e95e75042ecd02afca8ec5cc3fd7,Gary V. Vaughan,2014-12-12 12:56:12+00:00,1
b29e28672d50a42f24801e4c742300012474fe07,Eric Blake,2017-01-02 07:30:42-06:00,27
8a1c7bd2101f46513d1a9bfba0297baa58acf409,Eric Blake,2017-01-03 16:11:39-06:00,2
f8822d40ca17af5fdc4703fca2dfc4b01110806e,Eric Blake,2016-12-30 21:45:16-06:00,0
83e9a85bc8371b92a74dee8f6ede0cbbc89499dd,Eric Blake,2016-12-31 07:26:44-06:00,0
6cd5fddbf7ed56bbcd029426ceeefb82931a50db,Gary V. Vaughan,2013-03-08 23:03:12+07:00,0
a71b0a388deedc37a5e3f921d58fcb150c4d54c7,Eric Blake,2016-12-31 07:35:11-06:00,0
a6d4737a42a19cca2400d9f3d2cd035a016dcab4,Eric Blake,2016-12-31 15:53:53-06:00,0
9ad9cd6305ce42713c7cce9ae0bfb81c7a758326,Eric Blake,2017-01-09 12:07:51-06:00,0
d69fa5284851b2b7aac25ffac638b6b379994db5,Eric Blake,2016-12-31 14:56:15-06:00,0
