desenvolvedor,arquivo,qtd_variabilidades,existencia,variabilidades,qtd_commits,commits,doa_a,doa_n,classificacao,autor
Karl Waclawek,benchmark.c,1,True,XML_LARGE_SIZE,3,"0c62e320f8ab28b9c9001bc5a7f18e4eb0933f60  -  2003-09-04 16:01:54+00:00, efcfaa79a9129040c99331aa9ecaf430b427e791  -  2006-01-01 21:17:41+00:00, 74a3f4673d9e6aba785a99d9d740848b4a08620e  -  2006-04-07 20:25:43+00:00",4.215499265120773,1.0,Misto,Autor
"Fred L. Drake, Jr.",chardata.c,1,True,HAVE_EXPAT_CONFIG_H,6,"198ab270fe5c8f5ec2bc97e770732e590636298e  -  2002-04-25 04:04:42+00:00, d29adbd972361a01bc90091420b1c583e946252d  -  2002-04-29 17:09:31+00:00, 0767c2ce1716c32421b196adcb421a9e657acf08  -  2002-04-29 17:10:26+00:00, f122dd821c3355e042fb1c36c57ba4a502e499d6  -  2002-05-21 21:39:18+00:00, 99609421a806c11bb50de6a462bcb2edd23e3709  -  2003-10-16 04:51:11+00:00, d1df594ca280e86b7218e9cd8e57af5984b307c3  -  2004-04-30 03:18:11+00:00",3.537870185148911,0.959886842911284,Misto,Colaborador
Greg Stein,chardata.c,1,True,HAVE_CHECK_H,1,c02e8784e7706a2baf6a53ea6b40c1d389c87ebb  -  2003-10-09 21:32:28+00:00,3.68571588544619,1.0,Misto,Autor
James Clark,codepage.c,1,True,WIN32,8,"10c3740f1e91ba522eaa44157b8df3a44f3360b4  -  1998-06-01 12:12:51+00:00, 84835ac373b2b82260078286d6c09e155565d502  -  1998-06-02 08:57:14+00:00, 0e864d50fbfdd2479a06b81c769b8d8a1347ce30  -  1998-06-03 07:52:49+00:00, 78d38a3fd0c0e91f08a3f6ec3c6dabefe47ccad3  -  1998-06-17 11:32:18+00:00, 1fb7b5aba9ea33c324f3811a3b5f6214f8b55364  -  1998-11-24 09:31:04+00:00, 973ad606fde0f7b553a413409b28096032d4aa95  -  1999-05-29 02:19:21+00:00, 4e9aea4c1b2c04bb101a829b9c364e144f90b83e  -  2000-04-21 03:58:42+00:00, 8fd4a833187f53e02b6fe2b1513ea47a780293c4  -  2000-04-21 04:20:31+00:00",4.855862597193502,1.0,Misto,Autor
James Clark,ct.c,0,True,,3,"e157ebf61808971abdd0af8cef311dc7efc30230  -  1999-06-24 09:39:06+00:00, 4e9aea4c1b2c04bb101a829b9c364e144f90b83e  -  2000-04-21 03:58:42+00:00, 8fd4a833187f53e02b6fe2b1513ea47a780293c4  -  2000-04-21 04:20:31+00:00",4.3663704301086534,1.0,Generalista,Autor
James Clark,demo.c,0,True,,2,"80b4895ce5848e7a55185f0c90d4357aeb3a75fb  -  1998-06-21 08:10:47+00:00, cbfa2aaecea8b3dc9f61b19dbc34892b130bf2e2  -  1999-06-24 08:48:58+00:00",4.719,1.0,Generalista,Autor
James Clark,dllmain.c,0,True,,6,"1197596d3b880a3a2877512bbe58bf3e7db83226  -  1997-11-11 05:52:10+00:00, d4ee1a1ee1b6d0ffe4060dff2c1a398b77bb8f53  -  1998-04-05 15:11:29+00:00, 1fb7b5aba9ea33c324f3811a3b5f6214f8b55364  -  1998-11-24 09:31:04+00:00, 973ad606fde0f7b553a413409b28096032d4aa95  -  1999-05-29 02:19:21+00:00, 4e9aea4c1b2c04bb101a829b9c364e144f90b83e  -  2000-04-21 03:58:42+00:00, 8fd4a833187f53e02b6fe2b1513ea47a780293c4  -  2000-04-21 04:20:31+00:00",5.022345455337537,1.0,Generalista,Autor
"Fred L. Drake, Jr.",elements.c,0,True,,7,"86474275a1259856c231f7a096d747756eae8552  -  2001-03-01 04:18:28+00:00, c566467bd922a174c8c8d8dafb0ca333d1876056  -  2001-07-25 17:11:39+00:00, 86b7ae104dfd4e8a7f6f6635fa76ccca975d498c  -  2001-07-26 21:54:43+00:00, 749b7fb3a1a1c73bc2cc3087bf2fc44b8964ce9d  -  2001-07-26 21:55:33+00:00, 2c0609269781254a72c326a33480bf91083358e5  -  2002-07-01 14:45:51+00:00, e573251a942b8e97ae8a6060baf7dbada31457dd  -  2002-08-02 19:40:09+00:00, 2bba3d20f567d61e850f2798966e6201eea8bb4a  -  2003-10-15 16:25:44+00:00",3.448775372471981,0.8987854171806391,Generalista,Colaborador
James Clark,elements.c,0,True,,3,"89687a2bfdbf435b9845a983d9af237d6c6c93df  -  1998-06-21 08:22:20+00:00, 4e9aea4c1b2c04bb101a829b9c364e144f90b83e  -  2000-04-21 03:58:42+00:00, 8fd4a833187f53e02b6fe2b1513ea47a780293c4  -  2000-04-21 04:20:31+00:00",3.837151011295104,1.0,Generalista,Autor
Sebastian Pipping,elements.c,2,True,(__amigaos__) && (__USE_INLINE__),9,"796085674a9ba4500326d16e6a00597347b0db96  -  2016-03-12 02:59:53+01:00, 69746f5ab29f3c2813bf56ccd928009914d1c8c7  -  2016-05-07 16:45:58+02:00, 4f862dddf9d9260cd2448a5b62932cefe1705cdc  -  2017-06-07 20:24:21+02:00, 8706f69ca728e9310230e5b0db361e4defda06d3  -  2017-06-07 20:27:02+02:00, a704c940a4247f6e7da6ba1e2fa66981916fa728  -  2017-08-12 20:56:14+02:00, c1e1a84c8258088b13b9d1b53019b5affa6289ec  -  2017-08-26 17:01:59+02:00, 850c0922e1b4a2d33a80370b740a084990c15812  -  2017-12-03 18:11:00+01:00, 36fa081cfe84b9edc9a638a0fccd38ae5bb85db9  -  2019-08-29 18:51:03+02:00, 6b1996334139e6d175d2bb7ceda6a30b0342c418  -  2019-09-16 20:53:23+02:00",3.807369940189169,0.9922387544774051,Misto,Colaborador
Sebastian Pipping,elements.c,,,(XML_USE_MSC_EXTENSIONS) && _MSC_VER < 1400,,,,,,Colaborador
Steven Solie,expat_68k.c,1,True,__USE_INLINE__,3,"ca17d1eae66adbe690a279c0810d855de14859b9  -  2009-01-31 06:21:09+00:00, 200fdc2cb4c6659c46f0e0e95c5d2ba81bb1e22e  -  2009-02-10 03:47:00+00:00, 823aa3badc7c7e409e085eb0dcfec288ee47824a  -  2009-08-08 03:48:55+00:00",4.660499755040258,1.0,Misto,Autor
Steven Solie,expat_68k_handler_stubs.c,1,True,__USE_INLINE__,3,"ca17d1eae66adbe690a279c0810d855de14859b9  -  2009-01-31 06:21:09+00:00, a56eee776613911bcc2046fa4a88b4f809dc28bd  -  2009-01-31 20:57:34+00:00, 823aa3badc7c7e409e085eb0dcfec288ee47824a  -  2009-08-08 03:48:55+00:00",4.530345455337537,1.0,Misto,Autor
Steven Solie,expat_lib.c,1,True,__USE_INLINE__,8,"607730d3fe67390710228b37fc30641080bc1ab7  -  2005-12-24 06:39:56+00:00, 6fb807c21192fedfaa2d67a3fb45aa1f82f23eea  -  2005-12-27 15:48:13+00:00, 01146227abf7e676b0aef32d60d74a713fa140c9  -  2006-03-19 04:35:27+00:00, 78ea98ca0dc616359574c85a122ebfa1ddbd79cd  -  2007-06-03 14:55:49+00:00, ca17d1eae66adbe690a279c0810d855de14859b9  -  2009-01-31 06:21:09+00:00, a56eee776613911bcc2046fa4a88b4f809dc28bd  -  2009-01-31 20:57:34+00:00, 200fdc2cb4c6659c46f0e0e95c5d2ba81bb1e22e  -  2009-02-10 03:47:00+00:00, 823aa3badc7c7e409e085eb0dcfec288ee47824a  -  2009-08-08 03:48:55+00:00",5.350345455337537,1.0,Misto,Autor
Steven Solie,expat_vectors.c,0,True,,3,"607730d3fe67390710228b37fc30641080bc1ab7  -  2005-12-24 06:39:56+00:00, b77dbe5a1a5240689eb07bff4b6d70baa8f42d19  -  2007-06-03 14:55:09+00:00, a56eee776613911bcc2046fa4a88b4f809dc28bd  -  2009-01-31 20:57:34+00:00",4.660499755040258,1.0,Generalista,Autor
James Clark,gennmtab.c,0,True,,5,"f237c0f54756134e88c2194b2a49044266fb5c62  -  1997-12-10 07:39:49+00:00, d4ee1a1ee1b6d0ffe4060dff2c1a398b77bb8f53  -  1998-04-05 15:11:29+00:00, 973ad606fde0f7b553a413409b28096032d4aa95  -  1999-05-29 02:19:21+00:00, 4e9aea4c1b2c04bb101a829b9c364e144f90b83e  -  2000-04-21 03:58:42+00:00, 8fd4a833187f53e02b6fe2b1513ea47a780293c4  -  2000-04-21 04:20:31+00:00",4.635845210377795,1.0,Generalista,Autor
James Clark,hashtable.c,2,True,XML_UNICODE,10,"f237c0f54756134e88c2194b2a49044266fb5c62  -  1997-12-10 07:39:49+00:00, ded70873bc6dcb7a46df89dde56d27a0523635f2  -  1997-12-10 21:57:16+00:00, 34e680d0b718c65deec5cd26d814f143808284ac  -  1998-03-08 03:39:32+00:00, d4ee1a1ee1b6d0ffe4060dff2c1a398b77bb8f53  -  1998-04-05 15:11:29+00:00, 5b77f426ee15d63e58d026815235caf60d76291f  -  1998-05-31 05:32:43+00:00, 1e657b6c6d3c9760a1bd9828f7d28329242ee85f  -  1998-11-24 07:33:01+00:00, b2eb817999ac7fdb60ef67aa759892c83f56b4c2  -  1998-11-24 07:36:01+00:00, f603b6815627f5f0368a1ee3e3083eb2699daf6b  -  1998-11-24 07:39:10+00:00, 973ad606fde0f7b553a413409b28096032d4aa95  -  1999-05-29 02:19:21+00:00, a27a7609f620bcf2f953fe16e54cb31f3a01323d  -  2000-01-07 07:22:07+00:00",6.031000000000001,1.0,Misto,Autor
James Clark,hashtable.c,,,XML_UNICODE_WCHAR_T,,,,,,Autor
Steven Solie,launch.c,1,True,__USE_INLINE__,4,"607730d3fe67390710228b37fc30641080bc1ab7  -  2005-12-24 06:39:56+00:00, 220b5e566d1513756093518b3257aafd8d09908b  -  2007-06-03 15:00:09+00:00, ca17d1eae66adbe690a279c0810d855de14859b9  -  2009-01-31 06:21:09+00:00, 823aa3badc7c7e409e085eb0dcfec288ee47824a  -  2009-08-08 03:48:55+00:00",4.694345455337537,1.0,Misto,Autor
Sebastian Pipping,loadlibrary.c,8,True,!(LOAD_LIBRARY_SEARCH_SYSTEM32),7,"d1751bb60ecb8e7e3301404bf55c54ac8dcf5bf2  -  2017-07-26 14:00:57+02:00, c9951a41cec39667b8a559f6ee5223871c0ea1d4  -  2017-07-26 14:16:08+02:00, 3c6c0b7ba99ab766684014ccd0d2481236928a12  -  2017-07-26 14:23:11+02:00, 3e63f6c438d6e5faba69881c102aba2cd1cc03fd  -  2017-07-26 15:19:45+02:00, cf5c6ffded5c318c0319b9e14bb86dcc10ae4afd  -  2017-08-02 13:34:46+02:00, 031e1df1fab10a66b289ecef9b25014e78a4c725  -  2017-08-12 21:30:10+02:00, a0567a38c29858e7f700aa178c0b20520f064715  -  2017-09-11 17:07:15+02:00",5.186345455337537,1.0,Misto,Autor
Sebastian Pipping,loadlibrary.c,,,!(LOAD_WITH_ALTERED_SEARCH_PATH),,,,,,Autor
Sebastian Pipping,loadlibrary.c,,,!defined(_WIN32_WINNT) || !defined(_WIN32_WINNT_WIN2K) || \,,,,,,Autor
Sebastian Pipping,loadlibrary.c,,,(CURL_WINDOWS_APP),,,,,,Autor
Sebastian Pipping,loadlibrary.c,,,(USE_WINDOWS_SSPI) || (!(CURL_DISABLE_TELNET) && \,,,,,,Autor
Sebastian Pipping,loadlibrary.c,,,(WIN32),,,,,,Autor
Sebastian Pipping,loadlibrary.c,,,UNICODE,,,,,,Autor
Sebastian Pipping,loadlibrary.c,,,(_WIN32),,,,,,Autor
Rhodri James,memcheck.c,0,True,,1,ec322eb428970890cced7717eb2715453ec2c1c5  -  2017-04-26 00:01:56+02:00,4.109999510080515,1.0,Generalista,Autor
"Fred L. Drake, Jr.",minicheck.c,0,True,,6,"d1df594ca280e86b7218e9cd8e57af5984b307c3  -  2004-04-30 03:18:11+00:00, 1044e5b3e1039b0a862232566dc834ee8985033a  -  2004-07-15 22:54:19+00:00, 99682bfd2888b6db86c95e2c7a1cd8d2853fbbb9  -  2005-01-28 06:32:31+00:00, e2677da42caeb87eaaf18df7d60df71b1944f26a  -  2005-01-28 16:16:14+00:00, 3e3b98df8acaf87f5fb5a97ef6eb648a22eca28c  -  2006-07-01 02:34:50+00:00, 60391fb20915f60b05280dbadec91b917cbc8857  -  2006-07-01 14:54:06+00:00",4.48499902016103,1.0,Generalista,Autor
Sebastian Pipping,minicheck.c,0,True,,10,"934bcb0ac64c31182a8c51223ea9045e2d30d8f7  -  2016-03-28 21:18:29+02:00, 69746f5ab29f3c2813bf56ccd928009914d1c8c7  -  2016-05-07 16:45:58+02:00, 7c82b0b4ab53d3b62023ff3c902e3cb699863e4b  -  2017-07-15 19:07:30+02:00, 483803255d9b7f6c2c48433e26d69bccce07b290  -  2017-07-15 19:09:30+02:00, 7045b040acf01d1daf67d8afb5a2ccbca167c040  -  2017-08-03 21:23:59+02:00, a704c940a4247f6e7da6ba1e2fa66981916fa728  -  2017-08-12 20:56:14+02:00, bd4b55a68023636b6279e6462be00c889efd2f1a  -  2020-10-25 18:40:38+01:00, 6a7264e3836d0bf4f45c5fb3b236a3d230ec80e1  -  2020-10-25 19:23:27+01:00, 263c76e324816dd10099aff1f3a8fda99f45a321  -  2020-10-25 20:10:43+01:00, 1e243aca3e5b7cdc8ddccc4bd3d7581105250b3f  -  2020-10-25 21:01:54+01:00",4.135344965418052,0.9220392126795997,Generalista,Colaborador
Clark Cooper,outline.c,0,True,,1,c135be083d8e5a41f774f89e0ff1d7884022e278  -  2000-09-18 16:26:23+00:00,3.6455385165579544,1.0,Generalista,Autor
James Clark,readfilemap.c,5,True,O_BINARY,6,"80b9565677c63f990c6fb8844641b40fcf93563d  -  1997-11-15 02:43:48+00:00, 9f41c277f9c936c607b7d06b40daa88ee091e449  -  1997-12-10 07:44:19+00:00, d4ee1a1ee1b6d0ffe4060dff2c1a398b77bb8f53  -  1998-04-05 15:11:29+00:00, 973ad606fde0f7b553a413409b28096032d4aa95  -  1999-05-29 02:19:21+00:00, 4e9aea4c1b2c04bb101a829b9c364e144f90b83e  -  2000-04-21 03:58:42+00:00, 8fd4a833187f53e02b6fe2b1513ea47a780293c4  -  2000-04-21 04:20:31+00:00",4.35484472045831,1.0,Misto,Autor
James Clark,readfilemap.c,,,S_IFMT,,,,,,Autor
James Clark,readfilemap.c,,,S_IFREG,,,,,,Autor
James Clark,readfilemap.c,,,S_ISREG,,,,,,Autor
James Clark,readfilemap.c,,,_O_BINARY,,,,,,Autor
Sebastian Pipping,readfilemap.c,9,True,__BEOS__,10,"fe432127ab2c8d5a939bda0450c171a17fba36a1  -  2016-03-12 05:21:28+01:00, 17be9de91dcc2e3d4f78a5254dcd09067d4570b7  -  2016-06-04 22:07:22+02:00, 766a485e6214bf8a58bc9d2c807b398ca209cce0  -  2017-05-01 01:13:40+02:00, 25853168973f392737d715ad1e6002f4737985eb  -  2017-05-23 01:48:52+02:00, 8f25f91e9e4aa2fffa573c1edb1e6f31a05d7c48  -  2017-05-25 15:06:28+02:00, 85bc1329dd70de45d6ef8e65a65ef6a98676898b  -  2017-06-27 23:23:03+02:00, a704c940a4247f6e7da6ba1e2fa66981916fa728  -  2017-08-12 20:56:14+02:00, 1bfe015a78c181bb9fd9db8e973cb122c6820cd5  -  2017-08-23 16:23:33+02:00, df75ab14f4c449259d07338161c36a2b7d9f86cb  -  2017-09-09 17:30:29+02:00, 850c0922e1b4a2d33a80370b740a084990c15812  -  2017-12-03 18:11:00+01:00",3.971369940189169,0.9119429497755356,Misto,Colaborador
Sebastian Pipping,readfilemap.c,,,!(WIN32) && !(_WIN32) && !(_WIN64),,,,,,Colaborador
Sebastian Pipping,readfilemap.c,,,__LINUX__,,,,,,Colaborador
Sebastian Pipping,readfilemap.c,,,__WATCOMC__,,,,,,Colaborador
Sebastian Pipping,readfilemap.c,,,!(_WIN32) && !(_WIN64),,,,,,Colaborador
Sebastian Pipping,readfilemap.c,,,(_MSC_VER),,,,,,Colaborador
Sebastian Pipping,readfilemap.c,,,S_IFMT,,,,,,Colaborador
Sebastian Pipping,readfilemap.c,,,S_IFREG,,,,,,Colaborador
Sebastian Pipping,readfilemap.c,,,_O_BINARY,,,,,,Colaborador
Rhodri James,runtests.c,4,True,XML_UNICODE,571,"0d2018f9bc572a90aee037d873e366ba0bab4464  -  2017-01-30 16:03:23+00:00, a35beed12605004d563306bfe821b5834c92d527  -  2017-01-30 17:51:50+00:00, 4499b07ad83ea29cdd06e95f59bfcff3ab68b75d  -  2017-01-31 15:34:30+00:00, 69c66034fee3fda77baf52d92bfc4870a1196ea8  -  2017-01-31 18:06:50+00:00, cd1c0161590f79d5fc0013ff62b4a07486af8108  -  2017-01-31 19:06:33+00:00, 83bc31bfd30ae003fd50bba40c64e015b61eaa6b  -  2017-01-31 19:36:15+00:00, b1ed3b5871fc6acd7f215f67c565633b11929ea2  -  2017-02-01 12:27:15+00:00, 3159be0ee9f2390d877160c79452d3d52d766459  -  2017-02-01 14:33:07+00:00, a085b6bc3a493995bb9bf6da56685e63f5c8375a  -  2017-02-01 14:51:23+00:00, 865bb305fe1532bb58199a1b2cd8e20b76b80b1c  -  2017-02-01 16:15:39+00:00, 4373471d80882582cf21a3d63b15c5c2fe30bf07  -  2017-02-01 17:49:23+00:00, 8a8bdc1092e0ea3704c1fb53717396a078ee52fe  -  2017-02-01 18:11:44+00:00, fa8192757dd4c9f4bb5d8a898e83a47a94f55df0  -  2017-02-01 19:06:19+00:00, 398628cf4a7e47c03a04211dff25bc6691b26cb3  -  2017-02-02 14:22:57+00:00, 3bbd6df22f7fedac75b94cee48ed56eb68e15f3e  -  2017-02-02 16:13:19+00:00, 726ec0d23e2b814b8b545d39d5350cf2abb2a35f  -  2017-02-02 18:06:45+00:00, d033881202749677286949816faf95b444da0bbf  -  2017-02-02 18:38:33+00:00, b66d656b9d1784290fea05df8aa743d14428d66b  -  2017-02-03 12:54:37+00:00, 715d24056f23710ab8e065dfad12807ceee6f7d9  -  2017-02-03 13:41:24+00:00, 43db55597d17373b4599d786821d2e38db406615  -  2017-02-03 13:58:11+00:00, 7f872d8edf99b6d98bbf830b77203125954f9048  -  2017-02-03 14:25:41+00:00, b3cc5a74d970e0f7be1ac3a29de79fb7573d3177  -  2017-02-03 16:42:14+00:00, effb3e98a082d07cfa2a3c791122e3ac4d187092  -  2017-02-03 16:43:11+00:00, 682eac7acf9dd38425bffb69bae53eec198893ca  -  2017-02-03 17:50:02+00:00, 8f21640654e7c21ac5155aeee0e47323e5be8ecd  -  2017-02-03 18:00:20+00:00, d0c57b2a29dfdbb31609d3a3b61a4a3b37673497  -  2017-02-03 18:13:00+00:00, 36fb006a34b02bedbfc7f26ac6a35b46bec4ac96  -  2017-02-03 18:19:56+00:00, 1e5cdb011c9b2a7c27294840fde2c06e2e606b73  -  2017-02-03 18:37:42+00:00, d1f980f55dcc739215ab98d2ab3362b2ae515f47  -  2017-02-03 18:19:56+00:00, 64543da013034c835bcce43a3d4b855fae58899c  -  2017-02-21 11:46:52+00:00, b0993ad257ec403d47ca7472ea211163e02c8b5d  -  2017-02-21 12:10:20+00:00, 37f374a1c0251e8440a1c3a85953123cbc30d66f  -  2017-02-06 15:49:43+00:00, b94580da121059a29e634d944701a102498033a0  -  2017-02-06 16:27:09+00:00, 454f53885be4115957becd1f83f6e5e0eaa88f9d  -  2017-02-06 16:35:04+00:00, 3dd91b2e7b38fe4ac00c55c46920ae280db0a4ba  -  2017-02-06 16:55:29+00:00, e3194021b653db8e1e645e4a7b709fd7378bcf0b  -  2017-02-06 17:11:52+00:00, fefa4bc3f0076df533542d6a66de613bce7df798  -  2017-02-21 12:37:43+00:00, 12fb5000c2baf96fbb20b76f982e2a234711933c  -  2017-02-21 12:43:22+00:00, 7c27879ec9920667379f79e6d40e54680081eaa5  -  2017-02-21 12:47:28+00:00, bcee6525d1f10e48b0d7b75edaa079b8bf74e122  -  2017-02-06 18:30:36+00:00, 93fabef3cd1c6e5d9d042d9a097f978263f230ea  -  2017-02-06 18:53:01+00:00, ce9b32fe9453a3b0b39466d703fb301b7d2a627a  -  2017-02-06 18:58:59+00:00, d7550d1446f179c350e814afc6c4fcc8fb4026fd  -  2017-02-07 11:46:55+00:00, bc193a62a0ec581fa02652860e9e44c20f76466f  -  2017-02-07 11:55:51+00:00, d54933675f37d010c5d6678461c42cb1e9c67e9b  -  2017-02-07 12:49:13+00:00, 98c260675933c509fbc2694a3ba1bbdc145163e9  -  2017-02-07 15:00:25+00:00, 11df015a547bb0b9ffdda3fefbabb93ffac3095c  -  2017-02-07 15:12:55+00:00, 1c3c9b2bd550c2122f3b1e2750c862aae7a7c273  -  2017-02-07 17:23:11+00:00, 28d9f9938fb11cf174bee85c23825d2bd111d8ce  -  2017-02-07 18:05:55+00:00, 0a3827eb7db99c5f5d38d7a3d39c2b2cd0439c47  -  2017-02-07 18:27:01+00:00, ca324d219cab8f40e106c955d2627897c673f397  -  2017-02-07 19:43:44+00:00, b1ef084e829baa8b78af6b53b768edf3c7b4522e  -  2017-02-08 11:59:45+00:00, 6975a78eb5b19cfee62bfbb150b4b525ade33ed3  -  2017-02-08 12:06:30+00:00, cf29d40fd33468f35b07534218e2a48ef404d452  -  2017-02-08 12:54:51+00:00, 012de3c01b789ba68320a7092a444469c7613c68  -  2017-02-08 13:06:32+00:00, 2dbc5c800b12d92408c269c934736104c1866745  -  2017-02-08 13:31:42+00:00, a0eca419bdf068df4896b01c3a907fea846fe65d  -  2017-02-08 13:54:59+00:00, c85b577eedb87fcfaaf53741ea10d39ee81ff7e0  -  2017-02-08 14:03:31+00:00, 813dde9bccdbf1eb727caf788c8fe3f39158ef69  -  2017-02-08 14:15:21+00:00, 6a1873f1f10c6c5b31008a3be5d75c9385aacb12  -  2017-02-08 14:27:44+00:00, 69b23486c9106838f530f5c3430c8b380ed4639d  -  2017-02-08 14:40:37+00:00, 7091e83cb40c2e7c5d26bd17947c0dbad3b74381  -  2017-02-08 15:16:19+00:00, ec322eb428970890cced7717eb2715453ec2c1c5  -  2017-04-26 00:01:56+02:00, 774ee6c15b8832ff567d2a32ca0e4926179e7f97  -  2017-06-14 23:44:45+02:00, 18be28458b7d9817a3c4824fff5581beeb9c3e4d  -  2017-07-14 16:49:50+01:00, d3b3f7fa48c9c84c6e89a51f5834632e3a53d2c4  -  2017-07-14 16:50:53+01:00, a7db7a1c1a820cc4a86502671e921863b9727644  -  2017-07-14 16:59:24+01:00, 448cd2acac0249fc7337bddfd52de124c6336c6f  -  2017-07-14 17:12:31+01:00, 8cdcb7219d4cbd454c62c1755f67d173da8180db  -  2017-07-14 17:15:12+01:00, d350a6cb0d0c5555935a81b2bec68adf82485e1d  -  2017-07-14 17:22:54+01:00, 38c1ce7cd519a0a8a5033a2b048a7ba3b04c13af  -  2017-07-14 17:33:59+01:00, c5b129e597392aaad1a2c1e5accb1674cdc80a71  -  2017-07-14 17:55:51+01:00, da93b3992a1ede2ecea0662f588cc970362ba64f  -  2017-02-08 15:26:18+00:00, 0f403d1d5d9c246344a062579fdb6e0b5033f674  -  2017-02-08 18:28:39+00:00, ab53e5da3fcbf8e443fb1780842fb6c3285a85d5  -  2017-02-09 12:08:03+00:00, 24e16ecbd82973f27d3052f21ea888fa1483330b  -  2017-02-09 12:52:08+00:00, 6381273b8b16b6b9c8d13949119acf47a0b41d3c  -  2017-02-09 14:10:33+00:00, 7b9b40bceeaef3fb4980552c560d45b4865a09ea  -  2017-02-09 15:23:06+00:00, 80394e1792b029495f88e4a96b5aca46acdf6e4f  -  2017-02-09 16:55:35+00:00, df0138ac3f19135e5e1b6f691e50faecc6fc7b41  -  2017-02-10 12:52:55+00:00, 15ef260f6b7b8a620322567d8cc1606923946006  -  2017-02-10 18:17:01+00:00, 6cfef697051117be8dbeeeaa959afdd3fcbd7c7f  -  2017-02-13 17:59:47+00:00, f71790ccf990846acdf66b5b0fc7300a9ff0d3fa  -  2017-02-13 18:05:54+00:00, 7653beecee83bc3da986e511f9e1fbe254789c58  -  2017-02-14 15:31:31+00:00, 9a7d8d2c3f890ee1cad5de82f758ae76fc7b2c61  -  2017-02-14 16:04:56+00:00, 41524fed8589f47d4f5f72dd18fafa76d0c59ecd  -  2017-02-14 16:13:06+00:00, dabb530d17bde94a65df68d8775482cb3c4a7dcc  -  2017-02-14 16:26:27+00:00, e92f989efe3a7cd4eb6d54d1e54390ece9a68c2c  -  2017-02-14 16:40:55+00:00, 05fe0bd6c94bd763b481c15f7669c0d8c1ca1018  -  2017-02-14 17:36:38+00:00, 213c8523a3b9c69d66d08b2e25f6de986ae61c60  -  2017-02-14 17:57:58+00:00, fe2e255025df92838d3d1ae3d611e11f035a951e  -  2017-02-14 18:22:53+00:00, 8bdf2bc10246a7b5f738f115c2c6f1c4944a2c84  -  2017-02-15 13:50:04+00:00, a3a68a412daa57b5edd02a1a86eab1f7d3d9045d  -  2017-02-15 15:02:45+00:00, ef26a78837b193adaf18254de8d3cf5c92d5dd77  -  2017-02-15 15:48:00+00:00, 97ad97e9e9f0ba7a55d5a78e823b3cabc59b8377  -  2017-02-15 17:24:06+00:00, a1cffcb4eae798e6ae05f261233b0fbc77f6c4be  -  2017-02-15 18:17:25+00:00, 8f3d13188b60bc685b94d0805517b4c3f16b8888  -  2017-02-15 18:49:24+00:00, f591474e623ed144e7e95e2df51fde521598e3b1  -  2017-02-15 19:11:19+00:00, 20c12da662a9c992194cbdb71cc5bf9929ff2e3a  -  2017-02-14 11:50:40+00:00, 8dabab1576c27e46a61ea880705c90c201b022bc  -  2017-02-16 16:09:28+00:00, edfcd16b98ca4f3c33f01e459421052a37d15433  -  2017-02-16 17:44:53+00:00, f748d87811b77afa5cd856bde5e60a26682b0c57  -  2017-02-17 15:18:34+00:00, 41ab4fd94ad1ef48f0fb5272f5ee0eb5b4ec24f2  -  2017-02-17 16:21:17+00:00, 53e1698aa3d23c6de39ea7a3f30ca417c6d343e8  -  2017-02-17 18:58:08+00:00, 894033fab8487164d7e2f20141bca8ad75d28311  -  2017-02-21 15:29:31+00:00, 1056c797dd795b8d82838f6112be77849da46aa1  -  2017-02-21 16:26:58+00:00, b1bea335822c02c12b410fd57c51b9160ac8ff94  -  2017-02-21 16:33:01+00:00, d69a504a5a4f4a11cde04d63243ad30a75de33e4  -  2017-02-21 17:24:39+00:00, ade4c402af1d282edb819fbc956ff0bb32ac2c33  -  2017-02-21 18:25:41+00:00, d526cd09f78eda8d1f4c28225bdd6d86a6fbfc3c  -  2017-02-21 19:36:07+00:00, 1c0ecf1b95022a19ff11fc9342b7503709c8b6fe  -  2017-02-22 15:14:50+00:00, cbfc54ee2f539abc96c28392e7c0de1c73586b55  -  2017-02-22 16:24:18+00:00, ea6ab8be03dd1c12fdd4a6b59fcc3c389e466730  -  2017-02-22 16:54:35+00:00, d8651ffbe85f7ae5c02197ddd7feeae13fd27883  -  2017-02-22 17:49:11+00:00, 1ead467e3c51da1ffa225502b39be58a3371aaf4  -  2017-02-22 18:41:31+00:00, a2302df9b6917620128fb7fdaf6db51720e136c2  -  2017-02-23 13:31:59+00:00, c7d2fc3020fef0d61962ff1c51fbc65ff09996a7  -  2017-02-23 15:13:12+00:00, 757ac4cb0e2b2a0c4729ef86ae1c6f1c6f9544d5  -  2017-02-23 15:22:40+00:00, 47003df13df4f75922e57e4666f03ec43baae0b3  -  2017-02-23 16:04:12+00:00, b86bec407b95f1f594cac0150cd82aae032be7a6  -  2017-02-23 16:57:12+00:00, fa37a8069a27fb674584b8b2bca8fbc3aadbdf08  -  2017-02-23 17:48:39+00:00, e932825e22507085a6e424d4b0dcd0f44b5a015d  -  2017-02-24 13:12:41+00:00, 9ac26205bcfa70957cef1c3df9b1e413cd7fad8e  -  2017-02-24 14:11:45+00:00, 1a8297c54c4296c24f4ad8ddcec616f74173edc2  -  2017-02-24 14:59:44+00:00, 23c488c8fd36b4a8558c03ae7727d66216106a7e  -  2017-02-24 16:58:44+00:00, 7495f28469925b4c82f9734dd7e725b7ef59b030  -  2017-02-24 17:05:37+00:00, da0bac99ada92ef0da8346e50b30cf2e27b591c6  -  2017-02-24 18:39:38+00:00, 7a3664ab294e1826b3f51afb400a845f61a093f5  -  2017-02-24 19:12:26+00:00, 6cacca3987c463f0197503d24f1b3d16926ad935  -  2017-02-27 15:27:29+00:00, 23e64e1fbc709014d98cbbe19251d9d392219015  -  2017-02-27 15:39:47+00:00, 85ed69eaf933bc81413048d2a6b7c1acee426408  -  2017-02-06 15:49:43+00:00, ab534390603806b78d3d5e54a60a50fc0a6de3b5  -  2017-03-07 15:23:52+00:00, 991693f12be3146a1bee6edcf0088cfb327dd4c7  -  2017-02-21 12:47:28+00:00, c87613c958a44c2214ed058761f29e710b22d04c  -  2017-02-07 18:05:55+00:00, fe4f238660d9aceec94b73b65431126ada416e61  -  2017-03-07 15:39:37+00:00, deeb8f2aae9625200788e653bb95a4e2140133a9  -  2017-02-08 17:08:50+00:00, ec9364856323c34b4dce480dfba21738aca9046b  -  2017-02-10 16:37:22+00:00, 2393c3fe261f04b71766fb07f1a4b567c0b99def  -  2017-02-13 19:35:22+00:00, ce81d260871e67ce4105b96f0da531987c941800  -  2017-02-15 13:07:36+00:00, 0153af32fb1f11b30630633c396d84ded4d175cc  -  2017-02-14 12:20:08+00:00, e24cf7a9cf3c09a016073516de8ece87ae435de2  -  2017-02-14 13:56:55+00:00, d9fce70b6fc4c4dba4f9a8d884bbdf044df5600a  -  2017-02-16 18:28:37+00:00, c1a29e9ad630f6bae7b25a379303fa6746f6a99e  -  2017-02-17 12:54:50+00:00, eb3b5c3fc0bcd76f8a5fafda983adf17adb248f4  -  2017-02-21 16:04:56+00:00, d164cd59f94e2830841cea30d88428ccfaa44ad9  -  2017-03-07 14:15:49+00:00, 9948d7cdfc98b320d1293f42ec87261f97b6c82c  -  2017-02-27 17:34:53+00:00, e8ae6734bc77be47f91fe1f2a8e777119a4f5f8b  -  2017-02-27 17:58:29+00:00, 5279d9c5881ca8fce874b8d19f56c7132a816ef5  -  2017-02-28 12:23:19+00:00, 50ce6820214f0e167c0085d6cbf0257d33acc36d  -  2017-02-28 13:23:23+00:00, 80a32d09ded76b30b7c7f95cc80dcc859ab8d076  -  2017-02-28 14:36:13+00:00, ac40d1ed350d80cd3d94a065d58f724259293724  -  2017-02-28 15:07:07+00:00, 1fbdc13dcb5049412cd297cc8175bd8dc1d51498  -  2017-02-28 15:33:55+00:00, 71c4f59886ffafae6bd1292456b57c4eea0a5139  -  2017-02-28 16:51:42+00:00, e6dbd40799674c8a93555288a0368cf431023ffd  -  2017-02-28 17:55:37+00:00, ac16e9378943601c3b79368c52a1cb52e7e3dff0  -  2017-03-01 17:22:24+00:00, 1d80cc21a8459ef3ac8abf419653c0e8715d83cc  -  2017-03-02 16:22:27+00:00, 2cbcf88443f07c8d0cb939c3b36f41853292188a  -  2017-03-02 16:46:29+00:00, c45340e138b9a29b1554410f3dc7608627af3081  -  2017-03-02 18:42:58+00:00, 9de593495c5b5b081dd26f6d30684fec86917353  -  2017-03-02 19:08:27+00:00, e5d84961bb4ec32043ff5892d4cff01bf907c243  -  2017-03-02 19:58:54+00:00, 78138c87f48967ef6c3400c9f702a0198ebc325d  -  2017-03-02 19:59:41+00:00, e57d2413a1baaee650471021d681dd3fe509665b  -  2017-03-03 18:22:45+00:00, 8babc25e4469a0ab647ba3ece070fef7ae3f97c3  -  2017-03-06 15:30:59+00:00, 92237045535e8bce03fe8b37139f7fe7298eaf5b  -  2017-03-07 17:10:21+00:00, ddddcfd393ccffe42e42a43347a52046f46d00f6  -  2017-03-07 17:51:36+00:00, 8d42ab97d9ed6699010be5fded44bfeab385119e  -  2017-03-07 18:21:39+00:00, 604a527186aa5afce81601a510685fc6af477cad  -  2017-03-07 18:47:29+00:00, 4c197b0ef9526f05f7bcc2275c3c38c614135b8e  -  2017-03-07 19:45:39+00:00, 234c654c19536b18f83ea5a533b3058b1a8b921e  -  2017-03-08 12:59:35+00:00, f03d06a8c1aa97133ec850cf54225dd5298edfa1  -  2017-03-08 14:24:41+00:00, 060c12bc19f296d311313b8894cf5cd13b270fd4  -  2017-03-08 15:28:29+00:00, cfcfd4685f9b7acdf6276cfff4a33e88b39ffb60  -  2017-03-08 15:47:33+00:00, 8857da5a65d42137e8207a669d801cc3651b56fd  -  2017-03-08 16:13:35+00:00, 66435cff618ef2c109cb93cd63ad861f985928fd  -  2017-03-08 17:15:37+00:00, f1b5c14b96a6f279e9fddf4f660b417a617be9a4  -  2017-03-08 17:54:49+00:00, 58ecc804bedc04399e0023743972baa53548ed0a  -  2017-03-08 18:39:36+00:00, 9bb1b1e554a5302184073f3a3801b5d4cb231cd3  -  2017-03-09 13:43:19+00:00, 98ead688f1fd4960aa76d11d1ea4e992c9e4e6f0  -  2017-03-09 14:15:47+00:00, 5f124f4e7cd34359f5a7cfa43d0289c67d7cf6f4  -  2017-03-09 14:46:44+00:00, e909b6712358fd29162e4d73fd63a5afa48f2de5  -  2017-03-09 15:08:06+00:00, ee957bb60a5e67c405bd8c75eb5eacca1dac2a97  -  2017-03-09 15:18:48+00:00, fab38d3fc01ee5998d6bfcfe805af67daff2612c  -  2017-03-09 16:28:47+00:00, 71e8442db937626dd21c8f54017c9be9b3ee8e17  -  2017-03-09 17:05:50+00:00, 775e63708d7f860d07441cf3ed200fbccd1392ed  -  2017-03-09 17:52:37+00:00, b30bd12020d155bb88b67d32371b6cc9d199e60a  -  2017-03-09 17:57:47+00:00, 4608ff10bef075825cf28b3298d3856f33b8ad3e  -  2017-03-09 19:00:42+00:00, cc6edd8913707442efc470af5e6ec5aacfefc2ba  -  2017-03-10 15:07:48+00:00, 5a1f46a87d2d844f5c2e83429cd919b751e3201a  -  2017-03-10 15:56:49+00:00, 1044af1f31c925c0cd7fb241ec1fd18223903b1e  -  2017-03-10 16:34:35+00:00, 6ae8e2777eb87ba375b8e743fcb37d1f9dddf71a  -  2017-03-10 17:33:16+00:00, d4bc5da92bd54ec78e9514a7a4dbdbbf9a506753  -  2017-03-10 17:59:35+00:00, 383e762f8c806c6eb6e684e23dcd0f17703de22c  -  2017-03-10 18:21:15+00:00, 507c2e5c9b120a6c6bff478e922c19a45832ed6c  -  2017-03-10 19:12:06+00:00, 1bb33c702721bf5424441fe68ae0503b7d71658e  -  2017-03-13 11:35:29+00:00, 260a7644d7de4b710c1875992069ad484c23c018  -  2017-03-13 13:48:23+00:00, da5c188913bad581eafe1744699cff1b54f29df6  -  2017-03-13 14:04:10+00:00, 3c526f6d6c5cbe83c14f5cac24ab26ed0da1aad1  -  2017-03-13 14:57:18+00:00, 1adb2438d09d1c8c8a12b745bfef5c92caaaf9c0  -  2017-03-13 16:22:56+00:00, 1d086b2915402210cbf64c69fd58055cb4905ed1  -  2017-03-14 16:23:08+00:00, be42a4ae1fc96d30537bf0e63167525a0eb5ac72  -  2017-03-15 12:16:05+00:00, d697e270383598b63dd813ebaaf4e687a2901fad  -  2017-03-15 12:33:03+00:00, 78a68b76e398848c2a639e59a5f635aefda28623  -  2017-03-15 12:54:32+00:00, ff15a49746888573a1bb3618257cf0063ff585a9  -  2017-03-15 13:43:12+00:00, 80552b5c60dba403c0eb014738dfbeb662bd8d89  -  2017-03-15 15:53:46+00:00, b76c65d1119e0725db6bc7b352778aaa28dfec38  -  2017-03-15 17:00:23+00:00, 79d190acef38a26c010b93dc614191e0cecad3e4  -  2017-03-15 17:52:49+00:00, 6e63cc24bd9631834fa8d35b36f2d58e96f0080e  -  2017-03-15 18:10:01+00:00, 1ca9975b919eea5c2decf44eced5080e81a76c51  -  2017-03-15 19:01:52+00:00, 46c39a18c14961f180212d461b02398df873c090  -  2017-03-16 12:00:36+00:00, b690ac32c1cf8e2f134e76743770f25e0400b821  -  2017-03-16 12:53:13+00:00, 6b2ead89fb90548c964960760058d36b0122b4a4  -  2017-03-16 12:59:39+00:00, e8d8c84e3ed0660b0eb163dcad8c4fc4b7502e95  -  2017-03-16 13:58:13+00:00, eefb733dc72468b28e2d809cf7207a3f23c9b77e  -  2017-03-16 14:58:38+00:00, 8a8c87172384cc945e98c969e1a7b0af43842c3e  -  2017-03-16 15:25:47+00:00, 208d6525591044f77e6896a3d5f14519ebb6bf1e  -  2017-03-16 16:10:06+00:00, 1cab6d80f53afea56bc2876157e6288dd5dea349  -  2017-03-16 16:28:04+00:00, 4bec1abfd44317c34ac4377ac440a5b92cb5296d  -  2017-03-16 16:51:17+00:00, ecfd3f15ad42654b9d37523a83be39e1e4eb4ba1  -  2017-03-16 17:12:52+00:00, 9528e62a1efbc903d17c416d8f873112fd3d718a  -  2017-03-16 17:20:04+00:00, 440df48dc3a987ce0aa5193c3fb8149127d508ef  -  2017-03-16 17:45:46+00:00, 9edf18d4ef3eb2bdf0a9de7bc702391c954698ef  -  2017-03-16 18:39:06+00:00, f9c01d3baec6639440541e3724c6e2f62643a134  -  2017-03-17 13:35:28+00:00, 28e9820bcd99f7914146b823e4a794f6db1d8e2e  -  2017-03-17 15:17:43+00:00, aae811152fc137b25e8d3a5a1fd381ed63d283d7  -  2017-03-17 15:26:12+00:00, 4b9056ae173442742cf5b4be6fe04a6d64383c5d  -  2017-03-17 15:38:09+00:00, bf27884912d2d89f379fa53410beab8d52b967c7  -  2017-03-17 15:58:16+00:00, 02dfd4b377aa4cc7cec8f6de3c01109e987738ca  -  2017-03-17 16:40:52+00:00, 667d9cab63ecce4d24e53ca4d3f5a0e86439f158  -  2017-03-17 17:44:23+00:00, 8b5902c886b2002451d2df24f90250de9799050a  -  2017-03-17 18:10:10+00:00, 18106f4d587261563eed145f84849b1c13316c28  -  2017-03-17 19:29:47+00:00, 52e0daa4108656a0ddb49f54220466e775067bf9  -  2017-04-07 18:04:13+01:00, a84705afc201a7641f27b98e1e687d5f618e4aa5  -  2017-04-07 18:29:18+01:00, ee46bf0b44b70499c0ffae386b277d330d05da36  -  2017-04-07 19:38:56+01:00, 2ad7887d85f18860de90c853737c170289e4149b  -  2017-04-07 19:53:36+01:00, 74a7cdc0aedc4e89bcdc0946f6222f1987556675  -  2017-04-20 14:58:49+01:00, b641ecffa1fa1152ef397386561d852416da7342  -  2017-04-21 13:12:51+01:00, 09aef7e7e3eef6c4eee2440f5b5916b82e6109e4  -  2017-04-21 15:21:02+01:00, 49a38e6291b92a1eac55475fd159e35d161854a1  -  2017-04-21 16:45:49+01:00, cb4f7250acda0a9e906fd009174b762ca5b0ccc4  -  2017-04-21 17:08:00+01:00, 065ade608069f9b57f2bdcef06b1c99faaa4015e  -  2017-04-21 19:04:46+01:00, 87967e3623ae635e8b2469c041ff819f5a3a84d9  -  2017-04-24 16:37:45+01:00, 4792f7af1cec5e4f00ea2f4025fed54a1a7ee51d  -  2017-04-24 17:53:29+01:00, 5d75b0ae62ae5a9a0e5a1c24c4da84798e12a5f1  -  2017-04-24 18:40:35+01:00, afe4ad3830623a0ff09715cde5c165c44b8629d2  -  2017-04-25 19:24:19+01:00, 5e4a2d6e6c3b98a6098708596fd6c6435a29280b  -  2017-04-26 13:14:38+01:00, 0a3a399d452a83ffdfe98577cc9768c1082fa2a8  -  2017-04-26 14:01:44+01:00, a7b6aea3767ae2b22509d2b801e53055aafe085c  -  2017-04-26 14:46:33+01:00, aa048479065a2c2a93df72845f6eebe0621b4953  -  2017-04-26 14:55:50+01:00, e64102e71e9c2bc0b436703267fcb9774114f80c  -  2017-04-26 17:51:09+01:00, a5e1e0b94b8af571294c4c222140e84017831d4b  -  2017-04-27 12:47:07+01:00, 96afb81e9a2caec29add59f1f7a10ddc3792240d  -  2017-04-27 12:54:01+01:00, 02a9d765d6b18da72207b82fe6c4e0e9cd20a6ba  -  2017-04-27 14:15:58+01:00, ddd6a15043cb4db9f4064ceaaa78e1be70485a4a  -  2017-04-27 16:21:03+01:00, 90f5d5e833765ed1e0b8f8dd23508f3a0745e364  -  2017-04-27 19:02:55+01:00, 464aefaccc25e624d8960630bd924d6be8cfd02b  -  2017-04-28 17:27:45+01:00, f4e09d7d5d7ceafadfeb1da612cef29472f28d67  -  2017-04-28 17:38:10+01:00, 1136aceaa3364709e18d10854d8801e727bf22ef  -  2017-04-28 17:47:15+01:00, ae9fe3c614169b230ec176c90bb7ca54c41e9f14  -  2017-04-28 17:57:10+01:00, 67f238b79452c9399f19f514a6d685be603c00e2  -  2017-04-28 18:18:29+01:00, 2950c7ac09764affadc36453ad0bfab76331fe6b  -  2017-04-28 18:22:08+01:00, 126c0e8459f523cbc8527967653a46bbd4d74c9c  -  2017-04-28 18:26:59+01:00, 4fe873c62b0d8794f7387fe3f523b171dc3c657c  -  2017-04-28 20:00:20+01:00, 4282072d9c89d392d01924538d29f92911d375bb  -  2017-05-02 19:26:40+01:00, 6aecdba977006ba1e4e3cd60b7a7ce6704811d73  -  2017-05-03 13:24:08+01:00, ec167d305c60e8b03cd94dde1b195a0954163be2  -  2017-05-03 16:35:30+01:00, b03edfd9615aecd766b1ecbb2495600e1ec015ec  -  2017-05-03 18:06:54+01:00, 75d3141f3151219ccc3502574ada9b3889fc311c  -  2017-05-03 19:16:25+01:00, 1ce3d9049ac7d85f86e882618cc44fb2ba8e19ee  -  2017-05-05 13:35:24+01:00, fcae5d20aa75f18c7c5d3b1322dfefac480f392f  -  2017-05-05 14:24:55+01:00, eb99fe25291d4d1cc913aef35da8a2bc853dbf1a  -  2017-05-05 15:21:00+01:00, a40d23df087462045b9e217caa3a4690bf86b745  -  2017-05-05 16:39:20+01:00, 187650bad97d76704b5542028d91dc351119e665  -  2017-05-05 16:40:17+01:00, 64f1b1b995148eea47872669f1720646f288800f  -  2017-05-05 17:58:54+01:00, 704d03ef405b06eb462007c1dceef9ec57bb11d8  -  2017-05-08 16:47:01+01:00, 1754bafba02672cda696c74b0981e4e5d4a0fa76  -  2017-05-08 18:45:41+01:00, a0ee59bd140fec5f641519f256e07b3364a0746c  -  2017-05-25 16:56:07+01:00, fddefa068028b597ed04a3d67101f8ab8d67bb2c  -  2017-05-26 12:13:56+01:00, b99565c356ba63e5841ca16275b9c4ca1eec96cc  -  2017-05-26 12:36:33+01:00, 9bb66e6699358a51e3b5f0ed01e63b964c086dc6  -  2017-05-26 14:27:12+01:00, 22bfe4f64db683748870b72690f66805550daeed  -  2017-05-26 15:05:29+01:00, b358d47719c977aec1277780a75d3615aa16f3f2  -  2017-05-26 17:11:13+01:00, 5eafa10b6e102677ce934ea060bc592e32d7af84  -  2017-05-26 17:21:53+01:00, 69b864b9b1c483bdcf796971a68bf2c325ed58e0  -  2017-05-26 17:36:00+01:00, 63de667ed0aeb90b1a5a9ccf1f99b9001b830163  -  2017-06-06 17:29:26+01:00, b2ba9d79119bfda2b8d591c679a80194110a80eb  -  2017-06-06 18:40:50+01:00, 19d01156235c54560d0badf5c385cf8f81f4d964  -  2017-06-06 19:20:33+01:00, c0b7b555673765604fe9527e057b7ea0692296a5  -  2017-06-08 19:02:54+01:00, e8999ace2eff8d1cd3eaa87a7d69fa32efabb44c  -  2017-06-08 19:20:56+01:00, edc300c876f4505cd5da65d4ead80ea63fbbef4e  -  2017-06-08 19:48:43+01:00, 8c4249685fed08a7a0bef761ed763f0582885ae4  -  2017-06-08 19:56:47+01:00, 186945d238d52d113a69483a1f9c8f89e5a1e834  -  2017-06-09 12:32:32+01:00, a88c4cff6dd5132b6d7dd5743a81ed15a93ca4bc  -  2017-06-09 12:43:41+01:00, 32ade2af4060a2660d0b34df7a71eecceda53a4f  -  2017-06-09 13:14:43+01:00, 0f950f4b9d2f89fe397138f336203270b96e06c9  -  2017-06-09 15:16:25+01:00, 36d8911ecb490e7eb90c68ba34c2b9a9a821612c  -  2017-06-09 15:23:38+01:00, 834eb92bdbcd6d566740161357fec300ba2ccb6c  -  2017-06-09 15:44:21+01:00, 2ce358b20304c0b24194189be1e5c1b366b51988  -  2017-06-09 16:12:25+01:00, a330a21859c18be46d4e20dc73f3280e50da0efa  -  2017-06-09 16:21:32+01:00, 67aabeb2b8a7b1cf1bf362a42af671931662c9be  -  2017-06-09 16:35:57+01:00, 9bd8391e2ce7b940fad1ba93fa7c1f8c7a886aa5  -  2017-06-09 17:05:38+01:00, 5aa3ead19352ccf84da3a248d96cb69a9b190134  -  2017-06-09 17:15:57+01:00, a2104666fbdd3c12046267d57ebf1013fc25adac  -  2017-06-09 18:34:18+01:00, 8d6bb0fd1a30aea413b1b4d86a6568da77cf32b5  -  2017-06-12 14:48:17+01:00, afe76e8bbf5dd8fac748a769a408d7af69307775  -  2017-06-12 15:34:13+01:00, 4f9f6651b718da6207445212509e20b3e10a69c3  -  2017-06-12 15:52:21+01:00, d4ce36970b8ae99bbc50385301dbb6674793c818  -  2017-06-12 15:57:01+01:00, e0bcf3f674959ecc189803a0fe4a112a48b07654  -  2017-06-12 16:48:31+01:00, 6526fb993d2dfe5bf0e7922b1c190eb8053c1406  -  2017-06-12 17:03:36+01:00, 2f40b6d5fabcaf85dcf6a132befaf36cee445e02  -  2017-06-12 17:20:10+01:00, 431a7b30bccc71f46056efeb719f0b7d9d641d26  -  2017-06-12 18:06:50+01:00, 0940aa04ee9bb217d91cc9cab7df6628881fcd6e  -  2017-06-12 18:24:39+01:00, 278545e976335320e8d22118b3b3bbdbc02bd6d5  -  2017-06-12 18:38:27+01:00, 6822bea9858d3f08875ed30915385a903819dc8c  -  2017-06-13 19:14:21+01:00, 8380c3931852138b250190eb15143e497d520abf  -  2017-06-13 19:17:14+01:00, 1c6675e3028ac39af95ece2e5fe9851e8d2e9b99  -  2017-06-14 12:41:26+01:00, 9b1a9dd7901dfd499afdfd1322d2a82a6951a538  -  2017-06-14 12:46:29+01:00, caa0b46c6a6af5ca79638b8d78fc14d4d89792fe  -  2017-06-14 12:48:32+01:00, 4545eb67bb43f39638f1b684da6b4721ab3d97a5  -  2017-06-14 17:13:10+01:00, 7e7cb2c560ee78e009ec97ee5dae207a0731c97b  -  2017-06-14 18:35:02+01:00, 6ec40ff5221c962165f6be63793555ac8cb9416b  -  2017-06-14 19:20:29+01:00, e597621187f221bbef7a444e7d967176027b0ad8  -  2017-06-15 13:18:50+01:00, bfbafbcef4eed0f1b09378c3c6401ae5f206ef26  -  2017-06-15 13:27:37+01:00, d14ba8e58c258364a7256690c2fa98efd8d68372  -  2017-06-15 14:06:25+01:00, 2bb87d2586d605f1831a183c047168fa1cf9f09e  -  2017-06-15 15:59:16+01:00, 45da5d094dd32ef6d55630dd7780fd72fb472a48  -  2017-06-15 16:18:53+01:00, 30b15c43b10cb036be791d4992bf840306186fb3  -  2017-06-15 16:35:14+01:00, 303e6c54998ea8c061e1ebddf10b262fc07057fc  -  2017-06-15 16:50:42+01:00, e4caa983df81ca8107adcc1a81b667b7479c4aab  -  2017-06-15 17:25:27+01:00, c0593524ab3c646262a208887bdac058cd7b82b5  -  2017-06-15 17:52:08+01:00, 9f718ef37cd2dbfd88d21084f59f668dfa932cb8  -  2017-06-15 18:00:30+01:00, 98c1385bba3f17d6ae0acb7e40f2d227b37e005b  -  2017-06-15 18:15:51+01:00, 2cde440699a7228bebab89613b5cacc6ebc6fc77  -  2017-06-15 18:21:39+01:00, 71a293259c2109681c3cbcf4a9fada98896eba6b  -  2017-06-15 19:19:23+01:00, 365a61e52ddab0251fa5740f90959101114ca84c  -  2017-06-16 13:21:28+01:00, 63b215def5a5c0b67c41f20146b5ec0b17a0c3ab  -  2017-06-16 13:44:00+01:00, b9727a7c44b7902005f98f4e547cd8f09de8cb3b  -  2017-06-16 14:03:08+01:00, 330c9b298d2f23a4a0a7f5e2ec78694b96dad9f5  -  2017-06-16 14:25:07+01:00, 301cf609ad9bfdf46ab067540c2504db1f2b22f2  -  2017-06-16 15:23:48+01:00, 32e023fca402d14a4dee7bab3fff62590ff37f11  -  2017-06-16 16:04:48+01:00, 1346f5cd746b3f806c2a53f234bd5c95d40d6af7  -  2017-06-16 16:57:23+01:00, b93735f15b0c80ef07f4bdbff9e4ff5b810f489c  -  2017-06-16 17:04:18+01:00, b003c9fea54024551937db804fd41facc63b5abe  -  2017-06-16 17:19:31+01:00, bb60b30a68bdfbc479d741e4b6a5a09e613fec42  -  2017-06-16 17:34:18+01:00, 61db6a8a936a51ede918fc6483e1ce37bb0684eb  -  2017-06-16 17:46:08+01:00, c73e63de42ab7105d6bea0cea6bffc39ce9d3fa4  -  2017-06-16 17:51:05+01:00, ca1cb78164c369a2ce828caf84375d6051649d99  -  2017-06-16 18:00:46+01:00, c53aba8bf737deddcc77db1da2d231e0a43669c9  -  2017-06-16 18:24:49+01:00, 0df93c56190550b3e23a778d3716affd0550db34  -  2017-06-16 19:37:08+01:00, fc25cfd7505d36485577c4712e83060bc308a368  -  2017-06-19 12:26:29+01:00, 80945fba17c6bfefdf8fbbdcd7827c0a5f7770b1  -  2017-06-19 13:56:04+01:00, a35f0125010c0f23682e50975aef6b315c6cd770  -  2017-06-19 14:19:59+01:00, 950382c0c101404884832b8eb16f3ec9f43ccc02  -  2017-06-19 15:23:45+01:00, 3536d8749ac3afa445b1857337107cbd59661720  -  2017-06-19 16:00:24+01:00, 15261c078cd7c7e97ee6f884cec29e1004895cb7  -  2017-06-19 16:02:35+01:00, 9032ba09e82735f2191edf9727c82fa731d1f3a2  -  2017-06-19 16:10:04+01:00, eee8ad3e330165335b4c443fae39c402b92b489f  -  2017-06-19 16:19:43+01:00, 19d4c9e2c3d9ea3e32da1147c9fb7ff2cf7021a7  -  2017-06-19 17:00:58+01:00, 16c9fa852f544ebb5a1f83ab65cccf3ec2c289a0  -  2017-06-19 17:02:21+01:00, 0275ef9330db7c47f103a02d28597e68bc36abdb  -  2017-06-19 17:18:02+01:00, c3963ec9a1dce43ccd5e2b9b0d01ab0698f5ba04  -  2017-06-19 17:19:52+01:00, ff20944a1ac98bcdd9c8ddaf7c0d1e4635686055  -  2017-06-19 17:37:20+01:00, 069a0da15c207a704cd49577d2e213b5ae8139c8  -  2017-06-19 17:39:28+01:00, 5bbc983e7d92d4d21f0731f8bd378db155693f0f  -  2017-06-20 14:15:38+01:00, b78b96f6df7f9afbd29fb26ab337d2171920e07f  -  2017-06-20 14:20:38+01:00, cb16ead042edb4e0b8efd16cdef167ae56367e1a  -  2017-06-20 14:23:08+01:00, e5c61fed187f18d1badb2b9606139ea99c2a736f  -  2017-06-20 14:29:29+01:00, 81a3f2f73f3a134f0b0bef1fad4cca127ec979c8  -  2017-06-20 14:40:26+01:00, 5596cbbbcc035f5ac0a16508ba535e1f57a59abb  -  2017-06-20 14:53:09+01:00, 7d4bb8631d6cb4afc05417eea98632b8ca56049e  -  2017-06-20 14:56:12+01:00, 9940f71578eb3dacc2f7fd595ef03ca31920a24f  -  2017-06-20 14:58:42+01:00, 17243b79c378771cb33d80898a97611f6b8dfea5  -  2017-06-20 15:08:54+01:00, 5d65aa7fdf36f78308fd6cb00d5870c8c57bc750  -  2017-07-25 15:18:52+01:00, 1aa5529cf48c257f42c1c4dc38a99a9b3fba612a  -  2017-07-26 17:33:10+01:00, d705676056784f048d31b3946ccc3cb75906c761  -  2017-07-26 17:42:03+01:00, 5b81b5045a3662c37d51bb50e0dd862395144e2a  -  2017-07-26 17:45:50+01:00, 969031fe44bbcfbaf8e6deb0ff2af982b0ae3087  -  2017-07-26 17:47:48+01:00, 49143cb2fe9ce41c060f4398e51232527af87a80  -  2017-07-26 17:49:21+01:00, c39b9a194b4ef60917d9e6f75cb02f78df18d4f2  -  2017-07-26 17:55:15+01:00, b3853fee795792bba2d8d1786d6d076a17d4ca67  -  2017-07-26 17:56:51+01:00, a74053cf4868e9f8ebd2ff33299fa0a97225ac90  -  2017-07-26 18:00:40+01:00, c2084de48da56d38aee5809afca70bd7aa3f5865  -  2017-07-26 18:01:53+01:00, 7bb6261950a24e18d5bd35660a5ed3988f05ea66  -  2017-07-26 18:06:46+01:00, 771bc86bb130b130df6fd5f4a897cc5686c84e32  -  2017-07-26 18:08:40+01:00, bc941d32c11efbf594406414130e3dba40d88b0e  -  2017-07-26 18:10:16+01:00, 0b1fbcfba5b2d2e2d78dd21fa9c8889e8cd5049f  -  2017-07-26 18:11:28+01:00, a058960647f76249e69dfdcb30e84340b3108ea0  -  2017-07-26 18:13:06+01:00, ebbc2c1517f3799c92b06d6aa8bfe8f88f835161  -  2017-07-26 18:14:46+01:00, 3871e6dc4b94d08c466911afa8cc1c7272c1e046  -  2017-07-26 18:17:02+01:00, 69e781f06df17afc67cd2ce0bfb41fe15b179ef5  -  2017-07-26 18:18:46+01:00, b08aa8500e4426e393f31d31670af0a2abd0bb8b  -  2017-07-26 18:20:58+01:00, 52970d4a533c101e06c09ddbcf72b34e6aeb7c76  -  2017-07-26 18:29:06+01:00, ebe390bab0200c3270dabbee94d040bc5b097c23  -  2017-07-26 18:41:22+01:00, d16a5818493252b6c26833ecbc007447f23ace4c  -  2017-07-27 11:50:15+01:00, 001795e29899368728dcc969377a862c66a886f6  -  2017-07-27 12:05:58+01:00, 6c68d5f3e144a842e85af08657f992e1696d2a5e  -  2017-07-27 12:10:00+01:00, 2394d4df533081510005b92fefa6148125c7d9f2  -  2017-07-27 12:14:22+01:00, 641e47bb34f673a5950010af3153a79cc0328bd2  -  2017-07-27 12:17:15+01:00, 21b1bb4c6f965a0e4a8df352c99edfecfe890309  -  2017-07-27 12:18:47+01:00, fce16d1b9fddd0582ec1b68c97e6b26fe1b779ef  -  2017-07-27 12:21:53+01:00, 34c8a1d9045a33b8e45001e00ef0f3a3e4e24a26  -  2017-07-27 12:27:32+01:00, 12b3aa4fc9065ab8f01bc05be6630d96e5846aff  -  2017-07-27 12:35:21+01:00, 53a311d4dc8a5380f021225b6a37458e0bbb29c1  -  2017-07-27 12:38:47+01:00, 4861cf1c4885fd713601b637d805915ec7d946dd  -  2017-07-27 13:04:58+01:00, 75e29a7191f0c211107c5394ed36c1cf65216bdc  -  2017-07-27 13:09:54+01:00, d3c7a776383e6848cb68f8275781966090217714  -  2017-07-27 13:11:48+01:00, 7c18d7f9481339017b4817d4259ad1dbbb58fab7  -  2017-07-27 13:16:13+01:00, 11739c13da9f4c2c71d79a372c6328fa7e97b4f0  -  2017-07-27 13:20:42+01:00, 8ab97e4a96566e944d4128e0a81553a725b8ed9e  -  2017-07-27 13:21:56+01:00, b2eac2615ff3366119a9b9579d381699dcea4c44  -  2017-07-27 13:29:26+01:00, f82f7bf613267ab96e9beecbdb0c6c7cb7079d6e  -  2017-07-27 13:30:42+01:00, d75ac6bac2b6209424b6d11b15223958e43cf065  -  2017-07-27 13:35:48+01:00, 37b3f303bfc53aee0f5df7c91cbd92fc1bc88b41  -  2017-07-27 13:37:48+01:00, 70b8a15efca2d25fbfaadd5f2cd5b8b463ff15cf  -  2017-07-27 13:39:48+01:00, 5013e2f65d29202673a48f2cf185aaa38b1b2c36  -  2017-07-27 13:41:02+01:00, f2389b38b18ecbadd24221e7119fe95416dbfdc0  -  2017-07-27 13:44:34+01:00, 513ee03ffd3627abed2b90ab650c5e6279405785  -  2017-07-27 13:45:47+01:00, cef76908df8889962768658035ab8014f6a5422c  -  2017-07-27 13:47:08+01:00, 4722c718d048b8c43c98a9dbb6a153c0ae314f3d  -  2017-07-27 13:48:08+01:00, ec11c8924d9932031b91557670b452a4d42cb91e  -  2017-07-27 13:49:22+01:00, dc972ae0675aae9b00795153e6d8087ff071e2b3  -  2017-07-27 13:50:19+01:00, 4dcb57a98ea8a807850d373867d28a46b1d33561  -  2017-07-27 13:55:43+01:00, 50d59d0d44ec9ed4a8f5a80ec4cdf5958bd44b18  -  2017-07-27 13:56:43+01:00, 1ca22526c96b1f2831da2b5be7cf0a4ed476bc85  -  2017-07-27 14:02:03+01:00, 53d8f0a228b78a8cdde04fe9cf1d19c7da52161e  -  2017-07-27 14:02:49+01:00, 32c257274779be588be2728379ec9f8283c2421b  -  2017-07-27 14:06:41+01:00, 8311f7ad7a4a070551e692c334ae5714ca8a1d84  -  2017-07-27 14:08:06+01:00, 2c15ac7594a8a0aa12cc632016cda083e2dda367  -  2017-07-27 14:09:07+01:00, 88436b3723411913563df9c5ebb6f5c999b2a589  -  2017-07-27 14:12:48+01:00, 1bea11a1789e228bc7b3a9935f7ae32c5abd8378  -  2017-07-27 14:15:16+01:00, 890efa6b33ff1bc9e6565181c9819ee438ec333c  -  2017-07-27 14:17:20+01:00, 39bba875efd7c1b4a722b86fa65063dae07fd9af  -  2017-07-27 14:18:40+01:00, a879906c08ff659435d42f84519e5ef42bc4819c  -  2017-07-27 14:21:58+01:00, 165bfa94efeb2d14998da811b6049e67f045eb28  -  2017-07-27 14:23:43+01:00, 85df01d9e0e176f7cfb7b70d3bd3dba41826a57c  -  2017-07-27 14:24:28+01:00, a7ae0fc8049a147050db93d425232700b4d445a0  -  2017-07-27 14:25:27+01:00, 075aa7c179d3b54d424ff93484c42851b47d2d7d  -  2017-07-27 14:28:31+01:00, 9e8311f127b71563186b5faeb54e01017d0dcbde  -  2017-07-27 14:29:44+01:00, d43cbb8b4c76fab005cca80843df4d85dcbbd9a0  -  2017-07-27 14:30:52+01:00, a9332c0b4574e836f6bf0296c3b08734846e0646  -  2017-07-27 14:39:32+01:00, f1757d026941358c8668683190e19432c4817ef9  -  2017-07-27 14:45:42+01:00, f95017d540da6419f650fc88938c42c060ccb872  -  2017-07-27 14:46:41+01:00, a8a79811d70836fe1fab5b5fff872922993a3142  -  2017-07-27 14:48:41+01:00, 111bfd79b8fb83e133cbe98da3b26bd911eface1  -  2017-07-27 15:02:31+01:00, d6bda1f97fdfa670de99d5b6ea038d0cc4343abe  -  2017-07-28 14:29:02+01:00, 80e94383b106f1b8625cb4a559c6a6f9b1bf1d45  -  2017-08-03 11:24:20+01:00, f57d8914a0710a02dc1532ecf55cc31dc088c306  -  2017-08-04 17:31:44+01:00, 3bda331fff0b868d6a49b746e5e7bfb10a705a3f  -  2017-08-04 17:41:37+01:00, 0a7631ae641f7970df6d9c899af911216808f8e2  -  2017-08-04 17:49:37+01:00, c64f7a6a65715dcbcebbc5d73468f5af347f3fff  -  2017-08-04 17:50:50+01:00, 0cf316f8258e81051756416645b75a78dcdf25ad  -  2017-08-04 17:59:04+01:00, 1e11b393111f8bff18d9e836c80df478ce33dea1  -  2017-08-04 18:14:30+01:00, 87899c4ff175f268187296bd201698727fbe26fd  -  2017-08-04 18:27:10+01:00, c486259c69d82ef44cfdca4e6c3b32c822c412fa  -  2017-08-04 18:32:50+01:00, 0731c0b8de32b71882cd3c078906e8351a982078  -  2017-08-04 18:40:01+01:00, 4d39fc0bfa6577d5e247b8f8bcd548318571bb94  -  2017-08-04 18:44:53+01:00, 47ddbf3edcf25ac802613f9364074614f875ac2d  -  2017-08-04 18:47:19+01:00, 2d1020a2e4ddd30026a0e580f7ea79f0ec6a7e97  -  2017-08-04 18:49:22+01:00, 61995637fd14ddad82f70a3d86f0a0af4b7fdf6c  -  2017-08-04 18:53:58+01:00, f770d7abf7a24fb00112f8740955f48b73050d6e  -  2017-08-04 19:01:55+01:00, c9c6a7bb275acde1a128e41b649aea39eea1a220  -  2017-08-04 19:22:46+01:00, fd6e43f64ac11f2d93afdf63a2e5edad0e4d7bcc  -  2017-08-22 12:48:00+01:00, dc2b79611ee2d899d3e2ca26ed804030c709c4e3  -  2017-08-22 12:53:40+01:00, cea58e41725a7e9fd9063555f291d62a8e5ef1dd  -  2017-08-22 13:04:55+01:00, d4e08e98ce9acde576264d235f83b668374fa48e  -  2017-08-22 13:17:41+01:00, f0a5129bd4bc5d310561b50a3f4fd13975c6f07a  -  2017-08-22 13:21:59+01:00, e4ca396c1cffc546ea905cd18b022a0ba9d28bf5  -  2017-08-22 13:22:39+01:00, c7abdc853634b39fbc7422db08c63c7b60de5fb7  -  2017-08-22 13:31:55+01:00, d550ca2dc5461b851c4f29e38dd538de3d1d49db  -  2017-08-24 13:31:55+01:00, 388219c03a09bf9303e85792791498f63d033a50  -  2017-08-22 13:37:10+01:00, 6129536b7d033664f21c5bc09f2f169e2c87ab52  -  2017-08-22 13:39:19+01:00, 4ac42fcc893336324e27f5fa2fc5cb8622923c9e  -  2017-08-22 13:47:33+01:00, 4a8980afd50dee86d423fdb59499dbd00686a976  -  2017-08-22 14:02:00+01:00, cda42d84c906889fc118ea02ec48f42189371c2d  -  2017-08-22 14:03:08+01:00, 18ccc4b65af4b79d9093f443ad4138382fe6656b  -  2017-08-22 14:05:10+01:00, 7bc8663933c59de06018c54f30b5e2f13f373cd0  -  2017-08-22 14:08:05+01:00, 093c5c92581b113ca8fa4aaa8541ef2d00484761  -  2017-08-22 14:16:56+01:00, 4fe2c1a5e4788b6403355e270cc55f2ca9963ad9  -  2017-08-22 14:22:11+01:00, 285199b6d20ed17792ec6ebca2570d7bc61054bb  -  2017-08-22 14:33:47+01:00, 279e29a9d4f51a6f984327028fd6af3dcf1a588c  -  2017-08-22 14:37:01+01:00, 32f7f8b69f115f8eb33e5b353b88168d8a2d6d3c  -  2017-08-22 14:42:12+01:00, 7de283270f88a368e331ffece1ad874b5f594017  -  2017-08-22 14:45:37+01:00, e18b2b398da3b2a2252ab517da4022d9f6f00720  -  2017-08-22 14:47:20+01:00, bd93a149d282e6641b76e18cd49cd0695a9184d2  -  2017-08-22 14:53:04+01:00, 70d19d635a355da5b2cecf02ff6c01b3f56106ff  -  2017-08-22 14:59:01+01:00, ace7e4624688210c00ac53f829ca4196e9fd358e  -  2017-08-22 15:06:18+01:00, 7de6b0ce61dd2f7e46b21390dd96c81b9effc57c  -  2017-08-22 15:12:13+01:00, 0c17e937fd9321834d21d0a38f77f295590f5caa  -  2017-08-22 15:13:26+01:00, 2a08a268b6189b9f894d72106064ae171e5d00f8  -  2017-08-22 15:14:33+01:00, c9f258d842ea127f35a378e261910b0a32827120  -  2017-08-22 15:18:22+01:00, d23efea0896713dcf5516c58b00ea4410243050b  -  2017-08-22 15:19:36+01:00, 5d83ea1bcb378f9830b38025db806c49cda30b86  -  2017-08-22 15:24:45+01:00, d024ce6e8f0e59ce0441ed38339f2dc15d398ce0  -  2017-08-22 15:26:03+01:00, 907e4cc32b9497d49698eab2d6e0430a9d69927c  -  2017-08-22 15:31:46+01:00, a6add43ad26914a52478d0ab7c93cdaff9522dfa  -  2017-08-22 15:35:41+01:00, 7e726dc3864405abf4fa68abd108b471b606b2e7  -  2017-08-22 15:41:15+01:00, fe930e74ea12f4b605110905b09d166bc64c15fd  -  2017-08-22 15:42:52+01:00, f51e70d019c18853bf44e28d6193337549c522a4  -  2017-08-22 15:48:21+01:00, 21ed018487875581aa815aada9d3f2626b315c53  -  2017-08-22 15:50:10+01:00, 895f1501660c2750ac787ab79864882d860ca2ba  -  2017-08-22 15:54:49+01:00, ec1c5c29a9b54bd98d35ccbac1e08d0e0dd438de  -  2017-08-22 15:57:58+01:00, c1641bcc88f5982e66e40d2a4a8a4bde90d9b495  -  2017-08-22 15:59:45+01:00, 36dee6ce5af8228885202d5583835faa1ffe7aaf  -  2017-08-22 16:03:35+01:00, fc961e6e343e6622dcd081c334d39572a71e251e  -  2017-08-22 16:11:17+01:00, 1054ffe2299af200a68764147a510f66c7ce7134  -  2017-08-22 16:13:31+01:00, 432c39b74695ddfbe4055c85e506aa3ca1ba4300  -  2017-08-22 16:14:40+01:00, 127e33f8d5d47780bcc57c7f146391efe9dc0fa2  -  2017-08-22 16:24:40+01:00, dd38e6207d951aa919a70d5adf77071b3edc2bab  -  2017-08-22 16:26:02+01:00, 850303a73baf19965b66b3df3ff3a9ef8367969c  -  2017-08-22 16:32:03+01:00, 435ab90b4bd89109013d92293fb21a6feabd5c58  -  2017-08-22 16:33:51+01:00, 87742dee07676ece63a732725ab2b0b1412f848d  -  2017-08-22 16:34:36+01:00, 8f6c90dc72ee9294f6c5f52dde9c0d54eb91de74  -  2017-08-22 16:35:37+01:00, 3efdc8cab4d35d9d411b2b23896308f4e800fe97  -  2017-08-22 16:53:19+01:00, a8e9d79fd3168ff79f0a9a0c44c2697b39aa2bc9  -  2017-08-22 16:55:16+01:00, ae47db828857fee0d4212285de2362c934f7f0da  -  2017-08-22 16:57:03+01:00, e08a81045c2ff23b63760313e5b9e0679c8b9823  -  2017-08-22 16:59:55+01:00, 12604cfc38e8117373084470feb1af0edfab8150  -  2017-08-22 17:02:13+01:00, fc02e094d3256bea5c81668645bd7f332c312200  -  2017-08-22 17:04:03+01:00, 08005e3522d8fa47e89af75379b250cd56fc0505  -  2017-08-22 17:07:10+01:00, 7f7e16592726f05f789d883be73eee7035690fde  -  2017-08-22 17:12:58+01:00, e5dc7c4a3f63d4baa3414ca850c8292e1a7c415d  -  2017-08-22 17:47:06+01:00, a507812d34f649adbd907b61dcba3159a1b626fd  -  2017-08-24 13:01:14+01:00, f7434bd86ed1165a563a5d0e4ef321e977362cc1  -  2017-08-22 17:49:32+01:00, 9ea45fc6b0e7d609d4c85e5570d0458fab3be3c3  -  2017-08-22 17:56:40+01:00, b376732a000ce481a4b84d63b206fa3f779f08d1  -  2017-08-22 17:57:43+01:00, ea71c5d57c495ee125433c7fbd4327127ae48569  -  2017-08-22 17:58:41+01:00, a7a416089d9fb33bf3f6b83adcec106aca6ef691  -  2017-08-22 17:59:32+01:00, ff46a1997c8af4e1b66fdd1a2426bdd526df94a9  -  2017-08-22 18:00:34+01:00, 8780995416ca3a0f799550137f27334b0919bfbf  -  2017-08-22 18:02:22+01:00, 3d96ba9b56b069680bf74621c5132996c0ff3b70  -  2017-08-22 18:05:16+01:00, a33f36ca151c3387e3e83247a6a18c636126a265  -  2017-08-22 18:09:59+01:00, d7f2f4413a74b91976ac7d68928b128771c5c698  -  2017-08-22 18:12:09+01:00, e881a0451f2371c6bf8cf4ad2cbc46e37ac41fc2  -  2017-08-22 18:13:12+01:00, c5c02d745f4406fad6fd024c596e2aabfde6023a  -  2017-08-22 18:14:59+01:00, 879fab5049b9697b2e68f23e989c9aec7544cab8  -  2017-08-22 18:18:22+01:00, fdd120da85b3b4d761b38f44e654df5479ed01c5  -  2017-08-22 18:22:31+01:00, 4711ef31404e9b2f90ff8482d11acf46d9eb9d54  -  2017-08-22 18:26:40+01:00, d6639e21e48e2583d2add5639720c269d0e5be28  -  2017-08-22 18:38:10+01:00, 17fbf194f8e25bae037024593f73b811836623eb  -  2017-08-22 18:40:13+01:00, 50427626391fc22ccfd7e6cadb4f72840c5e5532  -  2017-08-22 18:41:20+01:00, dc5649b42bb36ca82d0d0a469f96874b7bd875fd  -  2017-08-22 18:42:28+01:00, b96f6674c2d382a4e663a9aa9e318fd7c89e194d  -  2017-08-22 18:43:32+01:00, 1f5814a9bf66de0c9192afb06c9b68f432c1d2a8  -  2017-08-22 18:46:03+01:00, d2ba5ef545c08b2b916e0359370cb51fdb29a638  -  2017-08-22 18:57:50+01:00, 60942737e23049793b835055c18ef32fce44697c  -  2017-08-22 19:05:07+01:00, e1d864007a6fc7adb30c5a228c58ba823e86a1e7  -  2017-08-24 13:06:29+01:00, de15bfd1dc504ce81a66e41d07c1f105c845d6fa  -  2017-08-23 11:06:43+01:00, 84c40c5e616725516a811375bd191bc78ade5787  -  2017-08-23 11:41:57+01:00, b22dc0b44d82f854c0b2f38776dba2f24b2421ff  -  2017-08-23 11:43:40+01:00, 0cba195e7cdf91bed5f77cf8778c2c27ba698c12  -  2017-08-23 11:44:57+01:00, 29667dacbaa1f9d23794d3da9089e5879daefaa3  -  2017-08-23 11:53:25+01:00, 3a1b4a1940e1b319507dcf46f8ab5a7d5f32c0ef  -  2017-08-23 11:56:41+01:00, d8dd851ecba785b0ebf4b97a60b194973f1cb8c5  -  2017-08-23 12:06:03+01:00, f4f5413a6daca1be65cc4f66e07d25c292438a0a  -  2017-08-23 12:08:40+01:00, 586dcbac549beaa9e3f734991c87eb9fc7310971  -  2017-08-23 12:11:29+01:00, 51b90a3d54c0fb91cdd17b0d461c94353299ff20  -  2017-08-23 12:12:33+01:00, 77c89db91d015e2bc1b493074777d74cdbcb9fbd  -  2017-08-23 12:16:24+01:00, 356e9d1c2676e6f5a60ccb0c124149e9b8bd7e41  -  2017-08-23 12:17:10+01:00, ee626f7c80cc00692cb2fc1d8696bdc38859a6ea  -  2017-08-23 13:33:09+01:00, 826a0f791c2375473f25643f940f779fc626d751  -  2017-08-23 13:34:04+01:00, 881611c97ec874d1e96712eafc01d44b008682ce  -  2017-08-24 15:37:13+01:00, 4f89cb88ac64bb6843dfface9afb006c236a5301  -  2017-08-24 15:43:58+01:00, 38166e1f54359871c9aaf63b33b18a4fc88bda35  -  2017-08-24 15:53:52+01:00, 234a974546b596b6d405ff7f6f9208b86d9fbe32  -  2017-08-24 17:23:20+01:00, 0766d6c24c25a92a9e62fa95cf1f0d6fbac3ae7b  -  2017-08-24 17:31:49+01:00, a0fa0f80b8aea6c05d8c32431ce272995e52531f  -  2017-08-25 11:38:17+01:00, f7eb08ee80de9c732c9cf5a5a14b87fc1bea9d04  -  2017-08-29 15:01:56+01:00, b627e0e5101d043f8590844d2caa22e52fd12aae  -  2017-08-29 16:03:49+01:00, 533b45f94ceb37dd8c6f614da94daa4ec18fd3b9  -  2017-08-29 16:08:09+01:00, 50c355729c54814962d596d86bec803f7a709681  -  2017-08-29 16:14:51+01:00, df8c75ee2675d79f7c63bb8be69036841e2ac402  -  2017-08-31 13:09:05+01:00, 29bc47d2af8cb06d78e6258395e67b00afb40890  -  2018-07-29 20:16:23+01:00",95.35768612280918,1.0,Misto,Colaborador
Rhodri James,runtests.c,,,XML_UNICODE_WCHAR_T,,,,,,Colaborador
Rhodri James,runtests.c,,,! (XML_UNICODE),,,,,,Colaborador
Rhodri James,runtests.c,,,! (XML_UNICODE) || (XML_UNICODE_WCHAR_T),,,,,,Colaborador
"Fred L. Drake, Jr.",runtestspp.cpp,0,True,,1,537b806d7e48d4c1a47e805eefa3df9f2679fb60  -  2005-01-28 05:19:53+00:00,4.332499755040257,1.0,Generalista,Autor
Steven Solie,stdlib.c,0,True,,5,"607730d3fe67390710228b37fc30641080bc1ab7  -  2005-12-24 06:39:56+00:00, 88fc663d4033483df0056f129ca4dc1ec97e1f62  -  2006-03-19 04:32:58+00:00, b77dbe5a1a5240689eb07bff4b6d70baa8f42d19  -  2007-06-03 14:55:09+00:00, a56eee776613911bcc2046fa4a88b4f809dc28bd  -  2009-01-31 20:57:34+00:00, 823aa3badc7c7e409e085eb0dcfec288ee47824a  -  2009-08-08 03:48:55+00:00",5.211,1.0,Generalista,Autor
Rhodri James,structdata.c,2,True,HAVE_EXPAT_CONFIG_H,1,8b64146e2107b9c1b580d52334418d622216b993  -  2017-08-24 17:22:21+01:00,4.038370430108653,1.0,Misto,Autor
Rhodri James,structdata.c,,,XML_UNICODE_WCHAR_T,,,,,,Autor
Sebastian Pipping,structdata.c,0,True,,3,"5c6c28cf40feb6bcdbda73338fcf82019f12d31f  -  2017-08-29 22:35:44+02:00, 850c0922e1b4a2d33a80370b740a084990c15812  -  2017-12-03 18:11:00+01:00, ff0606bb866189b2f06995e864798737d5589646  -  2019-07-28 01:05:24+02:00",3.4323454553375368,0.8499332873842356,Generalista,Colaborador
James Clark,unixfilemap.c,1,True,MAP_FILE,5,"17ff609e03ca875d344e1cb8ce5405f77cf08302  -  1998-03-28 18:04:56+00:00, d4ee1a1ee1b6d0ffe4060dff2c1a398b77bb8f53  -  1998-04-05 15:11:29+00:00, 973ad606fde0f7b553a413409b28096032d4aa95  -  1999-05-29 02:19:21+00:00, 4e9aea4c1b2c04bb101a829b9c364e144f90b83e  -  2000-04-21 03:58:42+00:00, 8fd4a833187f53e02b6fe2b1513ea47a780293c4  -  2000-04-21 04:20:31+00:00",4.4133449654180525,1.0,Misto,Autor
Sebastian Pipping,unixfilemap.c,0,True,,5,"2671b8bb9182cec4032df07b1d4574a6fcd06244  -  2016-03-12 02:41:00+01:00, fe432127ab2c8d5a939bda0450c171a17fba36a1  -  2016-03-12 05:21:28+01:00, 25853168973f392737d715ad1e6002f4737985eb  -  2017-05-23 01:48:52+02:00, a704c940a4247f6e7da6ba1e2fa66981916fa728  -  2017-08-12 20:56:14+02:00, df75ab14f4c449259d07338161c36a2b7d9f86cb  -  2017-09-09 17:30:29+02:00",3.3153449654180522,0.7512091149448608,Generalista,Colaborador
James Clark,wfcheck.c,1,True,_MSC_VER,15,"1197596d3b880a3a2877512bbe58bf3e7db83226  -  1997-11-11 05:52:10+00:00, 9651443ca7e1384b2973a7e8a745e8ab3650cce9  -  1997-11-12 10:38:58+00:00, 9501138aae44531844959be873943fb088b40d9e  -  1997-11-13 09:05:46+00:00, 0ea9bf349b5cf84befe63c0c83a8e2305605d274  -  1997-11-13 09:25:49+00:00, a2c83c96b51d6ddbddc393d389912e55cc876056  -  1997-11-13 11:45:31+00:00, 6a9cec2f7a0a019214cc52128f20258b70c3abc2  -  1997-11-15 02:44:29+00:00, 9f41c277f9c936c607b7d06b40daa88ee091e449  -  1997-12-10 07:44:19+00:00, 8b6b5840ee63e7bfd57a04d30d3ced7aa621f332  -  1997-12-10 07:57:10+00:00, cecd64f6ab0a6f408e29a74eb1bf7f99199476f6  -  1997-12-11 00:00:08+00:00, b2eeefe571ad89eece362565066cfce9944e2d61  -  1997-12-12 00:48:27+00:00, e2482813bfdac777d7f7dd1592f2852b3756aea4  -  1997-12-12 09:23:24+00:00, b07d0e520811d83b792124ab09a574d779efc7d5  -  1997-12-13 06:39:04+00:00, 67bf333e47e9bcf47d91798995daa4a1649f5016  -  1998-02-02 13:48:35+00:00, 4e9aea4c1b2c04bb101a829b9c364e144f90b83e  -  2000-04-21 03:58:42+00:00, 8fd4a833187f53e02b6fe2b1513ea47a780293c4  -  2000-04-21 04:20:31+00:00",6.628499755040258,1.0,Misto,Autor
James Clark,wfcheckmessage.c,0,True,,4,"f237c0f54756134e88c2194b2a49044266fb5c62  -  1997-12-10 07:39:49+00:00, 207924eb8dc55aa8fcab2abef025b1751febed23  -  1997-12-12 09:23:27+00:00, 4e9aea4c1b2c04bb101a829b9c364e144f90b83e  -  2000-04-21 03:58:42+00:00, 8fd4a833187f53e02b6fe2b1513ea47a780293c4  -  2000-04-21 04:20:31+00:00",4.824499755040257,1.0,Generalista,Autor
James Clark,win32filemap.c,2,True,XML_UNICODE,9,"098f26ac79665fd34e1a43510d121fd6e5a9ce2d  -  1997-11-15 00:35:13+00:00, 9f41c277f9c936c607b7d06b40daa88ee091e449  -  1997-12-10 07:44:19+00:00, d4ee1a1ee1b6d0ffe4060dff2c1a398b77bb8f53  -  1998-04-05 15:11:29+00:00, 28bbc4f64f34dfe652ed0311cb096d7f2c6e24f0  -  1998-05-31 11:53:28+00:00, 68db987c6e95ccf37f363c20b94d760aa6aab880  -  1998-11-24 06:04:53+00:00, 1fb7b5aba9ea33c324f3811a3b5f6214f8b55364  -  1998-11-24 09:31:04+00:00, 973ad606fde0f7b553a413409b28096032d4aa95  -  1999-05-29 02:19:21+00:00, 4e9aea4c1b2c04bb101a829b9c364e144f90b83e  -  2000-04-21 03:58:42+00:00, 8fd4a833187f53e02b6fe2b1513ea47a780293c4  -  2000-04-21 04:20:31+00:00",5.161690910675073,1.0,Misto,Autor
James Clark,win32filemap.c,,,XML_UNICODE_WCHAR_T,,,,,,Autor
James Clark,wxmltok.c,0,False,,2,"e8060e4e7af9936f2134ba461d66e497efc5fccd  -  1997-11-04 05:43:52+00:00, cbfa2aaecea8b3dc9f61b19dbc34892b130bf2e2  -  1999-06-24 08:48:58+00:00",4.719,1.0,Especialista,Autor
Mitch Phillips,xml_parse_fuzzer.c,1,True,ENCODING_FOR_FUZZING,1,29eddcae5f85bbf9e9151924e24add7358133f66  -  2019-08-28 03:57:57-07:00,4.332499755040257,1.0,Misto,Autor
Mitch Phillips,xml_parsebuffer_fuzzer.c,1,True,ENCODING_FOR_FUZZING,1,29eddcae5f85bbf9e9151924e24add7358133f66  -  2019-08-28 03:57:57-07:00,4.202345455337537,1.0,Misto,Autor
James Clark,xmlec.c,4,True,FILEMAP,8,"cc8670632848c642cefa410b4d5c87dfc33bc12b  -  1997-11-04 05:43:56+00:00, 23b2379b34fbbb5125337be1ed82dc5057b850ee  -  1997-11-04 05:54:36+00:00, c4894ae2f72ca9cdeed8a68f7914c5c63bec2a5b  -  1997-11-04 08:16:45+00:00, 9ecf53290886ef13aab2a047b1403055e707ef47  -  1997-11-10 06:10:50+00:00, c31097545215fc7a027b9f8d354c8fd48a9910a8  -  1997-11-11 06:11:16+00:00, 42bc6a2d962292fc956ed5ad238d25466bfd46e9  -  1997-12-10 07:44:18+00:00, 4e9aea4c1b2c04bb101a829b9c364e144f90b83e  -  2000-04-21 03:58:42+00:00, 8fd4a833187f53e02b6fe2b1513ea47a780293c4  -  2000-04-21 04:20:31+00:00",5.480499755040258,1.0,Misto,Autor
James Clark,xmlec.c,,,_MSC_VER,,,,,,Autor
James Clark,xmlec.c,,,O_BINARY,,,,,,Autor
James Clark,xmlec.c,,,_O_BINARY,,,,,,Autor
James Clark,xmlfile.c,6,True,O_BINARY,6,"5bfaa295f9ee004857fb4ac7f400eaabad31f64e  -  1998-11-25 08:32:06+00:00, e98eefc69a67639daf8eedd53a4195d456deefbb  -  1998-12-30 09:14:04+00:00, 973ad606fde0f7b553a413409b28096032d4aa95  -  1999-05-29 02:19:21+00:00, 4e9aea4c1b2c04bb101a829b9c364e144f90b83e  -  2000-04-21 03:58:42+00:00, 8fd4a833187f53e02b6fe2b1513ea47a780293c4  -  2000-04-21 04:20:31+00:00, 9b3852311c5dcdf3331f5ac96900194b6db1a5ee  -  2000-05-10 03:13:58+00:00",4.283215640486448,1.0,Misto,Autor
James Clark,xmlfile.c,,,WIN32,,,,,,Autor
James Clark,xmlfile.c,,,_DEBUG,,,,,,Autor
James Clark,xmlfile.c,,,_MSC_VER,,,,,,Autor
James Clark,xmlfile.c,,,_O_BINARY,,,,,,Autor
James Clark,xmlfile.c,,,_POSIX_SOURCE,,,,,,Autor
Sebastian Pipping,xmlfile.c,13,True,COMPILED_FROM_DSP,11,"fe432127ab2c8d5a939bda0450c171a17fba36a1  -  2016-03-12 05:21:28+01:00, bdee307f196932370dbb79826793958f4f5b42db  -  2016-03-28 18:17:45+02:00, 69746f5ab29f3c2813bf56ccd928009914d1c8c7  -  2016-05-07 16:45:58+02:00, 92da19f1531eda33e7f396ba46ff2eb00a69e08f  -  2016-06-13 17:03:43+02:00, 766a485e6214bf8a58bc9d2c807b398ca209cce0  -  2017-05-01 01:13:40+02:00, 25853168973f392737d715ad1e6002f4737985eb  -  2017-05-23 01:48:52+02:00, 8f25f91e9e4aa2fffa573c1edb1e6f31a05d7c48  -  2017-05-25 15:06:28+02:00, 4f862dddf9d9260cd2448a5b62932cefe1705cdc  -  2017-06-07 20:24:21+02:00, 913851a90c13248daf6e0395da543ebf998c296e  -  2017-06-16 21:06:16+02:00, a704c940a4247f6e7da6ba1e2fa66981916fa728  -  2017-08-12 20:56:14+02:00, f75a40cbae93c8ddec6c0f122cb8c5b8750d1ae4  -  2017-10-04 21:16:21+02:00",4.063740860217308,0.9487593437522529,Misto,Colaborador
Sebastian Pipping,xmlfile.c,,,COMPILING_FOR_WINDOWS,,,,,,Colaborador
Sebastian Pipping,xmlfile.c,,,WIN32,,,,,,Colaborador
Sebastian Pipping,xmlfile.c,,,((WIN32) || (__WATCOMC__)),,,,,,Colaborador
Sebastian Pipping,xmlfile.c,,,((_MSC_VER) || ((__WATCOMC__) && !(__LINUX__))),,,,,,Colaborador
Sebastian Pipping,xmlfile.c,,,(WIN32),,,,,,Colaborador
Sebastian Pipping,xmlfile.c,,,(_MSC_VER),,,,,,Colaborador
Sebastian Pipping,xmlfile.c,,,defined(__WATCOMC__),,,,,,Colaborador
Sebastian Pipping,xmlfile.c,,,(_WIN32),,,,,,Colaborador
Sebastian Pipping,xmlfile.c,,,_WIN32,,,,,,Colaborador
Sebastian Pipping,xmlfile.c,,,(__amigaos__) && (__USE_INLINE__),,,,,,Colaborador
Sebastian Pipping,xmlfile.c,,,defined(MACOS_CLASSIC),,,,,,Colaborador
Sebastian Pipping,xmlfile.c,,,defined(__amigaos__),,,,,,Colaborador
James Clark,xmlmime.c,1,True,TEST,3,"7d442337132fd48fee866d484a9268c04ed3586c  -  1998-12-01 03:32:20+00:00, 4e9aea4c1b2c04bb101a829b9c364e144f90b83e  -  2000-04-21 03:58:42+00:00, 8fd4a833187f53e02b6fe2b1513ea47a780293c4  -  2000-04-21 04:20:31+00:00",4.258362842153245,1.0,Misto,Autor
Sebastian Pipping,xmlparse.c,30,True,COMPILED_FROM_DSP,189,"4cfcbc0b5c3dd5d62e086a6fac02c6df78c811da  -  2016-03-12 02:07:50+01:00, 6acb0a47372a9079cc6ff70c384f015a47f2c34a  -  2016-03-16 15:30:12+01:00, a5f2d0406056d384cdd4b9955384703137a4d19a  -  2016-03-20 20:26:27+01:00, ca523deca47303436fe522d030dbd9af3635be60  -  2016-03-21 19:56:05+01:00, f627ff74d631f4548f924ca5bd27ddad6cae07ab  -  2016-03-21 20:05:27+01:00, bdee307f196932370dbb79826793958f4f5b42db  -  2016-03-28 18:17:45+02:00, 888df4247c96849f43b403ff1b10a2752ec67bc2  -  2016-03-28 16:33:49+02:00, 2c346ba0bceb0fdc5199875f6bb092b4d56232ad  -  2016-03-28 19:21:44+02:00, 9ff1d645bf56e49fb38dfef09d098882c38b2d80  -  2016-05-01 23:55:02+02:00, e375ac847848edd5519d872571b3398925b2932b  -  2016-05-01 23:57:49+02:00, 69746f5ab29f3c2813bf56ccd928009914d1c8c7  -  2016-05-07 16:45:58+02:00, 92da19f1531eda33e7f396ba46ff2eb00a69e08f  -  2016-06-13 17:03:43+02:00, d62798204094ba1c0b8a0c6585c69c4c17185abd  -  2016-06-16 17:19:21+02:00, af507cef2c93cb8d40062a0abe43a4f4e9158fb2  -  2016-07-17 20:22:29+02:00, 9b3cb94d46eafb6058899e4ee91c2cc9fdbb9acf  -  2016-07-30 16:50:32+02:00, 863c43087f1848ca48e873d53751b09026511053  -  2017-03-16 15:51:33+01:00, 766a485e6214bf8a58bc9d2c807b398ca209cce0  -  2017-05-01 01:13:40+02:00, d4f735b88d9932bd5039df2335eefdd0723dbe20  -  2017-04-12 23:55:45+02:00, 810b74e4703dcfdd8f404e3cb177d44684775143  -  2017-05-05 21:53:12+02:00, 44178553f3539ce69d34abee77a05e879a7982ac  -  2017-05-05 22:04:02+02:00, b070843f5bd910534c757db9633e2542632bfa6e  -  2017-05-24 20:52:16+02:00, 9ed727064b675b7180c98cb3d4f75efba6966681  -  2017-05-24 21:09:23+02:00, 8f25f91e9e4aa2fffa573c1edb1e6f31a05d7c48  -  2017-05-25 15:06:28+02:00, 01e78c377b5d348d99b31e22129f2053d0b7596d  -  2017-05-25 20:07:01+02:00, c9cc7dd3d7117bb4a07a09e7ffff4f8d2d612fb1  -  2017-05-25 17:46:42+02:00, 7a939386875c26e936f0e07630ce80cff52ea64b  -  2017-05-25 18:21:57+02:00, 04ad658bd3079dd15cb60fc67087900f0ff4b083  -  2017-05-25 18:27:15+02:00, ad8521ca84ef0be70749e8978406843908a25658  -  2017-05-25 21:53:16+02:00, 84f9ca106617af03c239364f991a052f22c76ded  -  2017-05-28 17:14:44+02:00, 50db475431e870a5e7d6729572da2b7fb539858e  -  2017-05-28 20:50:43+02:00, 6a747c837c50114dfa413994e07c0ba477be4534  -  2017-05-28 21:28:59+02:00, 70db8d2538a10f4c022655d6895e4c3e78692e7f  -  2017-05-28 21:35:12+02:00, 4be2cb5afcc018d996f34bbbce6374b7befad47f  -  2017-05-28 21:57:37+02:00, 9592ce67717b34310f98a61516b42dc6e9378ba5  -  2017-05-30 20:37:03+02:00, 9e02465f095724b25c066d81e61947336ccb8f34  -  2017-05-31 12:40:28+02:00, f356fb56fb9e6094727c8e56c3ef60b5fa09d2a2  -  2017-05-31 23:23:37+02:00, ee43797ac94c3fe6ef0900bda62d5dfbabbd5cab  -  2017-06-07 20:13:54+02:00, 3fcef5021abf2de7cb61c8716a4674017114b3a6  -  2017-06-10 22:18:24+02:00, 7e5b71b748491b6e459e5c9a1d090820f94544d8  -  2017-06-13 23:10:08+02:00, 2b005a837faf981715cbaad32fb7b865aad9e9a9  -  2017-06-15 22:04:54+02:00, 760077feebc399998c66ec0e7c023865c2f21151  -  2017-06-16 20:47:55+02:00, 913851a90c13248daf6e0395da543ebf998c296e  -  2017-06-16 21:06:16+02:00, 484cc4e62c61b451e1977886c8daae1a0a364caa  -  2017-06-17 01:56:13+02:00, ac256dafdffc9622ab0dc2c62fcecb0dfcfa71fe  -  2017-07-01 14:33:57+02:00, 6ee259bc84550061979c11a57892a4294a78155a  -  2017-07-01 14:52:24+02:00, 939f5af58f166c2e8fda18c0ebe93a38ffb1f241  -  2017-07-12 17:47:55+02:00, ff0207e6076e9828e536b8d9cd45c9c92069b895  -  2017-07-12 18:02:04+02:00, 5f51145401802c603c1d2067d78195a20d8aeae0  -  2017-07-05 22:49:51+02:00, e72c42eb18ba106b86c953a476a95096156a484b  -  2017-07-12 18:58:20+02:00, 1ea1425d15a7bc0e0ed3ef0f66a42a643fbca9a5  -  2017-07-12 20:20:22+02:00, f8bd51b5a34b487bb5a0b5ade44eae8073ede0c0  -  2017-07-12 21:09:39+02:00, 7c3eedb20b287c5b3e026eaebf657e3c38981329  -  2017-07-12 23:55:49+02:00, 947879849fca6fe50cda1691ceeddee7625132c7  -  2017-07-19 14:23:50+02:00, 8c62e0aad10ef82e8bc0fd6a6c2663ac98d24045  -  2017-07-15 16:44:46+02:00, c5897e8c149563763990cc2c135c72fdabb8f736  -  2017-07-15 15:47:46+02:00, 99fb4b57f8d951c5f143f7873749eaf71ae5895e  -  2017-07-15 15:47:10+02:00, 786d7abfcd7f901e4f9fb10bea45e5de99691057  -  2017-07-15 23:44:48+02:00, 9a1ede8d14fd13985f93a7dc4deeaccd3ae13ba8  -  2017-07-25 00:54:33+02:00, 6ea9606489e91abd006ee4b5d2f4c73b767993a5  -  2017-07-26 14:49:18+02:00, 3e63f6c438d6e5faba69881c102aba2cd1cc03fd  -  2017-07-26 15:19:45+02:00, cfd6b138d60ff7c7a7d3f440da8dee7374795098  -  2017-07-20 21:51:44+02:00, 55839b633fc96fc951ae9e05fd3cf12629cb5c50  -  2017-07-26 20:40:55+02:00, fd9581a34e5665958939e3db408893fd4fac7398  -  2017-07-29 21:29:14+02:00, 97c6bd01990090d4015364ae37dd141f3c39a30f  -  2017-08-02 15:16:36+02:00, a704c940a4247f6e7da6ba1e2fa66981916fa728  -  2017-08-12 20:56:14+02:00, 3bdb11fc86db010f83bdd7b5f4c20083562c1ec8  -  2017-08-19 16:08:00+02:00, b3db463e0d912c73f3093f69cfe8a3f83b242f0f  -  2017-08-23 16:02:40+02:00, bc6468d23073d133ef1b439b5049c7f609595087  -  2017-08-29 00:39:58+02:00, 36ea43dac484e366f6dcd6670a29b3701b721dc5  -  2017-09-02 23:12:09+02:00, ccbbca1b0de44d1799ef839c8a92c59cf2e96687  -  2017-09-02 23:43:30+02:00, 99040081987741cbfe8db7114d1988fd0ccf60b7  -  2017-09-02 23:45:05+02:00, 1be39b802fdd24af2c827fc8aaa5cbcb13f19f14  -  2017-09-02 23:47:15+02:00, bcf55a6957ec346c537448aeefe3f69282fc1a60  -  2017-09-02 23:47:37+02:00, ee4dde80a60cece51419aa2751e194eb5f4f2b10  -  2017-09-02 23:49:11+02:00, d70048eb576afa30830d72cd0f36a858c53af36b  -  2017-09-02 23:49:38+02:00, 9ea945a09756d0d224cf868388f80ae31cf498ee  -  2017-09-02 23:50:25+02:00, 4b714882ed4da0e9cea4971fb004a25dec8688f1  -  2017-09-02 23:54:56+02:00, 8a5155b2a10184c0765a7f6ff991c28b34761d82  -  2017-09-02 23:57:43+02:00, 07654466ec40ea2080357da5d1656942ee40850d  -  2017-09-02 23:58:12+02:00, 2159f095594311dcc6fa8496ec9b4f9e4734f0d5  -  2017-09-02 23:58:58+02:00, c68866eb6b29b90ebf359465b9b0a28655cfbd6d  -  2017-09-03 00:00:04+02:00, 55e07f6475291d8b6372ff232640f42200e3a1ec  -  2017-09-03 00:01:23+02:00, 3ca6da4be479bca9531582ddd503dd2f3031177b  -  2017-09-03 00:03:06+02:00, 3bb138b6f97c378f9a774b4791e80a9566deb749  -  2017-09-03 00:03:44+02:00, 76515bcce3b0c46829475a1a162c9163a7399843  -  2017-09-03 00:04:26+02:00, b17eb0c608708f81e80ef4096de3b2aea0b5ec7c  -  2017-09-03 00:04:51+02:00, bc913b754ba2b66a7b9da94f26a7b0986ed3e5df  -  2017-09-03 00:05:21+02:00, 385d12e54b75d91260ca9b54fd5e7f5c871bb357  -  2017-09-03 00:07:50+02:00, 03d005428bba75648dc4dfe566a2abdb58e08903  -  2017-09-03 00:08:30+02:00, a64cd548ff9e24bf8f890e0a26ac8e7bf21881bf  -  2017-09-03 00:08:59+02:00, 77d81eedd0bdacb19e8cc22137bddcd333464747  -  2017-09-03 00:10:13+02:00, d47b8ffd76ab46bb3766b690573231b13e1914ba  -  2017-09-03 00:10:53+02:00, 8b1f11301c94086d2ff24d5ef389dfebbbf5b7e6  -  2017-09-03 00:11:22+02:00, 96a896c0ace2204b1f2b2c84bdda19253fdcacf0  -  2017-09-03 00:12:13+02:00, 9c38288e92c63adf07b6141c6d1415216cfeb371  -  2017-09-03 00:12:49+02:00, a7c6fd0bea7f4ba316a013f809508d816ed85e92  -  2017-09-03 00:13:15+02:00, 7cabfa8d515463fe0f43b1b2006e74b68a0d15a5  -  2017-09-03 00:13:59+02:00, 6d7127b954118bc7364fd8b024df89c9d0446586  -  2017-09-03 00:16:18+02:00, 9bdd4f873527f867cd5aaf07589c6147c21e6942  -  2017-09-03 00:17:25+02:00, ac74e35ef5712a2d11434bd6fe3b1a092284fdd5  -  2017-09-03 00:18:42+02:00, b38e99e5dcf3bc07c382d13e213e6a1e3aa6f5ce  -  2017-09-03 00:19:24+02:00, 7d8b97c63cb0ffe192a25b2b4e7fc12effd755af  -  2017-09-03 00:20:03+02:00, b84e49e9b007fe880e31a818595597cfc9c0f517  -  2017-09-03 00:21:02+02:00, 193783c0951176ede236babfd44d1c9813526b83  -  2017-09-03 00:22:31+02:00, 17c73855d9beb2b9fefd65667ef31b1506a988fb  -  2017-09-03 00:23:38+02:00, eabed9b164ab5fd02dc0dc4e7a1ed8457befb8df  -  2017-09-03 00:24:31+02:00, a8faa471f9ff5dc2ca569b644fc2e7b33358b7ba  -  2017-09-03 00:25:27+02:00, 2b691a21a62af5b91196d4e22486bcb19ada3964  -  2017-09-03 00:26:10+02:00, 7141b719f1ef47f77a57768fc79419e3a14013f4  -  2017-09-03 00:26:52+02:00, b656569973bae4837350e6c78533cea6343ecfef  -  2017-09-03 00:27:23+02:00, 99ab4fbdcfe6e7af5d1bd5b64f0147ec39f75d6d  -  2017-09-03 00:28:05+02:00, 1ef03d288a7a2996b2eeeff8ed2be3107170c00b  -  2017-09-03 00:29:06+02:00, 6ac5f768bd5fb67ba27b0044f685ad6c5d679624  -  2017-09-03 00:31:18+02:00, 6e24ac372ac5d8649078de4e7f502035398afea7  -  2017-09-03 00:32:19+02:00, 20545d2a1287f29d67f0547d04ff95660fe18733  -  2017-09-03 00:34:10+02:00, 2966694ae21afab7260221ffb7a0beecb57bee71  -  2017-09-03 00:35:59+02:00, db555b241760130ce2e1f176bee9e335100d8775  -  2017-09-03 00:36:25+02:00, 65e59800312ecc150a3a7b6963cc21680757fd41  -  2017-09-03 00:38:07+02:00, 8117ff68f40dd796b6ce519e4e448a5ab3c4e9c5  -  2017-09-03 00:38:29+02:00, 2eb6f725b31ac87e709969dc6d0043ee89a099e5  -  2017-09-03 00:39:21+02:00, 0d550b813af612f4f5561eaaf6bcc1b239a2b16b  -  2017-09-03 00:40:24+02:00, 60274e52d4e7cffd89dcab378188e9610709480e  -  2017-09-03 00:41:28+02:00, b411084c2cd22672bacfb991b2588cd6b517c282  -  2017-09-03 00:47:02+02:00, 09768034fd42d9e199d43d1cc37f942273dbc881  -  2017-09-03 00:48:06+02:00, cde2d9a01e1f39ef82278c2d6efc3fef248ad639  -  2017-09-03 00:52:53+02:00, fcb7cf066cbf47a132ae8555fb69483a033be441  -  2017-09-03 00:54:54+02:00, cefb16f3fc5877ebba0dfe64432087f5c2a5a0f5  -  2017-09-03 00:59:25+02:00, 76a5a5939a3e03e9a9e03c05d080cb02983021df  -  2017-09-03 01:03:59+02:00, 5d2a89149c9596b66eff21cd9d0f7d1bcc410b90  -  2017-09-03 01:08:44+02:00, fd7102c7d234548bdef51c671b4a09d8aca710f4  -  2017-09-03 01:11:29+02:00, 4c03de1c886fb49ca33ef135d1620a833e25e558  -  2017-09-03 01:12:46+02:00, 52fed1f41463c17694ee843c013a37b2d21d437c  -  2017-09-03 01:14:48+02:00, e005b828e1115275cb6062fa2ad5a231f34921de  -  2017-09-03 01:15:57+02:00, 2447802e498e1bd6d8e2bbf434a1876cfffb8f23  -  2017-09-03 01:16:23+02:00, 1a8f6a0dae3ac23a97629a824324bf53150eb711  -  2017-09-03 01:20:52+02:00, c061614a1ca190604e1a3ca6e1fcfa096c0c60a6  -  2017-09-03 01:21:33+02:00, e70777aabee8e6ce76835cd991c0219dddd8f07e  -  2017-09-03 01:23:02+02:00, 0729b1c426cd47e5c2d081698da255d1fa746a3b  -  2017-09-03 01:23:52+02:00, 71afbbcf42796c84eca551b91951701a948edbc4  -  2017-09-03 01:25:10+02:00, d86272dba9eb09604fd7beb106110e75954bab8c  -  2017-09-03 01:25:46+02:00, 530a5ff6d976996456f39027ccb761fd6bf7fb34  -  2017-09-03 01:26:32+02:00, c4e5c7e0a66c68651446ad57a6648a3b7c79bd63  -  2017-09-03 01:27:04+02:00, 8ed0c56ee39a54e9737674696403a4b68d4fd110  -  2017-09-03 01:28:09+02:00, 3ceec918be1b65c3555b3410268a1751222138cd  -  2017-09-03 01:29:12+02:00, 7c3ece72fa14262331680b7baaaa5510e504b0e8  -  2017-09-03 01:31:23+02:00, 52b69d2905f4e8bec833ca4af5c9103e3cc4c7de  -  2017-09-03 01:32:04+02:00, c1040d02fac9200792396a146561b00dc19dd2cd  -  2017-09-03 01:32:36+02:00, a436b9458223b8c1f75268e1523160df40515830  -  2017-09-03 01:32:55+02:00, 01ab82f4966b844008620dfc906ba21c25627e82  -  2017-09-03 01:33:16+02:00, f71b05f38a74ed53213a762902793dc97e178275  -  2017-09-03 01:34:22+02:00, 588570c96f94cd3b59af22e3c8ed0a2575934632  -  2017-09-03 01:35:59+02:00, 6472431ab72d166b583b158a94fc67990f7a61a9  -  2017-09-03 01:36:33+02:00, a0d9d36652636f1c8139874f835b7fb20a667f92  -  2017-09-03 01:36:59+02:00, 28fd39ca7ddee260c42b5fdf5229beba16d9b1bb  -  2017-09-03 01:38:02+02:00, 71950e96befd261a7a289f86d9f82f3192bd62c7  -  2017-09-03 01:38:29+02:00, 89017e2b1f6d483eb7593f48cf38d2a6e9f85018  -  2017-09-03 01:38:45+02:00, fe9deeeb799966465c6a43b7141181c28c4b944c  -  2017-09-03 01:39:28+02:00, 9cc3ded1b8455489867ee0bb6db8d304b6229e86  -  2017-09-03 01:40:08+02:00, 66f64e58f838f1933b28981d545dc19c518c8b0b  -  2017-09-03 01:46:02+02:00, 598be69685a94bb924a7a400557b7e249e1e6117  -  2017-09-03 01:49:23+02:00, a6f25bc39fb6b82f9ac63e81945bf75e4e68a2ac  -  2017-09-03 01:54:28+02:00, a80b20988459c13c9cbf6b7a4824c45c3487ecf4  -  2017-10-24 22:46:30+02:00, 5c224d67ec8a074c47d3c1a54c467b2c5922dd8f  -  2017-10-24 22:49:31+02:00, 4cf92e08cfa3a8eab097a3339a0157999ea2334b  -  2017-10-25 14:06:49+02:00, 5f9bc4836f84d17804d93c7f6760e2a9e4528f05  -  2017-10-31 15:54:52+01:00, fc9fe8f17c79f29110bc8b63d47403681ad7764d  -  2017-12-03 17:26:44+01:00, 50f4e1695fda3b8b409787de0b35eb920cadfc41  -  2018-08-06 20:45:36+02:00, 39e487da353b20bb3a724311d179ba0fddffc65b  -  2018-08-12 21:04:35+02:00, c39d391550141fc98901df1c894403acc5438d2b  -  2018-10-21 14:33:25+02:00, 11f8838bf99ea0a6f0b76f9760c43704d00c4ff6  -  2019-06-12 15:42:22+02:00, d3b78b42a2dcdea98e22625cfff67a49d47e6025  -  2019-06-19 18:33:02+02:00, 94ea91cf6aca95fe8235d8a74b79edda936cdda5  -  2019-06-29 22:40:04+02:00, eef2b1293590bf00b635c781764f28dc16d72a8c  -  2019-06-29 22:41:54+02:00, 0117f01906c9b52a15433314f5908c0f2aac780d  -  2019-07-01 20:15:11+02:00, 3053f53d34a7a8867a16e63a1305fe98d05491e2  -  2019-07-28 00:07:40+02:00, 4007706509c7e9f19d0ab6d2074c765fda88a5b2  -  2019-07-31 20:15:38+02:00, 8a935ff9ab91228e69d5fcc762151298f8561b67  -  2019-08-07 19:50:24+02:00, c20b758c332d9a13afbbb276d30db1d183a85d43  -  2019-08-28 00:24:59+02:00, a5414b759d34045e783bd20e2e170fbb741cdebe  -  2019-09-13 21:49:44+02:00, 25c96511a00e85aba8800f3d4ee15e011bd569ed  -  2019-09-13 21:49:44+02:00, d05afa582966455a9cc3cd8874f142fd1c96c1f3  -  2019-09-29 19:23:24+02:00, 24a912c12cc84c32d190b029892c0707ea5ba766  -  2019-09-29 19:25:54+02:00, fc32dd491cc2ff2e59aafc9bfbc9b67072e2dae5  -  2019-10-12 00:02:07+02:00, 515f5d07c698d041cad5ec868002e6497be1c764  -  2019-10-26 14:43:57+02:00, ef09dbabd409f7b4d42c40c03b74f718aa1b17c1  -  2020-03-19 15:22:58+01:00, 13bb381d296ef8da09a3f00f5b23724b5deb6a38  -  2020-05-27 20:28:06+02:00, fc0e2365c90941ac213683fb1372b728879bb44e  -  2020-07-16 21:09:00+02:00, 3af8f46e3ffd2e85b36d80b3d2e2ba49ce9c833f  -  2020-10-02 19:44:06+02:00, ea60ef34a77d16af12c788eda913a1a3e5157ca0  -  2020-10-03 21:18:16+02:00",32.362545824174475,1.0,Misto,Colaborador
Sebastian Pipping,xmlparse.c,,,COMPILING_FOR_WINDOWS,,,,,,Colaborador
Sebastian Pipping,xmlparse.c,,,WIN32,,,,,,Colaborador
Sebastian Pipping,xmlparse.c,,,(__UINTPTR_TYPE__),,,,,,Colaborador
Sebastian Pipping,xmlparse.c,,,defined(_WIN64) && defined(_MSC_VER),,,,,,Colaborador
Sebastian Pipping,xmlparse.c,,,defined(__WATCOMC__),,,,,,Colaborador
Sebastian Pipping,xmlparse.c,,,_WIN32,,,,,,Colaborador
Sebastian Pipping,xmlparse.c,,,(HAVE_GETRANDOM),,,,,,Colaborador
Sebastian Pipping,xmlparse.c,,,defined(HAVE_GETRANDOM),,,,,,Colaborador
Sebastian Pipping,xmlparse.c,,,(HAVE_ARC4RANDOM_BUF) && (HAVE_LIBBSD),,,,,,Colaborador
Sebastian Pipping,xmlparse.c,,,(HAVE_ARC4RANDOM_BUF) || (__CloudABI__),,,,,,Colaborador
Sebastian Pipping,xmlparse.c,,,__CloudABI__,,,,,,Colaborador
Sebastian Pipping,xmlparse.c,,,(HAVE_GETRANDOM) || (HAVE_SYSCALL_GETRANDOM),,,,,,Colaborador
Sebastian Pipping,xmlparse.c,,,defined(HAVE_GETRANDOM) || defined(HAVE_SYSCALL_GETRANDOM),,,,,,Colaborador
Sebastian Pipping,xmlparse.c,,,XML_UNICODE,,,,,,Colaborador
Sebastian Pipping,xmlparse.c,,,defined(MACOS_CLASSIC),,,,,,Colaborador
Sebastian Pipping,xmlparse.c,,,defined(__amigaos__),,,,,,Colaborador
Sebastian Pipping,xmlparse.c,,,!(HAVE_GETRANDOM) && !(HAVE_SYSCALL_GETRANDOM) \,,,,,,Colaborador
Sebastian Pipping,xmlparse.c,,,(NDEBUG),,,,,,Colaborador
Sebastian Pipping,xmlparse.c,,,!(_GNU_SOURCE),,,,,,Colaborador
Sebastian Pipping,xmlparse.c,,,(HAVE_ARC4RANDOM_BUF),,,,,,Colaborador
Sebastian Pipping,xmlparse.c,,,(HAVE_ARC4RANDOM),,,,,,Colaborador
Sebastian Pipping,xmlparse.c,,,(HAVE_LIBBSD) \,,,,,,Colaborador
Sebastian Pipping,xmlparse.c,,,defined(HAVE_ARC4RANDOM),,,,,,Colaborador
Sebastian Pipping,xmlparse.c,,,(_WIN32) && !(LOAD_LIBRARY_SEARCH_SYSTEM32),,,,,,Colaborador
Sebastian Pipping,xmlparse.c,,,! (HAVE_ARC4RANDOM_BUF) && ! (HAVE_ARC4RANDOM),,,,,,Colaborador
Sebastian Pipping,xmlparse.c,,,! (_WIN32),,,,,,Colaborador
Sebastian Pipping,xmlparse.c,,,! (_WIN32) && (XML_DEV_URANDOM),,,,,,Colaborador
Sebastian Pipping,xmlparse.c,,,XML_DTD,,,,,,Colaborador
Sebastian Pipping,xmlparse.c,,,(_WIN32) && (_MSC_VER) && (_MSC_VER < 1600),,,,,,Colaborador
James Clark,xmlparse.cpp,4,True,XML_DTD,1,92e910d8be604a39042560a261cbca70e02df4a0  -  1999-10-13 10:50:48+00:00,4.332499755040257,1.0,Misto,Autor
James Clark,xmlparse.cpp,,,XML_NS,,,,,,Autor
James Clark,xmlparse.cpp,,,XML_UNICODE,,,,,,Autor
James Clark,xmlparse.cpp,,,XML_UNICODE_WCHAR_T,,,,,,Autor
James Clark,xmlrole.c,3,True,_MSC_VER,18,"a5be2324445a2764d58ae4e5c834fafff3e672c2  -  1997-11-15 01:05:11+00:00, 7af19499b0d46e1d4ebc59b897005b86063c5128  -  1997-11-15 05:30:55+00:00, 9f41c277f9c936c607b7d06b40daa88ee091e449  -  1997-12-10 07:44:19+00:00, b2eeefe571ad89eece362565066cfce9944e2d61  -  1997-12-12 00:48:27+00:00, b07d0e520811d83b792124ab09a574d779efc7d5  -  1997-12-13 06:39:04+00:00, 2fd2484a0a7b479467cffbf66a64c1e14152a1ad  -  1998-01-30 19:11:39+00:00, 34e680d0b718c65deec5cd26d814f143808284ac  -  1998-03-08 03:39:32+00:00, d4ee1a1ee1b6d0ffe4060dff2c1a398b77bb8f53  -  1998-04-05 15:11:29+00:00, 6ff56dc9dc1f24271821ad60796b21aa60d680d6  -  1998-06-01 03:59:07+00:00, 9f521719014f96bc22ba720a3fcc82dc7c6f0fb4  -  1998-08-22 22:40:45+00:00, 973ad606fde0f7b553a413409b28096032d4aa95  -  1999-05-29 02:19:21+00:00, 7488411c110d247ed88a278b4aa199b4ad91a512  -  1999-06-25 10:58:20+00:00, 3dc87550a7751cd3d74580595ac70f56563cc054  -  1999-06-25 14:28:06+00:00, a5634c52eae01c32c7a53013b87561b78b1ab65e  -  1999-06-26 11:29:49+00:00, 55ec9989e5ecd0ccabe621d139ba7c3df384de89  -  1999-10-13 03:58:17+00:00, 4e9aea4c1b2c04bb101a829b9c364e144f90b83e  -  2000-04-21 03:58:42+00:00, 8fd4a833187f53e02b6fe2b1513ea47a780293c4  -  2000-04-21 04:20:31+00:00, dfd331cf71628e696b3523e309e42da74253f28b  -  2000-05-12 05:56:27+00:00",6.192690420755588,1.0,Misto,Autor
James Clark,xmlrole.c,,,MIN_BYTES_PER_CHAR,,,,,,Autor
James Clark,xmlrole.c,,,XML_DTD,,,,,,Autor
James Clark,xmltok.c,9,True,UNICODE,56,"cc8670632848c642cefa410b4d5c87dfc33bc12b  -  1997-11-04 05:43:56+00:00, 7e8cd9500b89d9ef6ec733f3b0e158bee4a4cf67  -  1997-11-04 11:05:07+00:00, 9ecf53290886ef13aab2a047b1403055e707ef47  -  1997-11-10 06:10:50+00:00, 69f024438207f34c1f901bd525e1fb25b7cbf19a  -  1997-11-11 05:53:20+00:00, 84be77b536589cb4de709281600f3d4743b45def  -  1997-11-11 06:41:38+00:00, 9651443ca7e1384b2973a7e8a745e8ab3650cce9  -  1997-11-12 10:38:58+00:00, 9501138aae44531844959be873943fb088b40d9e  -  1997-11-13 09:05:46+00:00, 9f41c277f9c936c607b7d06b40daa88ee091e449  -  1997-12-10 07:44:19+00:00, 8b6b5840ee63e7bfd57a04d30d3ced7aa621f332  -  1997-12-10 07:57:10+00:00, dc8aa626cc0f93638896578fd64e6011434a5f7f  -  1997-12-10 14:19:33+00:00, db6a73f853760ccab1bc113b7d21c4542b8479ef  -  1997-12-11 14:16:35+00:00, 2ec75e44bcc1747c7105900dbb241e9755ea0179  -  1998-01-22 08:22:40+00:00, 56440b93f33cc8198219ce97fc82266f60796eaf  -  1998-01-22 08:35:51+00:00, c70ed036c98d5454b9d5b5ded9b449f70769c204  -  1998-02-02 10:35:37+00:00, fdad370c5b718bcf1aad9478d3c4c68c00498219  -  1998-02-02 11:14:46+00:00, 332b10d36c6def31ff97a3b312e8c68acd6d6bc2  -  1998-02-02 11:24:03+00:00, b1c9b03eba62a6decf74d3c00acb3eb329bcc5ec  -  1998-02-03 10:04:03+00:00, 0a8e3db8c7411c197e93f9b8e89dcad820243a0d  -  1998-02-07 04:53:44+00:00, 34e680d0b718c65deec5cd26d814f143808284ac  -  1998-03-08 03:39:32+00:00, 6509a36b3f9bb882c11b6faa31ef7718261a9270  -  1998-03-15 12:36:14+00:00, f9ba46fd43fbd6b961d46de89dbe3904c3d4edb8  -  1998-03-23 23:42:30+00:00, d4ee1a1ee1b6d0ffe4060dff2c1a398b77bb8f53  -  1998-04-05 15:11:29+00:00, fa8b616b9c9b0a5a843c5c32e90501b083d9c128  -  1998-05-02 05:31:15+00:00, d504c1c894effba35c6d07b2f9ce0eca5f1474e7  -  1998-05-11 10:16:36+00:00, 583f937102f5f95e41dbd0e6f4ffb9d3323db3aa  -  1998-05-30 10:13:07+00:00, c230dddef942e67c5f024742916321d6f161fe15  -  1998-05-30 12:47:06+00:00, a2625a057259efa73972cca91d6f2e61bd80abcf  -  1998-05-31 08:06:01+00:00, 496af54711eb153a26f0cebedb0a755c926ff723  -  1998-06-01 05:55:23+00:00, 3a10246912412b2cc6b6fd52dfc768b69a3a8b49  -  1998-06-01 07:28:31+00:00, 9efc5049a8681708a7726383fe7693e5d00faa96  -  1998-06-01 12:12:35+00:00, 84835ac373b2b82260078286d6c09e155565d502  -  1998-06-02 08:57:14+00:00, 0e864d50fbfdd2479a06b81c769b8d8a1347ce30  -  1998-06-03 07:52:49+00:00, 939ec46566908f194a645977d387f4de400e2431  -  1998-06-03 08:25:08+00:00, 75405cf655eca59fd62efccf186da74765f23d04  -  1998-06-23 04:54:38+00:00, 2844be94b79283d7d3e8db9cd10c8ba28a93c803  -  1998-06-26 14:57:49+00:00, 9f521719014f96bc22ba720a3fcc82dc7c6f0fb4  -  1998-08-22 22:40:45+00:00, 947cd0feac08534d760b880a9fa6f9e1d4f21105  -  1998-11-17 09:51:18+00:00, 6203e0f8ca1081117e8fb4d5911b14cbb5927014  -  1998-11-17 12:42:16+00:00, 56d37f2f3811357d0e975364c0b2facb5261a084  -  1998-11-20 23:33:09+00:00, ee0c6abbc1d25ef2489b6e4e8d9f945c81458214  -  1998-11-24 04:42:51+00:00, ee62d4d2b19427a90298e74efb30ec5e20c47391  -  1998-11-24 07:12:19+00:00, 9d6ef1e3c7136edf39a0aabb922aae641cb0b329  -  1998-11-24 07:12:56+00:00, 39603886d37c440d1efe1251f8232f298969504a  -  1998-12-30 08:57:44+00:00, 08d228d2660dd65cc577503322c6de08476f2238  -  1998-12-30 09:14:21+00:00, 694bd5eee6f23bf80f99d542496ab01fd41b53b2  -  1999-03-06 05:42:52+00:00, e52f6237f69fab78ebedfe8f5f737bfc2242a8c7  -  1999-03-08 01:20:37+00:00, a7cd413a1ec992c2ba00aec16e70f9c16f9fac85  -  1999-05-29 02:19:21+00:00, 0f5256c93688f599d1d9a7073683260b64319d87  -  1999-06-02 10:36:45+00:00, 6695c33dedbac2aff2b52febb5c92d36edfbb382  -  1999-06-02 11:20:06+00:00, 7488411c110d247ed88a278b4aa199b4ad91a512  -  1999-06-25 10:58:20+00:00, 3dc87550a7751cd3d74580595ac70f56563cc054  -  1999-06-25 14:28:06+00:00, 5bff01f98f14622c1a7a6e473158eee83787a723  -  1999-09-22 03:30:35+00:00, 55ec9989e5ecd0ccabe621d139ba7c3df384de89  -  1999-10-13 03:58:17+00:00, 4e9aea4c1b2c04bb101a829b9c364e144f90b83e  -  2000-04-21 03:58:42+00:00, 8fd4a833187f53e02b6fe2b1513ea47a780293c4  -  2000-04-21 04:20:31+00:00, 3b0208f5d2b7ec038bfc56e8551f375f5dba02e9  -  2000-05-08 04:26:17+00:00",12.176496466632642,1.0,Misto,Autor
James Clark,xmltok.c,,,_MSC_VER,,,,,,Autor
James Clark,xmltok.c,,,BYTE_ORDER == 21,,,,,,Autor
James Clark,xmltok.c,,,XMLNS,,,,,,Autor
James Clark,xmltok.c,,,XMLSMALL,,,,,,Autor
James Clark,xmltok.c,,,XML_NS,,,,,,Autor
James Clark,xmltok.c,,,XML_MIN_SIZE,,,,,,Autor
James Clark,xmltok.c,,,XML_DTD,,,,,,Autor
James Clark,xmltok.c,,,XML_DTD /* FIXME */,,,,,,Autor
James Clark,xmltok_impl.c,5,True,PREFIX,41,"7834fbbf8adf0cfd7a0fa209c5b04351553b1287  -  1997-11-10 06:10:11+00:00, 16e9434927be6d833b4c4d6484ec41253ec70804  -  1997-11-10 12:43:24+00:00, 69f024438207f34c1f901bd525e1fb25b7cbf19a  -  1997-11-11 05:53:20+00:00, 9651443ca7e1384b2973a7e8a745e8ab3650cce9  -  1997-11-12 10:38:58+00:00, 9501138aae44531844959be873943fb088b40d9e  -  1997-11-13 09:05:46+00:00, a2c83c96b51d6ddbddc393d389912e55cc876056  -  1997-11-13 11:45:31+00:00, 8a1833a65fa1277c9b807471a274d34b5f283365  -  1997-11-14 05:24:37+00:00, 9f41c277f9c936c607b7d06b40daa88ee091e449  -  1997-12-10 07:44:19+00:00, 8b6b5840ee63e7bfd57a04d30d3ced7aa621f332  -  1997-12-10 07:57:10+00:00, dc8aa626cc0f93638896578fd64e6011434a5f7f  -  1997-12-10 14:19:33+00:00, b2eeefe571ad89eece362565066cfce9944e2d61  -  1997-12-12 00:48:27+00:00, 2a4f91e330fb0028c139244e8ca732de8cb47c72  -  1997-12-12 09:17:24+00:00, 3cc8d0075adfc359f944e611a6ff6854490eadc9  -  1998-02-02 09:29:51+00:00, 7cf6cf3188b89f455a9082e19ccac02c375b286f  -  1998-02-02 11:15:15+00:00, 332b10d36c6def31ff97a3b312e8c68acd6d6bc2  -  1998-02-02 11:24:03+00:00, 2f74758c1f24a57f2c157abd4e7716ffa13f27b7  -  1998-02-03 09:09:48+00:00, b1c9b03eba62a6decf74d3c00acb3eb329bcc5ec  -  1998-02-03 10:04:03+00:00, e83509516ef1c00eeecd6668ab67706a32e13b19  -  1998-02-07 05:36:06+00:00, d4ee1a1ee1b6d0ffe4060dff2c1a398b77bb8f53  -  1998-04-05 15:11:29+00:00, 7e71c8f5d56b7278e367b4e8cf14b5071c6229c5  -  1998-05-02 03:14:22+00:00, fa8b616b9c9b0a5a843c5c32e90501b083d9c128  -  1998-05-02 05:31:15+00:00, d40b82ff26c41069293d0d85e660f7c523ff5261  -  1998-05-02 06:03:28+00:00, 05fd715a1202b01bb28b783b418b9421ad30f0c7  -  1998-05-23 07:27:59+00:00, 3a10246912412b2cc6b6fd52dfc768b69a3a8b49  -  1998-06-01 07:28:31+00:00, e8ac3d8f5fbac3deff02b0590cad22f42acaa696  -  1998-06-02 04:20:08+00:00, 84835ac373b2b82260078286d6c09e155565d502  -  1998-06-02 08:57:14+00:00, 9f521719014f96bc22ba720a3fcc82dc7c6f0fb4  -  1998-08-22 22:40:45+00:00, 3f4d87b03acb18a0aefdd603db5f5e02c6a83c28  -  1998-10-30 07:02:08+00:00, fc76b09ee54686e3ecbcc88f0f56ab865a396bcc  -  1998-11-17 09:51:41+00:00, 65fc545d5ef7517016a0ee7e8b3bf860b2d92e52  -  1998-11-18 05:40:41+00:00, bf7110f695064b24ce1f6f1f7d8d27af161d2059  -  1998-11-24 04:42:40+00:00, ee62d4d2b19427a90298e74efb30ec5e20c47391  -  1998-11-24 07:12:19+00:00, 2710006ea0d5b9c9c8c0417252f7fb129fadc8a7  -  1999-01-09 01:43:27+00:00, a7cd413a1ec992c2ba00aec16e70f9c16f9fac85  -  1999-05-29 02:19:21+00:00, 51f81e81adbcf161d68c449783086b7cb71bf278  -  1999-06-02 10:45:52+00:00, 56d5132566988a814826060b141c61c9ffcb17a9  -  1999-06-02 11:12:21+00:00, 7488411c110d247ed88a278b4aa199b4ad91a512  -  1999-06-25 10:58:20+00:00, 3dc87550a7751cd3d74580595ac70f56563cc054  -  1999-06-25 14:28:06+00:00, 55ec9989e5ecd0ccabe621d139ba7c3df384de89  -  1999-10-13 03:58:17+00:00, 4e9aea4c1b2c04bb101a829b9c364e144f90b83e  -  2000-04-21 03:58:42+00:00, 8fd4a833187f53e02b6fe2b1513ea47a780293c4  -  2000-04-21 04:20:31+00:00",9.955895350041205,1.0,Misto,Autor
James Clark,xmltok_impl.c,,,IS_INVALID_CHAR,,,,,,Autor
James Clark,xmltok_impl.c,,,XMLNS,,,,,,Autor
James Clark,xmltok_impl.c,,,XML_NS,,,,,,Autor
James Clark,xmltok_impl.c,,,XML_DTD,,,,,,Autor
James Clark,xmltok_ns.c,2,True,BYTE_ORDER == 21,9,"5a9da0c257de782a51a30ea7246105ffaa7c88bf  -  1998-11-17 09:45:10+00:00, 6203e0f8ca1081117e8fb4d5911b14cbb5927014  -  1998-11-17 12:42:16+00:00, 3d10abbb60f8d748b4078c41dab8bc709f0bf524  -  1998-11-20 04:05:24+00:00, e52f6237f69fab78ebedfe8f5f737bfc2242a8c7  -  1999-03-08 01:20:37+00:00, 0333ca86c4987c661a11285c4fc30af9ce04fa04  -  1999-06-02 11:20:06+00:00, d6eeb473c47082cc3a0bce730db81fffb2676a24  -  1999-06-03 10:21:30+00:00, 55ec9989e5ecd0ccabe621d139ba7c3df384de89  -  1999-10-13 03:58:17+00:00, 4e9aea4c1b2c04bb101a829b9c364e144f90b83e  -  2000-04-21 03:58:42+00:00, 8fd4a833187f53e02b6fe2b1513ea47a780293c4  -  2000-04-21 04:20:31+00:00",5.097275617431723,1.0,Misto,Autor
James Clark,xmltok_ns.c,,,XML_BYTE_ORDER == 21,,,,,,Autor
James Clark,xmlwf.c,11,True,_MSC_VER,52,"1197596d3b880a3a2877512bbe58bf3e7db83226  -  1997-11-11 05:52:10+00:00, 9651443ca7e1384b2973a7e8a745e8ab3650cce9  -  1997-11-12 10:38:58+00:00, 9501138aae44531844959be873943fb088b40d9e  -  1997-11-13 09:05:46+00:00, cd5fb875b403c25c93a8e0d4a2b47a34ce17a38d  -  1997-11-15 00:37:29+00:00, 6a9cec2f7a0a019214cc52128f20258b70c3abc2  -  1997-11-15 02:44:29+00:00, 9f41c277f9c936c607b7d06b40daa88ee091e449  -  1997-12-10 07:44:19+00:00, 12693c93cad6cf1bddc894c889a6cb1fa3177ac6  -  1997-12-13 09:11:15+00:00, 607997679b00d689c8a13de8393f51d72bf2b41f  -  1998-02-04 05:25:27+00:00, 41400fe1ed173d2ce945f61ea18f05c9793dd889  -  1998-02-04 07:20:46+00:00, 0a8e3db8c7411c197e93f9b8e89dcad820243a0d  -  1998-02-07 04:53:44+00:00, 3be0dca473ca308d282189850a29958ccbb2ac1f  -  1998-02-07 05:36:23+00:00, 7e8d1ad72dd3a379e113f5657b50b82ced18051b  -  1998-02-09 10:25:03+00:00, 7badcb354de58dd00ed122f936bab950d58c55af  -  1998-02-09 10:33:07+00:00, 0f69f9f54b2db2bfca264df30cd6a08a8c4af889  -  1998-02-10 01:44:29+00:00, bbc00990f9b1044b0485d6ec43db7e16e51a2cf0  -  1998-02-10 01:53:54+00:00, d4ee1a1ee1b6d0ffe4060dff2c1a398b77bb8f53  -  1998-04-05 15:11:29+00:00, 586519240e75bda539bbf8c04ba6498d3d859f3e  -  1998-04-10 06:30:05+00:00, 4b8e8545c534bd2a4f51bace556657681fa048e2  -  1998-05-10 10:18:15+00:00, 28bbc4f64f34dfe652ed0311cb096d7f2c6e24f0  -  1998-05-31 11:53:28+00:00, 698686457e0af44ed61ad8ddaf4505da828b6c86  -  1998-06-01 04:33:10+00:00, 9efc5049a8681708a7726383fe7693e5d00faa96  -  1998-06-01 12:12:35+00:00, 84835ac373b2b82260078286d6c09e155565d502  -  1998-06-02 08:57:14+00:00, 6b733b9b876842b45276a0647a2d0bf7bd323b68  -  1998-06-02 09:06:22+00:00, d38e459410a85b3f2520cd2d9439a2333630c5f7  -  1998-06-03 07:04:44+00:00, 0e864d50fbfdd2479a06b81c769b8d8a1347ce30  -  1998-06-03 07:52:49+00:00, 1f49d0a36672e74c0073f790334a0dbef31ed05b  -  1998-06-03 10:16:20+00:00, 42bd1cb01c181be4eac842c182abace9cb2904da  -  1998-06-03 10:55:52+00:00, 9e2bdba5fb83dff0780777ba668c3b3c1b33fc02  -  1998-06-03 11:29:18+00:00, 508f4e99ee9fb55a843dfec3ff9bf05fbe874453  -  1998-06-17 10:04:31+00:00, 2c080dd19f7bc8bae59595bdb61787a22394fca3  -  1998-06-17 11:19:44+00:00, 5700ecb60fcd3ed0556f0eff11780820f1641a1a  -  1998-06-21 06:53:13+00:00, 9f521719014f96bc22ba720a3fcc82dc7c6f0fb4  -  1998-08-22 22:40:45+00:00, 2b1702456dab2e8de6f74e8e4e03aac87571aafd  -  1998-08-26 09:10:50+00:00, c332060f432966ee2afd58f319eaa91e3af0c0d9  -  1998-09-24 04:12:12+00:00, 7b4a0046eac55c318ec0252b958a5b7c2b2df072  -  1998-11-24 05:42:17+00:00, 11d80954537b69844b5583900759e8bbde6d095a  -  1998-11-24 15:24:59+00:00, 4b4d90b06b3192ae8e6d17c02e9bf48bf3cf2bc1  -  1998-11-25 08:31:50+00:00, 13594c689a68e06a7209f704542248699bff194d  -  1998-11-25 09:26:02+00:00, 9aad8517903039ff72bc4a9d655c43bfb9158ade  -  1999-03-07 03:33:24+00:00, 7c0757fca2f0c3410eb5cc6212bf686a554956c6  -  1999-03-07 08:44:14+00:00, d2c1656f5ffb955602cec6301f6b4c737e2f896e  -  1999-03-26 03:53:05+00:00, d4db56dd39c162e724f967fb47ec4357992d42fc  -  1999-04-20 02:52:43+00:00, f9560ef835d1546a4d65aacaf983e1a68e4f9ba0  -  1999-04-25 11:34:07+00:00, 973ad606fde0f7b553a413409b28096032d4aa95  -  1999-05-29 02:19:21+00:00, a5634c52eae01c32c7a53013b87561b78b1ab65e  -  1999-06-26 11:29:49+00:00, 5799228346610283c953c0a31cf4eb231d69a923  -  1999-06-26 12:10:00+00:00, 132c80964e74f452f7372b23bc8b488dc80e085c  -  1999-07-09 12:17:40+00:00, ab5acbf509abd1aa2aa44712ea9b8172ba41551e  -  1999-07-28 09:34:18+00:00, 3923164dc24990b6d196a31405409427ac7f1bff  -  2000-04-14 10:53:33+00:00, 4e9aea4c1b2c04bb101a829b9c364e144f90b83e  -  2000-04-21 03:58:42+00:00, 8fd4a833187f53e02b6fe2b1513ea47a780293c4  -  2000-04-21 04:20:31+00:00, dfd331cf71628e696b3523e309e42da74253f28b  -  2000-05-12 05:56:27+00:00",11.63853612105287,1.0,Misto,Autor
James Clark,xmlwf.c,,,O_BINARY,,,,,,Autor
James Clark,xmlwf.c,,,_DEBUG,,,,,,Autor
James Clark,xmlwf.c,,,_O_BINARY,,,,,,Autor
James Clark,xmlwf.c,,,WIN32,,,,,,Autor
James Clark,xmlwf.c,,,_POSIX_SOURCE,,,,,,Autor
James Clark,xmlwf.c,,,XML_UNICODE,,,,,,Autor
James Clark,xmlwf.c,,,DEBUG_UNPARSED_ENTITIES,,,,,,Autor
James Clark,xmlwf.c,,,XML_UNICODE_WCHAR_T,,,,,,Autor
James Clark,xmlwf.c,,,XMLNS,,,,,,Autor
James Clark,xmlwf.c,,,W3C14N,,,,,,Autor
